[10May2026 14:04:34.452] [main/INFO] [cpw.mods.modlauncher.Launcher/MODLAUNCHER]: ModLauncher running: args [--launchTarget, forgeclientuserdev, --version, MOD_DEV, --assetIndex, 5, --assetsDir, C:\Users\sreng\.gradle\caches\forge_gradle\assets, --gameDir, ., --fml.forgeVersion, 47.4.20, --fml.mcVersion, 1.20.1, --fml.forgeGroup, net.minecraftforge, --fml.mcpVersion, 20230612.114412]
[10May2026 14:04:34.650] [main/INFO] [cpw.mods.modlauncher.Launcher/MODLAUNCHER]: ModLauncher 10.0.9+10.0.9+main.dcd20f30 starting: java version 17.0.17 by Eclipse Adoptium; OS Windows 11 arch amd64 version 10.0
[10May2026 14:04:36.085] [main/DEBUG] [cpw.mods.modlauncher.LaunchServiceHandler/MODLAUNCHER]: Found launch services [fmlclientdev,forgeclient,minecraft,forgegametestserverdev,fmlserveruserdev,fmlclient,fmldatauserdev,forgeserverdev,forgeserveruserdev,forgeclientdev,forgeclientuserdev,forgeserver,forgedatadev,fmlserver,fmlclientuserdev,fmlserverdev,forgedatauserdev,testharness,forgegametestserveruserdev]
[10May2026 14:04:36.454] [main/DEBUG] [cpw.mods.modlauncher.NameMappingServiceHandler/MODLAUNCHER]: Found naming services : [srgtomcp]
[10May2026 14:04:36.904] [main/DEBUG] [cpw.mods.modlauncher.LaunchPluginHandler/MODLAUNCHER]: Found launch plugins: [mixin,eventbus,slf4jfixer,object_holder_definalize,runtime_enum_extender,capability_token_subclass,accesstransformer,runtimedistcleaner]
[10May2026 14:04:37.513] [main/DEBUG] [cpw.mods.modlauncher.TransformationServicesHandler/MODLAUNCHER]: Discovering transformation services
[10May2026 14:04:37.739] [main/DEBUG] [net.minecraftforge.fml.loading.FMLPaths/CORE]: Path GAMEDIR is C:\Users\sreng\time machine\run
[10May2026 14:04:37.750] [main/DEBUG] [net.minecraftforge.fml.loading.FMLPaths/CORE]: Path MODSDIR is C:\Users\sreng\time machine\run\mods
[10May2026 14:04:37.760] [main/DEBUG] [net.minecraftforge.fml.loading.FMLPaths/CORE]: Path CONFIGDIR is C:\Users\sreng\time machine\run\config
[10May2026 14:04:37.762] [main/DEBUG] [net.minecraftforge.fml.loading.FMLPaths/CORE]: Path FMLCONFIG is C:\Users\sreng\time machine\run\config\fml.toml
[10May2026 14:04:38.520] [main/DEBUG] [cpw.mods.modlauncher.TransformationServicesHandler/MODLAUNCHER]: Found additional transformation services from discovery services: 
[10May2026 14:04:38.714] [main/INFO] [net.minecraftforge.fml.loading.ImmediateWindowHandler/]: Loading ImmediateWindowProvider fmlearlywindow
[10May2026 14:04:41.659] [main/ERROR] [EARLYDISPLAY/]: WARNING : glfwInit took 2.7376655 seconds to start.
[10May2026 14:04:41.909] [main/INFO] [EARLYDISPLAY/]: Trying GL version 4.6
[10May2026 14:04:44.096] [main/INFO] [EARLYDISPLAY/]: Requested GL version 4.6 got version 4.6
[10May2026 14:04:44.732] [main/DEBUG] [cpw.mods.modlauncher.TransformationServicesHandler/MODLAUNCHER]: Found transformer services : [mixin,fml]
[10May2026 14:04:44.751] [main/DEBUG] [cpw.mods.modlauncher.TransformationServicesHandler/MODLAUNCHER]: Transformation services loading
[10May2026 14:04:44.820] [main/DEBUG] [cpw.mods.modlauncher.TransformationServiceDecorator/MODLAUNCHER]: Loading service mixin
[10May2026 14:04:44.828] [main/DEBUG] [cpw.mods.modlauncher.TransformationServiceDecorator/MODLAUNCHER]: Loaded service mixin
[10May2026 14:04:44.834] [main/DEBUG] [cpw.mods.modlauncher.TransformationServiceDecorator/MODLAUNCHER]: Loading service fml
[10May2026 14:04:44.914] [main/DEBUG] [net.minecraftforge.fml.loading.LauncherVersion/CORE]: Found FMLLauncher version 1.0
[10May2026 14:04:44.920] [main/DEBUG] [net.minecraftforge.fml.loading.FMLLoader/CORE]: FML 1.0 loading
[10May2026 14:04:44.968] [main/DEBUG] [net.minecraftforge.fml.loading.FMLLoader/CORE]: FML found ModLauncher version : 10.0.9+10.0.9+main.dcd20f30
[10May2026 14:04:45.087] [main/DEBUG] [net.minecraftforge.fml.loading.FMLLoader/CORE]: Requesting CoreMods to not apply the fix for ASMAPI.findFirstInstructionBefore by default
[10May2026 14:04:45.221] [main/DEBUG] [net.minecraftforge.fml.loading.FMLLoader/CORE]: FML found AccessTransformer version : 8.0.4+66+master.c09db6d7
[10May2026 14:04:45.291] [main/DEBUG] [net.minecraftforge.fml.loading.FMLLoader/CORE]: FML found EventBus version : 6.2.33
[10May2026 14:04:45.329] [main/DEBUG] [net.minecraftforge.fml.loading.FMLLoader/CORE]: Found Runtime Dist Cleaner
[10May2026 14:04:45.404] [main/DEBUG] [net.minecraftforge.coremod.CoreModEngine/]: CoreMods will preserve legacy behavior of ASMAPI.findFirstInstructionBefore for backwards-compatibility
[10May2026 14:04:45.406] [main/DEBUG] [net.minecraftforge.fml.loading.FMLLoader/CORE]: FML found CoreMod version : 5.2.4
[10May2026 14:04:45.423] [main/DEBUG] [net.minecraftforge.fml.loading.FMLLoader/CORE]: Found ForgeSPI package implementation version 7.0.1+7.0.1+master.d2b38bf6
[10May2026 14:04:45.470] [main/DEBUG] [net.minecraftforge.fml.loading.FMLLoader/CORE]: Found ForgeSPI package specification 5
[10May2026 14:04:45.523] [main/DEBUG] [cpw.mods.modlauncher.TransformationServiceDecorator/MODLAUNCHER]: Loaded service fml
[10May2026 14:04:45.647] [main/DEBUG] [cpw.mods.modlauncher.TransformationServicesHandler/MODLAUNCHER]: Configuring option handling for services
[10May2026 14:04:45.905] [main/DEBUG] [cpw.mods.modlauncher.TransformationServicesHandler/MODLAUNCHER]: Transformation services initializing
[10May2026 14:04:45.922] [main/DEBUG] [cpw.mods.modlauncher.TransformationServiceDecorator/MODLAUNCHER]: Initializing transformation service mixin
[10May2026 14:04:46.224] [main/DEBUG] [mixin/]: MixinService [ModLauncher] was successfully booted in cpw.mods.cl.ModuleClassLoader@70e8f8e
[10May2026 14:04:46.338] [pool-2-thread-1/INFO] [EARLYDISPLAY/]: GL info: Intel(R) Graphics GL version 4.6.0 - Build 32.0.101.7076, Intel
[10May2026 14:04:46.982] [main/INFO] [mixin/]: SpongePowered MIXIN Subsystem Version=0.8.5 Source=union:/C:/Users/sreng/.gradle/caches/modules-2/files-2.1/org.spongepowered/mixin/0.8.5/9d1c0c3a304ae6697ecd477218fa61b850bf57fc/mixin-0.8.5.jar%23128!/ Service=ModLauncher Env=CLIENT
[10May2026 14:04:47.085] [main/DEBUG] [mixin/]: Initialising Mixin Platform Manager
[10May2026 14:04:47.088] [main/DEBUG] [mixin/]: Adding mixin platform agents for container ModLauncher Root Container(ModLauncher:4f56a0a2)
[10May2026 14:04:47.094] [main/DEBUG] [mixin/]: Instancing new MixinPlatformAgentMinecraftForge for ModLauncher Root Container(ModLauncher:4f56a0a2)
[10May2026 14:04:47.101] [main/DEBUG] [mixin/]: MixinPlatformAgentMinecraftForge rejected container ModLauncher Root Container(ModLauncher:4f56a0a2)
[10May2026 14:04:47.106] [main/DEBUG] [mixin/]: Instancing new MixinPlatformAgentDefault for ModLauncher Root Container(ModLauncher:4f56a0a2)
[10May2026 14:04:47.126] [main/DEBUG] [mixin/]: MixinPlatformAgentDefault accepted container ModLauncher Root Container(ModLauncher:4f56a0a2)
[10May2026 14:04:47.143] [main/DEBUG] [cpw.mods.modlauncher.TransformationServiceDecorator/MODLAUNCHER]: Initialized transformation service mixin
[10May2026 14:04:47.145] [main/DEBUG] [cpw.mods.modlauncher.TransformationServiceDecorator/MODLAUNCHER]: Initializing transformation service fml
[10May2026 14:04:47.147] [main/DEBUG] [net.minecraftforge.fml.loading.FMLServiceProvider/CORE]: Setting up basic FML game directories
[10May2026 14:04:47.150] [main/DEBUG] [net.minecraftforge.fml.loading.FMLPaths/CORE]: Path GAMEDIR is C:\Users\sreng\time machine\run
[10May2026 14:04:47.152] [main/DEBUG] [net.minecraftforge.fml.loading.FMLPaths/CORE]: Path MODSDIR is C:\Users\sreng\time machine\run\mods
[10May2026 14:04:47.155] [main/DEBUG] [net.minecraftforge.fml.loading.FMLPaths/CORE]: Path CONFIGDIR is C:\Users\sreng\time machine\run\config
[10May2026 14:04:47.155] [main/DEBUG] [net.minecraftforge.fml.loading.FMLPaths/CORE]: Path FMLCONFIG is C:\Users\sreng\time machine\run\config\fml.toml
[10May2026 14:04:47.157] [main/DEBUG] [net.minecraftforge.fml.loading.FMLServiceProvider/CORE]: Loading configuration
[10May2026 14:04:47.186] [main/DEBUG] [net.minecraftforge.fml.loading.FMLServiceProvider/CORE]: Preparing ModFile
[10May2026 14:04:47.226] [main/DEBUG] [net.minecraftforge.fml.loading.FMLServiceProvider/CORE]: Preparing launch handler
[10May2026 14:04:47.234] [main/DEBUG] [net.minecraftforge.fml.loading.FMLLoader/CORE]: Using forgeclientuserdev as launch service
[10May2026 14:04:47.439] [main/DEBUG] [net.minecraftforge.fml.loading.FMLLoader/CORE]: Received command line version data  : VersionInfo[forgeVersion=47.4.20, mcVersion=1.20.1, mcpVersion=20230612.114412, forgeGroup=net.minecraftforge]
[10May2026 14:04:47.465] [main/DEBUG] [cpw.mods.modlauncher.TransformationServiceDecorator/MODLAUNCHER]: Initialized transformation service fml
[10May2026 14:04:47.470] [main/DEBUG] [cpw.mods.modlauncher.NameMappingServiceHandler/MODLAUNCHER]: Current naming domain is 'mcp'
[10May2026 14:04:47.502] [main/DEBUG] [cpw.mods.modlauncher.NameMappingServiceHandler/MODLAUNCHER]: Identified name mapping providers {srg=srgtomcp:1234}
[10May2026 14:04:47.511] [main/DEBUG] [cpw.mods.modlauncher.TransformationServicesHandler/MODLAUNCHER]: Transformation services begin scanning
[10May2026 14:04:47.516] [main/DEBUG] [cpw.mods.modlauncher.TransformationServiceDecorator/MODLAUNCHER]: Beginning scan trigger - transformation service mixin
[10May2026 14:04:47.525] [main/DEBUG] [cpw.mods.modlauncher.TransformationServiceDecorator/MODLAUNCHER]: End scan trigger - transformation service mixin
[10May2026 14:04:47.536] [main/DEBUG] [cpw.mods.modlauncher.TransformationServiceDecorator/MODLAUNCHER]: Beginning scan trigger - transformation service fml
[10May2026 14:04:47.540] [main/DEBUG] [net.minecraftforge.fml.loading.FMLServiceProvider/CORE]: Initiating mod scan
[10May2026 14:04:47.709] [main/DEBUG] [net.minecraftforge.fml.loading.moddiscovery.ModListHandler/CORE]: Found mod coordinates from lists: []
[10May2026 14:04:47.897] [main/DEBUG] [net.minecraftforge.fml.loading.moddiscovery.ModDiscoverer/CORE]: Found Mod Locators : (mods folder:null),(maven libs:null),(exploded directory:null),(minecraft:null),(userdev classpath:null)
[10May2026 14:04:47.906] [main/DEBUG] [net.minecraftforge.fml.loading.moddiscovery.ModDiscoverer/CORE]: Found Dependency Locators : (JarInJar:null)
[10May2026 14:04:47.996] [main/DEBUG] [net.minecraftforge.fml.loading.targets.CommonLaunchHandler/CORE]: Got mod coordinates time_machine%%C:\Users\sreng\time machine\build\resources\main;time_machine%%C:\Users\sreng\time machine\build\classes\java\main from env
[10May2026 14:04:48.036] [main/DEBUG] [net.minecraftforge.fml.loading.targets.CommonLaunchHandler/CORE]: Found supplied mod coordinates [{time_machine=[C:\Users\sreng\time machine\build\resources\main, C:\Users\sreng\time machine\build\classes\java\main]}]
[10May2026 14:04:52.378] [main/DEBUG] [net.minecraftforge.fml.loading.moddiscovery.ModFileInfo/LOADING]: Found valid mod file forge-1.20.1-47.4.20_mapped_official_1.20.1-recomp.jar with {minecraft} mods - versions {1.20.1}
[10May2026 14:04:52.488] [main/DEBUG] [net.minecraftforge.fml.loading.moddiscovery.ModFileParser/LOADING]: Considering mod file candidate C:\Users\sreng\.gradle\caches\modules-2\files-2.1\net.minecraftforge\javafmllanguage\1.20.1-47.4.20\c354b21002937b393c4f86163a98dccdf1d51e72\javafmllanguage-1.20.1-47.4.20.jar
[10May2026 14:04:52.510] [main/WARN] [net.minecraftforge.fml.loading.moddiscovery.ModFileParser/LOADING]: Mod file C:\Users\sreng\.gradle\caches\modules-2\files-2.1\net.minecraftforge\javafmllanguage\1.20.1-47.4.20\c354b21002937b393c4f86163a98dccdf1d51e72\javafmllanguage-1.20.1-47.4.20.jar is missing mods.toml file
[10May2026 14:04:52.801] [main/DEBUG] [net.minecraftforge.fml.loading.moddiscovery.ModFileParser/LOADING]: Considering mod file candidate C:\Users\sreng\.gradle\caches\modules-2\files-2.1\net.minecraftforge\lowcodelanguage\1.20.1-47.4.20\865d75f8c18329ddb31db5856701ab86609108b5\lowcodelanguage-1.20.1-47.4.20.jar
[10May2026 14:04:52.803] [main/WARN] [net.minecraftforge.fml.loading.moddiscovery.ModFileParser/LOADING]: Mod file C:\Users\sreng\.gradle\caches\modules-2\files-2.1\net.minecraftforge\lowcodelanguage\1.20.1-47.4.20\865d75f8c18329ddb31db5856701ab86609108b5\lowcodelanguage-1.20.1-47.4.20.jar is missing mods.toml file
[10May2026 14:04:52.881] [main/DEBUG] [net.minecraftforge.fml.loading.moddiscovery.ModFileParser/LOADING]: Considering mod file candidate C:\Users\sreng\.gradle\caches\modules-2\files-2.1\net.minecraftforge\mclanguage\1.20.1-47.4.20\af599930362212ae937e392709f49047e6abbbf\mclanguage-1.20.1-47.4.20.jar
[10May2026 14:04:52.885] [main/WARN] [net.minecraftforge.fml.loading.moddiscovery.ModFileParser/LOADING]: Mod file C:\Users\sreng\.gradle\caches\modules-2\files-2.1\net.minecraftforge\mclanguage\1.20.1-47.4.20\af599930362212ae937e392709f49047e6abbbf\mclanguage-1.20.1-47.4.20.jar is missing mods.toml file
[10May2026 14:04:52.935] [main/DEBUG] [net.minecraftforge.fml.loading.moddiscovery.ModFileParser/LOADING]: Considering mod file candidate C:\Users\sreng\.gradle\caches\modules-2\files-2.1\net.minecraftforge\fmlcore\1.20.1-47.4.20\e8cc697c69f3911e76caa2f005d9486597cd7448\fmlcore-1.20.1-47.4.20.jar
[10May2026 14:04:52.936] [main/WARN] [net.minecraftforge.fml.loading.moddiscovery.ModFileParser/LOADING]: Mod file C:\Users\sreng\.gradle\caches\modules-2\files-2.1\net.minecraftforge\fmlcore\1.20.1-47.4.20\e8cc697c69f3911e76caa2f005d9486597cd7448\fmlcore-1.20.1-47.4.20.jar is missing mods.toml file
[10May2026 14:04:53.065] [main/DEBUG] [net.minecraftforge.fml.loading.moddiscovery.ModFileParser/LOADING]: Considering mod file candidate C:\Users\sreng\time machine\build\resources\main
[10May2026 14:04:53.317] [main/DEBUG] [net.minecraftforge.fml.loading.moddiscovery.ModFileInfo/LOADING]: Found valid mod file main with {time_machine} mods - versions {1.20.1}
[10May2026 14:04:53.318] [main/DEBUG] [net.minecraftforge.fml.loading.moddiscovery.ModFileParser/LOADING]: Considering mod file candidate /
[10May2026 14:04:53.325] [main/DEBUG] [net.minecraftforge.fml.loading.moddiscovery.ModFileInfo/LOADING]: Found valid mod file  with {forge} mods - versions {47.4.20}
[10May2026 14:04:53.523] [main/DEBUG] [net.minecraftforge.fml.loading.moddiscovery.AbstractJarFileDependencyLocator/]: Failed to load resource META-INF\jarjar\metadata.json from forge-1.20.1-47.4.20_mapped_official_1.20.1-recomp.jar, it does not contain dependency information.
[10May2026 14:04:53.525] [main/DEBUG] [net.minecraftforge.fml.loading.moddiscovery.AbstractJarFileDependencyLocator/]: Failed to load resource META-INF\jarjar\metadata.json from , it does not contain dependency information.
[10May2026 14:04:53.528] [main/DEBUG] [net.minecraftforge.fml.loading.moddiscovery.AbstractJarFileDependencyLocator/]: Failed to load resource META-INF\jarjar\metadata.json from main, it does not contain dependency information.
[10May2026 14:04:53.529] [main/DEBUG] [net.minecraftforge.fml.loading.moddiscovery.AbstractJarFileDependencyLocator/]: Failed to load resource META-INF\jarjar\metadata.json from mclanguage-1.20.1-47.4.20.jar, it does not contain dependency information.
[10May2026 14:04:53.529] [main/DEBUG] [net.minecraftforge.fml.loading.moddiscovery.AbstractJarFileDependencyLocator/]: Failed to load resource META-INF\jarjar\metadata.json from javafmllanguage-1.20.1-47.4.20.jar, it does not contain dependency information.
[10May2026 14:04:53.531] [main/DEBUG] [net.minecraftforge.fml.loading.moddiscovery.AbstractJarFileDependencyLocator/]: Failed to load resource META-INF\jarjar\metadata.json from fmlcore-1.20.1-47.4.20.jar, it does not contain dependency information.
[10May2026 14:04:53.531] [main/DEBUG] [net.minecraftforge.fml.loading.moddiscovery.AbstractJarFileDependencyLocator/]: Failed to load resource META-INF\jarjar\metadata.json from lowcodelanguage-1.20.1-47.4.20.jar, it does not contain dependency information.
[10May2026 14:04:54.149] [main/INFO] [net.minecraftforge.fml.loading.moddiscovery.JarInJarDependencyLocator/]: No dependencies to load found. Skipping!
[10May2026 14:04:54.189] [main/DEBUG] [net.minecraftforge.fml.loading.moddiscovery.ModFileInfo/LOADING]: Found valid mod file forge-1.20.1-47.4.20_mapped_official_1.20.1-recomp.jar with {minecraft} mods - versions {1.20.1}
[10May2026 14:04:54.255] [main/DEBUG] [net.minecraftforge.fml.loading.moddiscovery.ModFile/LOADING]: Loading mod file C:\Users\sreng\.gradle\caches\forge_gradle\minecraft_user_repo\net\minecraftforge\forge\1.20.1-47.4.20_mapped_official_1.20.1\forge-1.20.1-47.4.20_mapped_official_1.20.1-recomp.jar with languages [LanguageSpec[languageName=minecraft, acceptedVersions=1]]
[10May2026 14:04:54.263] [main/DEBUG] [net.minecraftforge.fml.loading.moddiscovery.ModFileParser/LOADING]: Considering mod file candidate /
[10May2026 14:04:54.271] [main/DEBUG] [net.minecraftforge.fml.loading.moddiscovery.ModFileInfo/LOADING]: Found valid mod file  with {forge} mods - versions {47.4.20}
[10May2026 14:04:54.271] [main/DEBUG] [net.minecraftforge.fml.loading.moddiscovery.ModFile/LOADING]: Loading mod file / with languages [LanguageSpec[languageName=javafml, acceptedVersions=[24,]]]
[10May2026 14:04:55.473] [main/DEBUG] [net.minecraftforge.fml.loading.moddiscovery.ModFileParser/LOADING]: Found coremod field_to_method with Javascript path coremods/field_to_method.js
[10May2026 14:04:55.477] [main/DEBUG] [net.minecraftforge.fml.loading.moddiscovery.ModFileParser/LOADING]: Found coremod field_to_instanceof with Javascript path coremods/field_to_instanceof.js
[10May2026 14:04:55.493] [main/DEBUG] [net.minecraftforge.fml.loading.moddiscovery.ModFileParser/LOADING]: Found coremod add_bouncer_method with Javascript path coremods/add_bouncer_method.js
[10May2026 14:04:55.495] [main/DEBUG] [net.minecraftforge.fml.loading.moddiscovery.ModFileParser/LOADING]: Found coremod method_redirector with Javascript path coremods/method_redirector.js
[10May2026 14:04:55.495] [main/DEBUG] [net.minecraftforge.fml.loading.moddiscovery.ModFile/LOADING]: Found coremod coremods/field_to_method.js
[10May2026 14:04:55.495] [main/DEBUG] [net.minecraftforge.fml.loading.moddiscovery.ModFile/LOADING]: Found coremod coremods/field_to_instanceof.js
[10May2026 14:04:55.501] [main/DEBUG] [net.minecraftforge.fml.loading.moddiscovery.ModFile/LOADING]: Found coremod coremods/add_bouncer_method.js
[10May2026 14:04:55.503] [main/DEBUG] [net.minecraftforge.fml.loading.moddiscovery.ModFile/LOADING]: Found coremod coremods/method_redirector.js
[10May2026 14:04:55.503] [main/DEBUG] [net.minecraftforge.fml.loading.moddiscovery.ModFileParser/LOADING]: Considering mod file candidate C:\Users\sreng\time machine\build\resources\main
[10May2026 14:04:55.558] [main/DEBUG] [net.minecraftforge.fml.loading.moddiscovery.ModFileInfo/LOADING]: Found valid mod file main with {time_machine} mods - versions {1.20.1}
[10May2026 14:04:55.575] [main/DEBUG] [net.minecraftforge.fml.loading.moddiscovery.ModFile/LOADING]: Loading mod file C:\Users\sreng\time machine\build\resources\main with languages [LanguageSpec[languageName=javafml, acceptedVersions=[47,)]]
[10May2026 14:04:55.598] [main/DEBUG] [cpw.mods.modlauncher.TransformationServiceDecorator/MODLAUNCHER]: End scan trigger - transformation service fml
[10May2026 14:04:55.899] [main/DEBUG] [net.minecraftforge.fml.loading.LanguageLoadingProvider/CORE]: Found 3 language providers
[10May2026 14:04:55.924] [main/DEBUG] [net.minecraftforge.fml.loading.LanguageLoadingProvider/CORE]: Found language provider minecraft, version 1.0
[10May2026 14:04:55.939] [main/DEBUG] [net.minecraftforge.fml.loading.LanguageLoadingProvider/CORE]: Found language provider lowcodefml, version 47
[10May2026 14:04:55.945] [main/DEBUG] [net.minecraftforge.fml.loading.LanguageLoadingProvider/CORE]: Found language provider javafml, version 47
[10May2026 14:04:56.030] [main/DEBUG] [net.minecraftforge.fml.loading.ModSorter/]: Configured system mods: [minecraft, forge]
[10May2026 14:04:56.031] [main/DEBUG] [net.minecraftforge.fml.loading.ModSorter/]: Found system mod: minecraft
[10May2026 14:04:56.034] [main/DEBUG] [net.minecraftforge.fml.loading.ModSorter/]: Found system mod: forge
[10May2026 14:04:56.307] [main/DEBUG] [net.minecraftforge.fml.loading.ModSorter/LOADING]: Found 2 mod requirements (2 mandatory, 0 optional)
[10May2026 14:04:56.429] [main/DEBUG] [net.minecraftforge.fml.loading.ModSorter/LOADING]: Found 0 mod requirements missing (0 mandatory, 0 optional)
[10May2026 14:05:05.342] [main/DEBUG] [net.minecraftforge.fml.loading.MCPNamingService/CORE]: Loaded 33222 method mappings from methods.csv
[10May2026 14:05:05.483] [main/DEBUG] [net.minecraftforge.fml.loading.MCPNamingService/CORE]: Loaded 31003 field mappings from fields.csv
[10May2026 14:05:06.627] [main/DEBUG] [cpw.mods.modlauncher.TransformationServicesHandler/MODLAUNCHER]: Transformation services loading transformers
[10May2026 14:05:06.667] [main/DEBUG] [cpw.mods.modlauncher.TransformationServiceDecorator/MODLAUNCHER]: Initializing transformers for transformation service mixin
[10May2026 14:05:06.679] [main/DEBUG] [cpw.mods.modlauncher.TransformationServiceDecorator/MODLAUNCHER]: Initialized transformers for transformation service mixin
[10May2026 14:05:06.705] [main/DEBUG] [cpw.mods.modlauncher.TransformationServiceDecorator/MODLAUNCHER]: Initializing transformers for transformation service fml
[10May2026 14:05:06.808] [main/DEBUG] [net.minecraftforge.fml.loading.FMLServiceProvider/CORE]: Loading coremod transformers
[10May2026 14:05:06.987] [main/DEBUG] [net.minecraftforge.coremod.CoreModEngine/COREMOD]: Loading CoreMod from coremods/field_to_method.js
[10May2026 14:05:10.737] [main/DEBUG] [net.minecraftforge.coremod.CoreModEngine/COREMOD]: CoreMod loaded successfully
[10May2026 14:05:10.767] [main/DEBUG] [net.minecraftforge.coremod.CoreModEngine/COREMOD]: Loading CoreMod from coremods/field_to_instanceof.js
[10May2026 14:05:12.152] [main/DEBUG] [net.minecraftforge.coremod.CoreModEngine/COREMOD]: CoreMod loaded successfully
[10May2026 14:05:12.154] [main/DEBUG] [net.minecraftforge.coremod.CoreModEngine/COREMOD]: Loading CoreMod from coremods/add_bouncer_method.js
[10May2026 14:05:12.691] [main/DEBUG] [net.minecraftforge.coremod.CoreModEngine/COREMOD]: CoreMod loaded successfully
[10May2026 14:05:12.693] [main/DEBUG] [net.minecraftforge.coremod.CoreModEngine/COREMOD]: Loading CoreMod from coremods/method_redirector.js
[10May2026 14:05:13.850] [main/DEBUG] [net.minecraftforge.coremod.CoreModEngine/COREMOD]: CoreMod loaded successfully
[10May2026 14:05:14.024] [main/DEBUG] [cpw.mods.modlauncher.TransformStore/MODLAUNCHER]: Adding transformer net.minecraftforge.coremod.transformer.CoreModClassTransformer@48e8c32a to Target : CLASS {Lnet/minecraft/world/level/biome/Biome;} {} {V}
[10May2026 14:05:14.034] [main/DEBUG] [cpw.mods.modlauncher.TransformStore/MODLAUNCHER]: Adding transformer net.minecraftforge.coremod.transformer.CoreModClassTransformer@56f730b2 to Target : CLASS {Lnet/minecraft/world/level/levelgen/structure/Structure;} {} {V}
[10May2026 14:05:14.044] [main/DEBUG] [cpw.mods.modlauncher.TransformStore/MODLAUNCHER]: Adding transformer net.minecraftforge.coremod.transformer.CoreModClassTransformer@47311277 to Target : CLASS {Lnet/minecraft/world/effect/MobEffectInstance;} {} {V}
[10May2026 14:05:14.047] [main/DEBUG] [cpw.mods.modlauncher.TransformStore/MODLAUNCHER]: Adding transformer net.minecraftforge.coremod.transformer.CoreModClassTransformer@7930ffa9 to Target : CLASS {Lnet/minecraft/world/level/block/LiquidBlock;} {} {V}
[10May2026 14:05:14.052] [main/DEBUG] [cpw.mods.modlauncher.TransformStore/MODLAUNCHER]: Adding transformer net.minecraftforge.coremod.transformer.CoreModClassTransformer@1e60b459 to Target : CLASS {Lnet/minecraft/world/item/BucketItem;} {} {V}
[10May2026 14:05:14.055] [main/DEBUG] [cpw.mods.modlauncher.TransformStore/MODLAUNCHER]: Adding transformer net.minecraftforge.coremod.transformer.CoreModClassTransformer@717d7587 to Target : CLASS {Lnet/minecraft/world/level/block/StairBlock;} {} {V}
[10May2026 14:05:14.061] [main/DEBUG] [cpw.mods.modlauncher.TransformStore/MODLAUNCHER]: Adding transformer net.minecraftforge.coremod.transformer.CoreModClassTransformer@3e906375 to Target : CLASS {Lnet/minecraft/world/level/block/FlowerPotBlock;} {} {V}
[10May2026 14:05:14.063] [main/DEBUG] [cpw.mods.modlauncher.TransformStore/MODLAUNCHER]: Adding transformer net.minecraftforge.coremod.transformer.CoreModClassTransformer@40230eb9 to Target : CLASS {Lnet/minecraft/world/item/ItemStack;} {} {V}
[10May2026 14:05:14.067] [main/DEBUG] [cpw.mods.modlauncher.TransformStore/MODLAUNCHER]: Adding transformer net.minecraftforge.coremod.transformer.CoreModClassTransformer@5b7aa898 to Target : CLASS {Lnet/minecraft/network/play/client/CClientSettingsPacket;} {} {V}
[10May2026 14:05:14.073] [main/DEBUG] [cpw.mods.modlauncher.TransformStore/MODLAUNCHER]: Adding transformer net.minecraftforge.coremod.transformer.CoreModClassTransformer@41b13f3d to Target : CLASS {Lnet/minecraft/world/level/levelgen/structure/structures/OceanMonumentPieces$OceanMonumentPiece;} {} {V}
[10May2026 14:05:14.077] [main/DEBUG] [cpw.mods.modlauncher.TransformStore/MODLAUNCHER]: Adding transformer net.minecraftforge.coremod.transformer.CoreModClassTransformer@41b13f3d to Target : CLASS {Lnet/minecraft/world/entity/monster/Spider;} {} {V}
[10May2026 14:05:14.084] [main/DEBUG] [cpw.mods.modlauncher.TransformStore/MODLAUNCHER]: Adding transformer net.minecraftforge.coremod.transformer.CoreModClassTransformer@41b13f3d to Target : CLASS {Lnet/minecraft/world/entity/monster/Zombie;} {} {V}
[10May2026 14:05:14.093] [main/DEBUG] [cpw.mods.modlauncher.TransformStore/MODLAUNCHER]: Adding transformer net.minecraftforge.coremod.transformer.CoreModClassTransformer@41b13f3d to Target : CLASS {Lnet/minecraft/world/entity/EntityType;} {} {V}
[10May2026 14:05:14.095] [main/DEBUG] [cpw.mods.modlauncher.TransformStore/MODLAUNCHER]: Adding transformer net.minecraftforge.coremod.transformer.CoreModClassTransformer@41b13f3d to Target : CLASS {Lnet/minecraft/server/commands/SummonCommand;} {} {V}
[10May2026 14:05:14.095] [main/DEBUG] [cpw.mods.modlauncher.TransformStore/MODLAUNCHER]: Adding transformer net.minecraftforge.coremod.transformer.CoreModClassTransformer@41b13f3d to Target : CLASS {Lnet/minecraft/world/entity/animal/horse/SkeletonTrapGoal;} {} {V}
[10May2026 14:05:14.095] [main/DEBUG] [cpw.mods.modlauncher.TransformStore/MODLAUNCHER]: Adding transformer net.minecraftforge.coremod.transformer.CoreModClassTransformer@41b13f3d to Target : CLASS {Lnet/minecraft/world/level/levelgen/structure/structures/SwampHutPiece;} {} {V}
[10May2026 14:05:14.103] [main/DEBUG] [cpw.mods.modlauncher.TransformStore/MODLAUNCHER]: Adding transformer net.minecraftforge.coremod.transformer.CoreModClassTransformer@41b13f3d to Target : CLASS {Lnet/minecraft/world/level/levelgen/PhantomSpawner;} {} {V}
[10May2026 14:05:14.110] [main/DEBUG] [cpw.mods.modlauncher.TransformStore/MODLAUNCHER]: Adding transformer net.minecraftforge.coremod.transformer.CoreModClassTransformer@41b13f3d to Target : CLASS {Lnet/minecraft/world/level/levelgen/PatrolSpawner;} {} {V}
[10May2026 14:05:14.112] [main/DEBUG] [cpw.mods.modlauncher.TransformStore/MODLAUNCHER]: Adding transformer net.minecraftforge.coremod.transformer.CoreModClassTransformer@41b13f3d to Target : CLASS {Lnet/minecraft/world/entity/monster/ZombieVillager;} {} {V}
[10May2026 14:05:14.112] [main/DEBUG] [cpw.mods.modlauncher.TransformStore/MODLAUNCHER]: Adding transformer net.minecraftforge.coremod.transformer.CoreModClassTransformer@41b13f3d to Target : CLASS {Lnet/minecraft/world/entity/raid/Raid;} {} {V}
[10May2026 14:05:14.114] [main/DEBUG] [cpw.mods.modlauncher.TransformStore/MODLAUNCHER]: Adding transformer net.minecraftforge.coremod.transformer.CoreModClassTransformer@41b13f3d to Target : CLASS {Lnet/minecraft/world/level/levelgen/structure/structures/WoodlandMansionPieces$WoodlandMansionPiece;} {} {V}
[10May2026 14:05:14.116] [main/DEBUG] [cpw.mods.modlauncher.TransformStore/MODLAUNCHER]: Adding transformer net.minecraftforge.coremod.transformer.CoreModClassTransformer@41b13f3d to Target : CLASS {Lnet/minecraft/world/level/levelgen/structure/structures/OceanRuinPieces$OceanRuinPiece;} {} {V}
[10May2026 14:05:14.193] [main/DEBUG] [cpw.mods.modlauncher.TransformStore/MODLAUNCHER]: Adding transformer net.minecraftforge.coremod.transformer.CoreModClassTransformer@41b13f3d to Target : CLASS {Lnet/minecraft/world/entity/monster/Evoker$EvokerSummonSpellGoal;} {} {V}
[10May2026 14:05:14.245] [main/DEBUG] [cpw.mods.modlauncher.TransformStore/MODLAUNCHER]: Adding transformer net.minecraftforge.coremod.transformer.CoreModClassTransformer@41b13f3d to Target : CLASS {Lnet/minecraft/world/entity/npc/CatSpawner;} {} {V}
[10May2026 14:05:14.347] [main/DEBUG] [cpw.mods.modlauncher.TransformStore/MODLAUNCHER]: Adding transformer net.minecraftforge.coremod.transformer.CoreModClassTransformer@41b13f3d to Target : CLASS {Lnet/minecraft/world/entity/ai/village/VillageSiege;} {} {V}
[10May2026 14:05:14.350] [main/DEBUG] [cpw.mods.modlauncher.TransformStore/MODLAUNCHER]: Adding transformer net.minecraftforge.coremod.transformer.CoreModClassTransformer@41b13f3d to Target : CLASS {Lnet/minecraft/world/entity/animal/frog/Tadpole;} {} {V}
[10May2026 14:05:14.375] [main/DEBUG] [cpw.mods.modlauncher.TransformStore/MODLAUNCHER]: Adding transformer net.minecraftforge.coremod.transformer.CoreModClassTransformer@41b13f3d to Target : CLASS {Lnet/minecraft/world/entity/npc/Villager;} {} {V}
[10May2026 14:05:14.384] [main/DEBUG] [cpw.mods.modlauncher.TransformStore/MODLAUNCHER]: Adding transformer net.minecraftforge.coremod.transformer.CoreModClassTransformer@41b13f3d to Target : CLASS {Lnet/minecraft/server/commands/RaidCommand;} {} {V}
[10May2026 14:05:14.404] [main/DEBUG] [cpw.mods.modlauncher.TransformStore/MODLAUNCHER]: Adding transformer net.minecraftforge.coremod.transformer.CoreModClassTransformer@41b13f3d to Target : CLASS {Lnet/minecraft/world/entity/monster/Strider;} {} {V}
[10May2026 14:05:14.406] [main/DEBUG] [cpw.mods.modlauncher.TransformStore/MODLAUNCHER]: Adding transformer net.minecraftforge.coremod.transformer.CoreModClassTransformer@41b13f3d to Target : CLASS {Lnet/minecraft/world/level/NaturalSpawner;} {} {V}
[10May2026 14:05:14.418] [main/DEBUG] [cpw.mods.modlauncher.TransformStore/MODLAUNCHER]: Adding transformer net.minecraftforge.coremod.transformer.CoreModClassTransformer@41b13f3d to Target : CLASS {Lnet/minecraft/world/level/levelgen/structure/templatesystem/StructureTemplate;} {} {V}
[10May2026 14:05:14.424] [main/DEBUG] [cpw.mods.modlauncher.TransformationServiceDecorator/MODLAUNCHER]: Initialized transformers for transformation service fml
[10May2026 14:05:20.149] [main/DEBUG] [mixin/]: Processing prepare() for PlatformAgent[MixinPlatformAgentDefault:ModLauncher Root Container(ModLauncher:4f56a0a2)]
[10May2026 14:05:20.164] [main/DEBUG] [mixin/]: Processing launch tasks for PlatformAgent[MixinPlatformAgentDefault:ModLauncher Root Container(ModLauncher:4f56a0a2)]
[10May2026 14:05:20.178] [main/DEBUG] [mixin/]: Adding mixin platform agents for container SecureJarResource(minecraft)
[10May2026 14:05:20.178] [main/DEBUG] [mixin/]: Instancing new MixinPlatformAgentMinecraftForge for SecureJarResource(minecraft)
[10May2026 14:05:20.224] [main/DEBUG] [mixin/]: MixinPlatformAgentMinecraftForge rejected container SecureJarResource(minecraft)
[10May2026 14:05:20.238] [main/DEBUG] [mixin/]: Instancing new MixinPlatformAgentDefault for SecureJarResource(minecraft)
[10May2026 14:05:20.239] [main/DEBUG] [mixin/]: MixinPlatformAgentDefault accepted container SecureJarResource(minecraft)
[10May2026 14:05:20.248] [main/DEBUG] [mixin/]: Processing prepare() for PlatformAgent[MixinPlatformAgentDefault:SecureJarResource(minecraft)]
[10May2026 14:05:20.250] [main/DEBUG] [mixin/]: Adding mixin platform agents for container SecureJarResource(forge)
[10May2026 14:05:20.256] [main/DEBUG] [mixin/]: Instancing new MixinPlatformAgentMinecraftForge for SecureJarResource(forge)
[10May2026 14:05:20.256] [main/DEBUG] [mixin/]: MixinPlatformAgentMinecraftForge rejected container SecureJarResource(forge)
[10May2026 14:05:20.257] [main/DEBUG] [mixin/]: Instancing new MixinPlatformAgentDefault for SecureJarResource(forge)
[10May2026 14:05:20.257] [main/DEBUG] [mixin/]: MixinPlatformAgentDefault accepted container SecureJarResource(forge)
[10May2026 14:05:20.257] [main/DEBUG] [mixin/]: Processing prepare() for PlatformAgent[MixinPlatformAgentDefault:SecureJarResource(forge)]
[10May2026 14:05:20.258] [main/DEBUG] [mixin/]: Adding mixin platform agents for container SecureJarResource(time_machine)
[10May2026 14:05:20.263] [main/DEBUG] [mixin/]: Instancing new MixinPlatformAgentMinecraftForge for SecureJarResource(time_machine)
[10May2026 14:05:20.265] [main/DEBUG] [mixin/]: MixinPlatformAgentMinecraftForge rejected container SecureJarResource(time_machine)
[10May2026 14:05:20.271] [main/DEBUG] [mixin/]: Instancing new MixinPlatformAgentDefault for SecureJarResource(time_machine)
[10May2026 14:05:20.271] [main/DEBUG] [mixin/]: MixinPlatformAgentDefault accepted container SecureJarResource(time_machine)
[10May2026 14:05:20.273] [main/DEBUG] [mixin/]: Processing prepare() for PlatformAgent[MixinPlatformAgentDefault:SecureJarResource(time_machine)]
[10May2026 14:05:20.273] [main/DEBUG] [mixin/]: inject() running with 4 agents
[10May2026 14:05:20.274] [main/DEBUG] [mixin/]: Processing inject() for PlatformAgent[MixinPlatformAgentDefault:ModLauncher Root Container(ModLauncher:4f56a0a2)]
[10May2026 14:05:20.279] [main/DEBUG] [mixin/]: Processing inject() for PlatformAgent[MixinPlatformAgentDefault:SecureJarResource(minecraft)]
[10May2026 14:05:20.280] [main/DEBUG] [mixin/]: Processing inject() for PlatformAgent[MixinPlatformAgentDefault:SecureJarResource(forge)]
[10May2026 14:05:20.286] [main/DEBUG] [mixin/]: Processing inject() for PlatformAgent[MixinPlatformAgentDefault:SecureJarResource(time_machine)]
[10May2026 14:05:20.293] [main/INFO] [cpw.mods.modlauncher.LaunchServiceHandler/MODLAUNCHER]: Launching target 'forgeclientuserdev' with arguments [--version, MOD_DEV, --gameDir, ., --assetsDir, C:\Users\sreng\.gradle\caches\forge_gradle\assets, --assetIndex, 5]
[10May2026 14:05:22.024] [main/DEBUG] [mixin/]: Error cleaning class output directory: .mixin.out
[10May2026 14:05:22.058] [main/DEBUG] [mixin/]: Preparing mixins for MixinEnvironment[DEFAULT]
[10May2026 14:05:24.175] [main/DEBUG] [io.netty.util.internal.logging.InternalLoggerFactory/]: Using SLF4J as the default logging framework
[10May2026 14:05:24.178] [main/DEBUG] [io.netty.util.ResourceLeakDetector/]: -Dio.netty.leakDetection.level: simple
[10May2026 14:05:24.180] [main/DEBUG] [io.netty.util.ResourceLeakDetector/]: -Dio.netty.leakDetection.targetRecords: 4
[10May2026 14:05:24.390] [main/DEBUG] [oshi.util.FileUtil/]: No oshi.properties file found from ClassLoader cpw.mods.modlauncher.TransformingClassLoader@345cbf40
[10May2026 14:05:24.915] [main/DEBUG] [oshi.util.FileUtil/]: No oshi.architecture.properties file found from ClassLoader cpw.mods.modlauncher.TransformingClassLoader@345cbf40
[10May2026 14:05:25.923] [pool-4-thread-1/DEBUG] [net.minecraftforge.coremod.transformer.CoreModBaseTransformer/COREMOD]: Transforming net/minecraft/world/entity/EntityType
[10May2026 14:05:26.844] [pool-4-thread-1/DEBUG] [net.minecraftforge.coremod.transformer.CoreModBaseTransformer/COREMOD]: Transforming net/minecraft/world/level/block/LiquidBlock
[10May2026 14:05:26.918] [pool-4-thread-1/DEBUG] [net.minecraftforge.coremod.transformer.CoreModBaseTransformer/COREMOD]: Transforming net/minecraft/world/level/block/StairBlock
[10May2026 14:05:27.039] [pool-4-thread-1/DEBUG] [net.minecraftforge.coremod.transformer.CoreModBaseTransformer/COREMOD]: Transforming net/minecraft/world/level/block/FlowerPotBlock
[10May2026 14:05:28.139] [pool-4-thread-1/DEBUG] [net.minecraftforge.coremod.transformer.CoreModBaseTransformer/COREMOD]: Transforming net/minecraft/world/item/ItemStack
[10May2026 14:05:28.812] [pool-4-thread-1/DEBUG] [net.minecraftforge.coremod.transformer.CoreModBaseTransformer/COREMOD]: Transforming net/minecraft/world/entity/animal/frog/Tadpole
[10May2026 14:05:28.869] [pool-4-thread-1/DEBUG] [net.minecraftforge.coremod.transformer.CoreModBaseTransformer/COREMOD]: Transforming net/minecraft/world/item/BucketItem
[10May2026 14:05:30.358] [pool-4-thread-1/DEBUG] [net.minecraftforge.coremod.transformer.CoreModBaseTransformer/COREMOD]: Transforming net/minecraft/world/entity/monster/Spider
[10May2026 14:05:30.445] [pool-4-thread-1/DEBUG] [net.minecraftforge.coremod.transformer.CoreModBaseTransformer/COREMOD]: Transforming net/minecraft/world/entity/monster/Zombie
[10May2026 14:05:30.464] [Datafixer Bootstrap/INFO] [com.mojang.datafixers.DataFixerBuilder/]: 188 Datafixer optimizations took 241 milliseconds
[10May2026 14:05:30.499] [pool-4-thread-1/DEBUG] [net.minecraftforge.coremod.transformer.CoreModBaseTransformer/COREMOD]: Transforming net/minecraft/world/entity/monster/ZombieVillager
[10May2026 14:05:30.601] [pool-4-thread-1/DEBUG] [net.minecraftforge.coremod.transformer.CoreModBaseTransformer/COREMOD]: Transforming net/minecraft/world/entity/monster/Evoker$EvokerSummonSpellGoal
[10May2026 14:05:30.852] [pool-4-thread-1/DEBUG] [net.minecraftforge.coremod.transformer.CoreModBaseTransformer/COREMOD]: Transforming net/minecraft/world/entity/animal/horse/SkeletonTrapGoal
[10May2026 14:05:30.899] [pool-4-thread-1/DEBUG] [net.minecraftforge.coremod.transformer.CoreModBaseTransformer/COREMOD]: Transforming net/minecraft/world/entity/monster/Strider
[10May2026 14:05:31.102] [pool-4-thread-1/DEBUG] [net.minecraftforge.coremod.transformer.CoreModBaseTransformer/COREMOD]: Transforming net/minecraft/world/entity/npc/Villager
[10May2026 14:05:31.216] [pool-4-thread-1/DEBUG] [net.minecraftforge.coremod.transformer.CoreModBaseTransformer/COREMOD]: Transforming net/minecraft/world/effect/MobEffectInstance
[10May2026 14:05:32.452] [pool-4-thread-1/DEBUG] [net.minecraftforge.coremod.transformer.CoreModBaseTransformer/COREMOD]: Transforming net/minecraft/world/level/levelgen/structure/Structure
[10May2026 14:05:32.584] [pool-4-thread-1/DEBUG] [net.minecraftforge.coremod.transformer.CoreModBaseTransformer/COREMOD]: Transforming net/minecraft/world/level/levelgen/structure/structures/OceanRuinPieces$OceanRuinPiece
[10May2026 14:05:32.648] [pool-4-thread-1/DEBUG] [net.minecraftforge.coremod.transformer.CoreModBaseTransformer/COREMOD]: Transforming net/minecraft/world/level/levelgen/structure/structures/SwampHutPiece
[10May2026 14:05:32.676] [pool-4-thread-1/DEBUG] [net.minecraftforge.coremod.transformer.CoreModBaseTransformer/COREMOD]: Transforming net/minecraft/world/level/levelgen/structure/structures/OceanMonumentPieces$OceanMonumentPiece
[10May2026 14:05:32.725] [pool-4-thread-1/DEBUG] [net.minecraftforge.coremod.transformer.CoreModBaseTransformer/COREMOD]: Transforming net/minecraft/world/level/levelgen/structure/structures/WoodlandMansionPieces$WoodlandMansionPiece
[10May2026 14:05:32.975] [pool-4-thread-1/DEBUG] [net.minecraftforge.coremod.transformer.CoreModBaseTransformer/COREMOD]: Transforming net/minecraft/world/level/biome/Biome
[10May2026 14:05:33.514] [pool-4-thread-1/DEBUG] [net.minecraftforge.registries.GameData/REGISTRIES]: Creating vanilla freeze snapshot
[10May2026 14:05:33.519] [pool-4-thread-1/DEBUG] [net.minecraftforge.registries.ForgeRegistry/REGISTRIES]: Registry minecraft:block Sync: VANILLA -> ACTIVE
[10May2026 14:05:33.538] [pool-4-thread-1/DEBUG] [net.minecraftforge.registries.ForgeRegistry/REGISTRIES]: Registry minecraft:fluid Sync: VANILLA -> ACTIVE
[10May2026 14:05:33.540] [pool-4-thread-1/DEBUG] [net.minecraftforge.registries.ForgeRegistry/REGISTRIES]: Registry minecraft:item Sync: VANILLA -> ACTIVE
[10May2026 14:05:33.552] [pool-4-thread-1/DEBUG] [net.minecraftforge.registries.ForgeRegistry/REGISTRIES]: Registry minecraft:mob_effect Sync: VANILLA -> ACTIVE
[10May2026 14:05:33.552] [pool-4-thread-1/DEBUG] [net.minecraftforge.registries.ForgeRegistry/REGISTRIES]: Registry minecraft:sound_event Sync: VANILLA -> ACTIVE
[10May2026 14:05:33.565] [pool-4-thread-1/DEBUG] [net.minecraftforge.registries.ForgeRegistry/REGISTRIES]: Registry minecraft:potion Sync: VANILLA -> ACTIVE
[10May2026 14:05:33.565] [pool-4-thread-1/DEBUG] [net.minecraftforge.registries.ForgeRegistry/REGISTRIES]: Registry minecraft:enchantment Sync: VANILLA -> ACTIVE
[10May2026 14:05:33.567] [pool-4-thread-1/DEBUG] [net.minecraftforge.registries.ForgeRegistry/REGISTRIES]: Registry minecraft:entity_type Sync: VANILLA -> ACTIVE
[10May2026 14:05:33.567] [pool-4-thread-1/DEBUG] [net.minecraftforge.registries.ForgeRegistry/REGISTRIES]: Registry minecraft:block_entity_type Sync: VANILLA -> ACTIVE
[10May2026 14:05:33.569] [pool-4-thread-1/DEBUG] [net.minecraftforge.registries.ForgeRegistry/REGISTRIES]: Registry minecraft:particle_type Sync: VANILLA -> ACTIVE
[10May2026 14:05:33.569] [pool-4-thread-1/DEBUG] [net.minecraftforge.registries.ForgeRegistry/REGISTRIES]: Registry minecraft:menu Sync: VANILLA -> ACTIVE
[10May2026 14:05:33.569] [pool-4-thread-1/DEBUG] [net.minecraftforge.registries.ForgeRegistry/REGISTRIES]: Registry minecraft:painting_variant Sync: VANILLA -> ACTIVE
[10May2026 14:05:33.571] [pool-4-thread-1/DEBUG] [net.minecraftforge.registries.ForgeRegistry/REGISTRIES]: Registry minecraft:recipe_type Sync: VANILLA -> ACTIVE
[10May2026 14:05:33.571] [pool-4-thread-1/DEBUG] [net.minecraftforge.registries.ForgeRegistry/REGISTRIES]: Registry minecraft:recipe_serializer Sync: VANILLA -> ACTIVE
[10May2026 14:05:33.571] [pool-4-thread-1/DEBUG] [net.minecraftforge.registries.ForgeRegistry/REGISTRIES]: Registry minecraft:attribute Sync: VANILLA -> ACTIVE
[10May2026 14:05:33.572] [pool-4-thread-1/DEBUG] [net.minecraftforge.registries.ForgeRegistry/REGISTRIES]: Registry minecraft:stat_type Sync: VANILLA -> ACTIVE
[10May2026 14:05:33.572] [pool-4-thread-1/DEBUG] [net.minecraftforge.registries.ForgeRegistry/REGISTRIES]: Registry minecraft:command_argument_type Sync: VANILLA -> ACTIVE
[10May2026 14:05:33.572] [pool-4-thread-1/DEBUG] [net.minecraftforge.registries.ForgeRegistry/REGISTRIES]: Registry minecraft:villager_profession Sync: VANILLA -> ACTIVE
[10May2026 14:05:33.572] [pool-4-thread-1/DEBUG] [net.minecraftforge.registries.ForgeRegistry/REGISTRIES]: Registry minecraft:point_of_interest_type Sync: VANILLA -> ACTIVE
[10May2026 14:05:33.576] [pool-4-thread-1/DEBUG] [net.minecraftforge.registries.ForgeRegistry/REGISTRIES]: Registry minecraft:memory_module_type Sync: VANILLA -> ACTIVE
[10May2026 14:05:33.576] [pool-4-thread-1/DEBUG] [net.minecraftforge.registries.ForgeRegistry/REGISTRIES]: Registry minecraft:sensor_type Sync: VANILLA -> ACTIVE
[10May2026 14:05:33.578] [pool-4-thread-1/DEBUG] [net.minecraftforge.registries.ForgeRegistry/REGISTRIES]: Registry minecraft:schedule Sync: VANILLA -> ACTIVE
[10May2026 14:05:33.578] [pool-4-thread-1/DEBUG] [net.minecraftforge.registries.ForgeRegistry/REGISTRIES]: Registry minecraft:activity Sync: VANILLA -> ACTIVE
[10May2026 14:05:33.579] [pool-4-thread-1/DEBUG] [net.minecraftforge.registries.ForgeRegistry/REGISTRIES]: Registry minecraft:worldgen/carver Sync: VANILLA -> ACTIVE
[10May2026 14:05:33.579] [pool-4-thread-1/DEBUG] [net.minecraftforge.registries.ForgeRegistry/REGISTRIES]: Registry minecraft:worldgen/feature Sync: VANILLA -> ACTIVE
[10May2026 14:05:33.580] [pool-4-thread-1/DEBUG] [net.minecraftforge.registries.ForgeRegistry/REGISTRIES]: Registry minecraft:chunk_status Sync: VANILLA -> ACTIVE
[10May2026 14:05:33.580] [pool-4-thread-1/DEBUG] [net.minecraftforge.registries.ForgeRegistry/REGISTRIES]: Registry minecraft:worldgen/block_state_provider_type Sync: VANILLA -> ACTIVE
[10May2026 14:05:33.580] [pool-4-thread-1/DEBUG] [net.minecraftforge.registries.ForgeRegistry/REGISTRIES]: Registry minecraft:worldgen/foliage_placer_type Sync: VANILLA -> ACTIVE
[10May2026 14:05:33.580] [pool-4-thread-1/DEBUG] [net.minecraftforge.registries.ForgeRegistry/REGISTRIES]: Registry minecraft:worldgen/tree_decorator_type Sync: VANILLA -> ACTIVE
[10May2026 14:05:33.580] [pool-4-thread-1/DEBUG] [net.minecraftforge.registries.ForgeRegistry/REGISTRIES]: Registry minecraft:worldgen/biome Sync: VANILLA -> ACTIVE
[10May2026 14:05:33.588] [pool-4-thread-1/DEBUG] [net.minecraftforge.registries.GameData/REGISTRIES]: Vanilla freeze snapshot created
[10May2026 14:05:33.636] [pool-4-thread-1/DEBUG] [io.netty.util.internal.PlatformDependent0/]: -Dio.netty.noUnsafe: false
[10May2026 14:05:33.636] [pool-4-thread-1/DEBUG] [io.netty.util.internal.PlatformDependent0/]: Java version: 17
[10May2026 14:05:33.638] [pool-4-thread-1/DEBUG] [io.netty.util.internal.PlatformDependent0/]: sun.misc.Unsafe.theUnsafe: available
[10May2026 14:05:33.638] [pool-4-thread-1/DEBUG] [io.netty.util.internal.PlatformDependent0/]: sun.misc.Unsafe.copyMemory: available
[10May2026 14:05:33.640] [pool-4-thread-1/DEBUG] [io.netty.util.internal.PlatformDependent0/]: sun.misc.Unsafe.storeFence: available
[10May2026 14:05:33.640] [pool-4-thread-1/DEBUG] [io.netty.util.internal.PlatformDependent0/]: java.nio.Buffer.address: available
[10May2026 14:05:33.640] [pool-4-thread-1/DEBUG] [io.netty.util.internal.PlatformDependent0/]: direct buffer constructor: unavailable
java.lang.UnsupportedOperationException: Reflective setAccessible(true) disabled
	at io.netty.util.internal.ReflectionUtil.trySetAccessible(ReflectionUtil.java:31) ~[netty-common-4.1.82.Final.jar%23151!/:4.1.82.Final]
	at io.netty.util.internal.PlatformDependent0$5.run(PlatformDependent0.java:288) ~[netty-common-4.1.82.Final.jar%23151!/:4.1.82.Final]
	at java.security.AccessController.doPrivileged(AccessController.java:318) ~[?:?]
	at io.netty.util.internal.PlatformDependent0.<clinit>(PlatformDependent0.java:282) ~[netty-common-4.1.82.Final.jar%23151!/:4.1.82.Final]
	at io.netty.util.internal.PlatformDependent.isAndroid(PlatformDependent.java:333) ~[netty-common-4.1.82.Final.jar%23151!/:4.1.82.Final]
	at io.netty.util.internal.PlatformDependent.<clinit>(PlatformDependent.java:88) ~[netty-common-4.1.82.Final.jar%23151!/:4.1.82.Final]
	at io.netty.util.ConstantPool.<init>(ConstantPool.java:34) ~[netty-common-4.1.82.Final.jar%23151!/:4.1.82.Final]
	at io.netty.util.AttributeKey$1.<init>(AttributeKey.java:27) ~[netty-common-4.1.82.Final.jar%23151!/:4.1.82.Final]
	at io.netty.util.AttributeKey.<clinit>(AttributeKey.java:27) ~[netty-common-4.1.82.Final.jar%23151!/:4.1.82.Final]
	at net.minecraftforge.network.NetworkConstants.<clinit>(NetworkConstants.java:34) ~[forge-1.20.1-47.4.20_mapped_official_1.20.1-recomp.jar%23190%23197!/:?]
	at net.minecraftforge.network.NetworkHooks.init(NetworkHooks.java:52) ~[forge-1.20.1-47.4.20_mapped_official_1.20.1-recomp.jar%23190%23197!/:?]
	at net.minecraft.server.Bootstrap.bootStrap(Bootstrap.java:62) ~[forge-1.20.1-47.4.20_mapped_official_1.20.1-recomp.jar%23191!/:?]
	at net.minecraft.client.main.Main.lambda$main$0(Main.java:151) ~[forge-1.20.1-47.4.20_mapped_official_1.20.1-recomp.jar%23191!/:?]
	at java.util.concurrent.Executors$RunnableAdapter.call(Executors.java:539) ~[?:?]
	at java.util.concurrent.FutureTask.run(FutureTask.java:264) ~[?:?]
	at java.util.concurrent.ThreadPoolExecutor.runWorker(ThreadPoolExecutor.java:1136) ~[?:?]
	at java.util.concurrent.ThreadPoolExecutor$Worker.run(ThreadPoolExecutor.java:635) ~[?:?]
	at java.lang.Thread.run(Thread.java:840) ~[?:?]
[10May2026 14:05:33.643] [pool-4-thread-1/DEBUG] [io.netty.util.internal.PlatformDependent0/]: java.nio.Bits.unaligned: available, true
[10May2026 14:05:33.644] [pool-4-thread-1/DEBUG] [io.netty.util.internal.PlatformDependent0/]: jdk.internal.misc.Unsafe.allocateUninitializedArray(int): unavailable
java.lang.IllegalAccessException: class io.netty.util.internal.PlatformDependent0$7 (in module io.netty.common) cannot access class jdk.internal.misc.Unsafe (in module java.base) because module java.base does not export jdk.internal.misc to module io.netty.common
	at jdk.internal.reflect.Reflection.newIllegalAccessException(Reflection.java:392) ~[?:?]
	at java.lang.reflect.AccessibleObject.checkAccess(AccessibleObject.java:674) ~[?:?]
	at java.lang.reflect.Method.invoke(Method.java:561) ~[?:?]
	at io.netty.util.internal.PlatformDependent0$7.run(PlatformDependent0.java:410) ~[netty-common-4.1.82.Final.jar%23151!/:4.1.82.Final]
	at java.security.AccessController.doPrivileged(AccessController.java:318) ~[?:?]
	at io.netty.util.internal.PlatformDependent0.<clinit>(PlatformDependent0.java:401) ~[netty-common-4.1.82.Final.jar%23151!/:4.1.82.Final]
	at io.netty.util.internal.PlatformDependent.isAndroid(PlatformDependent.java:333) ~[netty-common-4.1.82.Final.jar%23151!/:4.1.82.Final]
	at io.netty.util.internal.PlatformDependent.<clinit>(PlatformDependent.java:88) ~[netty-common-4.1.82.Final.jar%23151!/:4.1.82.Final]
	at io.netty.util.ConstantPool.<init>(ConstantPool.java:34) ~[netty-common-4.1.82.Final.jar%23151!/:4.1.82.Final]
	at io.netty.util.AttributeKey$1.<init>(AttributeKey.java:27) ~[netty-common-4.1.82.Final.jar%23151!/:4.1.82.Final]
	at io.netty.util.AttributeKey.<clinit>(AttributeKey.java:27) ~[netty-common-4.1.82.Final.jar%23151!/:4.1.82.Final]
	at net.minecraftforge.network.NetworkConstants.<clinit>(NetworkConstants.java:34) ~[forge-1.20.1-47.4.20_mapped_official_1.20.1-recomp.jar%23190%23197!/:?]
	at net.minecraftforge.network.NetworkHooks.init(NetworkHooks.java:52) ~[forge-1.20.1-47.4.20_mapped_official_1.20.1-recomp.jar%23190%23197!/:?]
	at net.minecraft.server.Bootstrap.bootStrap(Bootstrap.java:62) ~[forge-1.20.1-47.4.20_mapped_official_1.20.1-recomp.jar%23191!/:?]
	at net.minecraft.client.main.Main.lambda$main$0(Main.java:151) ~[forge-1.20.1-47.4.20_mapped_official_1.20.1-recomp.jar%23191!/:?]
	at java.util.concurrent.Executors$RunnableAdapter.call(Executors.java:539) ~[?:?]
	at java.util.concurrent.FutureTask.run(FutureTask.java:264) ~[?:?]
	at java.util.concurrent.ThreadPoolExecutor.runWorker(ThreadPoolExecutor.java:1136) ~[?:?]
	at java.util.concurrent.ThreadPoolExecutor$Worker.run(ThreadPoolExecutor.java:635) ~[?:?]
	at java.lang.Thread.run(Thread.java:840) ~[?:?]
[10May2026 14:05:33.646] [pool-4-thread-1/DEBUG] [io.netty.util.internal.PlatformDependent0/]: java.nio.DirectByteBuffer.<init>(long, int): unavailable
[10May2026 14:05:33.646] [pool-4-thread-1/DEBUG] [io.netty.util.internal.PlatformDependent/]: sun.misc.Unsafe: available
[10May2026 14:05:33.646] [pool-4-thread-1/DEBUG] [io.netty.util.internal.PlatformDependent/]: maxDirectMemory: 4206886912 bytes (maybe)
[10May2026 14:05:33.646] [pool-4-thread-1/DEBUG] [io.netty.util.internal.PlatformDependent/]: -Dio.netty.tmpdir: C:\Users\sreng\AppData\Local\Temp (java.io.tmpdir)
[10May2026 14:05:33.649] [pool-4-thread-1/DEBUG] [io.netty.util.internal.PlatformDependent/]: -Dio.netty.bitMode: 64 (sun.arch.data.model)
[10May2026 14:05:33.649] [pool-4-thread-1/DEBUG] [io.netty.util.internal.PlatformDependent/]: Platform: Windows
[10May2026 14:05:33.649] [pool-4-thread-1/DEBUG] [io.netty.util.internal.PlatformDependent/]: -Dio.netty.maxDirectMemory: -1 bytes
[10May2026 14:05:33.649] [pool-4-thread-1/DEBUG] [io.netty.util.internal.PlatformDependent/]: -Dio.netty.uninitializedArrayAllocationThreshold: -1
[10May2026 14:05:33.651] [pool-4-thread-1/DEBUG] [io.netty.util.internal.CleanerJava9/]: java.nio.ByteBuffer.cleaner(): available
[10May2026 14:05:33.651] [pool-4-thread-1/DEBUG] [io.netty.util.internal.PlatformDependent/]: -Dio.netty.noPreferDirect: false
[10May2026 14:05:33.745] [pool-4-thread-1/DEBUG] [net.minecraftforge.network.NetworkHooks/]: Loading Network data for FML net version: FML3
[10May2026 14:05:34.203] [Render thread/WARN] [net.minecraft.server.packs.VanillaPackResourcesBuilder/]: Assets URL 'union:/C:/Users/sreng/.gradle/caches/forge_gradle/minecraft_user_repo/net/minecraftforge/forge/1.20.1-47.4.20_mapped_official_1.20.1/forge-1.20.1-47.4.20_mapped_official_1.20.1-recomp.jar%23191!/assets/.mcassetsroot' uses unexpected schema
[10May2026 14:05:34.204] [Render thread/WARN] [net.minecraft.server.packs.VanillaPackResourcesBuilder/]: Assets URL 'union:/C:/Users/sreng/.gradle/caches/forge_gradle/minecraft_user_repo/net/minecraftforge/forge/1.20.1-47.4.20_mapped_official_1.20.1/forge-1.20.1-47.4.20_mapped_official_1.20.1-recomp.jar%23191!/data/.mcassetsroot' uses unexpected schema
[10May2026 14:05:34.252] [Render thread/INFO] [com.mojang.authlib.yggdrasil.YggdrasilAuthenticationService/]: Environment: authHost='https://authserver.mojang.com', accountsHost='https://api.mojang.com', sessionHost='https://sessionserver.mojang.com', servicesHost='https://api.minecraftservices.com', name='PROD'
[10May2026 14:05:34.265] [Render thread/INFO] [net.minecraft.client.Minecraft/]: Setting user: Dev
[10May2026 14:05:34.447] [Render thread/INFO] [net.minecraft.client.Minecraft/]: Backend library: LWJGL version 3.3.1 build 7
[10May2026 14:05:34.718] [Render thread/DEBUG] [net.minecraftforge.common.ForgeI18n/CORE]: Loading I18N data entries: 6434
[10May2026 14:05:34.779] [Render thread/DEBUG] [net.minecraftforge.fml.ModWorkManager/LOADING]: Using 12 threads for parallel mod-loading
[10May2026 14:05:34.795] [Render thread/DEBUG] [net.minecraftforge.fml.javafmlmod.FMLJavaModLanguageProvider/LOADING]: Loading FMLModContainer from classloader cpw.mods.modlauncher.TransformingClassLoader@345cbf40 - got cpw.mods.cl.ModuleClassLoader@53692008
[10May2026 14:05:34.797] [Render thread/DEBUG] [net.minecraftforge.fml.javafmlmod.FMLModContainer/LOADING]: Creating FMLModContainer instance for net.minecraftforge.common.ForgeMod
[10May2026 14:05:34.805] [Render thread/DEBUG] [net.minecraftforge.fml.javafmlmod.FMLJavaModLanguageProvider/LOADING]: Loading FMLModContainer from classloader cpw.mods.modlauncher.TransformingClassLoader@345cbf40 - got cpw.mods.cl.ModuleClassLoader@53692008
[10May2026 14:05:34.805] [Render thread/DEBUG] [net.minecraftforge.fml.javafmlmod.FMLModContainer/LOADING]: Creating FMLModContainer instance for com.time.machine
[10May2026 14:05:34.841] [modloading-worker-0/DEBUG] [net.minecraftforge.fml.javafmlmod.AutomaticEventSubscriber/LOADING]: Attempting to inject @EventBusSubscriber classes into the eventbus for time_machine
[10May2026 14:05:34.850] [modloading-worker-0/DEBUG] [net.minecraftforge.fml.javafmlmod.AutomaticEventSubscriber/LOADING]: Auto-subscribing com.time.client.BackupClientEvents$ForgeBusEvents to FORGE
[10May2026 14:05:34.866] [modloading-worker-0/DEBUG] [net.minecraftforge.fml.javafmlmod.AutomaticEventSubscriber/LOADING]: Auto-subscribing com.time.client.BackupClientEvents$ModBusEvents to MOD
[10May2026 14:05:34.872] [modloading-worker-0/DEBUG] [net.minecraftforge.versions.forge.ForgeVersion/CORE]: Forge Version package package net.minecraftforge.versions.forge, Forge, version 47.4 from cpw.mods.modlauncher.TransformingClassLoader@345cbf40
[10May2026 14:05:34.873] [modloading-worker-0/DEBUG] [net.minecraftforge.versions.forge.ForgeVersion/CORE]: Found Forge version 47.4.20
[10May2026 14:05:34.873] [modloading-worker-0/DEBUG] [net.minecraftforge.versions.forge.ForgeVersion/CORE]: Found Forge spec 47.4
[10May2026 14:05:34.873] [modloading-worker-0/DEBUG] [net.minecraftforge.versions.forge.ForgeVersion/CORE]: Found Forge group net.minecraftforge
[10May2026 14:05:34.874] [modloading-worker-0/DEBUG] [net.minecraftforge.versions.mcp.MCPVersion/CORE]: MCP Version package package net.minecraftforge.versions.mcp, Minecraft, version 1.20.1 from cpw.mods.modlauncher.TransformingClassLoader@345cbf40
[10May2026 14:05:34.875] [modloading-worker-0/DEBUG] [net.minecraftforge.versions.mcp.MCPVersion/CORE]: Found MC version information 1.20.1
[10May2026 14:05:34.875] [modloading-worker-0/DEBUG] [net.minecraftforge.versions.mcp.MCPVersion/CORE]: Found MCP version information 20230612.114412
[10May2026 14:05:34.875] [modloading-worker-0/INFO] [net.minecraftforge.common.ForgeMod/FORGEMOD]: Forge mod loading, version 47.4.20, for MC 1.20.1 with MCP 20230612.114412
[10May2026 14:05:34.875] [modloading-worker-0/INFO] [net.minecraftforge.common.MinecraftForge/FORGE]: MinecraftForge v47.4.20 Initialized
[10May2026 14:05:34.990] [modloading-worker-0/DEBUG] [net.minecraftforge.fml.config.ConfigTracker/CONFIG]: Config file forge-client.toml for forge tracking
[10May2026 14:05:34.990] [modloading-worker-0/DEBUG] [net.minecraftforge.fml.config.ConfigTracker/CONFIG]: Config file forge-server.toml for forge tracking
[10May2026 14:05:34.990] [modloading-worker-0/DEBUG] [net.minecraftforge.fml.ModLoadingContext/]: Attempted to register an empty config for type COMMON on mod forge
[10May2026 14:05:35.044] [modloading-worker-0/DEBUG] [net.minecraftforge.fml.javafmlmod.AutomaticEventSubscriber/LOADING]: Attempting to inject @EventBusSubscriber classes into the eventbus for forge
[10May2026 14:05:35.045] [modloading-worker-0/DEBUG] [net.minecraftforge.fml.javafmlmod.AutomaticEventSubscriber/LOADING]: Auto-subscribing net.minecraftforge.common.ForgeSpawnEggItem$CommonHandler to MOD
[10May2026 14:05:35.048] [modloading-worker-0/DEBUG] [net.minecraftforge.fml.javafmlmod.AutomaticEventSubscriber/LOADING]: Auto-subscribing net.minecraftforge.common.ForgeSpawnEggItem$ColorRegisterHandler to MOD
[10May2026 14:05:35.055] [modloading-worker-0/DEBUG] [net.minecraftforge.fml.javafmlmod.AutomaticEventSubscriber/LOADING]: Auto-subscribing net.minecraftforge.client.model.data.ModelDataManager to FORGE
[10May2026 14:05:35.060] [modloading-worker-0/DEBUG] [net.minecraftforge.fml.javafmlmod.AutomaticEventSubscriber/LOADING]: Auto-subscribing net.minecraftforge.client.ForgeHooksClient$ClientEvents to MOD
[10May2026 14:05:35.077] [modloading-worker-0/DEBUG] [net.minecraftforge.fml.javafmlmod.AutomaticEventSubscriber/LOADING]: Auto-subscribing net.minecraftforge.client.ClientForgeMod to MOD
[10May2026 14:05:35.147] [Render thread/DEBUG] [net.minecraftforge.registries.ObjectHolderRegistry/REGISTRIES]: Processing ObjectHolder annotations
[10May2026 14:05:35.191] [Render thread/DEBUG] [net.minecraftforge.registries.ObjectHolderRegistry/REGISTRIES]: Found 3844 ObjectHolder annotations
[10May2026 14:05:35.201] [Render thread/DEBUG] [net.minecraftforge.common.capabilities.CapabilityManager/CAPABILITIES]: Attempting to automatically register: Lnet/minecraftforge/energy/IEnergyStorage;
[10May2026 14:05:35.203] [Render thread/DEBUG] [net.minecraftforge.common.capabilities.CapabilityManager/CAPABILITIES]: Attempting to automatically register: Lnet/minecraftforge/fluids/capability/IFluidHandler;
[10May2026 14:05:35.203] [Render thread/DEBUG] [net.minecraftforge.common.capabilities.CapabilityManager/CAPABILITIES]: Attempting to automatically register: Lnet/minecraftforge/fluids/capability/IFluidHandlerItem;
[10May2026 14:05:35.203] [Render thread/DEBUG] [net.minecraftforge.common.capabilities.CapabilityManager/CAPABILITIES]: Attempting to automatically register: Lnet/minecraftforge/items/IItemHandler;
[10May2026 14:05:35.206] [Render thread/DEBUG] [net.minecraftforge.registries.GameData/REGISTRIES]: Unfreezing vanilla registries
[10May2026 14:05:35.212] [Render thread/DEBUG] [net.minecraftforge.registries.GameData/REGISTRIES]: Applying holder lookups: minecraft:sound_event
[10May2026 14:05:35.217] [Render thread/DEBUG] [net.minecraftforge.registries.GameData/REGISTRIES]: Holder lookups applied: minecraft:sound_event
[10May2026 14:05:35.218] [Render thread/DEBUG] [net.minecraftforge.registries.GameData/REGISTRIES]: Applying holder lookups: minecraft:fluid
[10May2026 14:05:35.219] [Render thread/DEBUG] [net.minecraftforge.registries.GameData/REGISTRIES]: Holder lookups applied: minecraft:fluid
[10May2026 14:05:35.219] [Render thread/DEBUG] [net.minecraftforge.registries.GameData/REGISTRIES]: Applying holder lookups: minecraft:block
[10May2026 14:05:35.222] [Render thread/DEBUG] [net.minecraftforge.registries.GameData/REGISTRIES]: Holder lookups applied: minecraft:block
[10May2026 14:05:35.223] [Render thread/DEBUG] [net.minecraftforge.registries.GameData/REGISTRIES]: Applying holder lookups: minecraft:attribute
[10May2026 14:05:35.224] [Render thread/DEBUG] [net.minecraftforge.registries.GameData/REGISTRIES]: Holder lookups applied: minecraft:attribute
[10May2026 14:05:35.225] [Render thread/DEBUG] [net.minecraftforge.registries.GameData/REGISTRIES]: Applying holder lookups: minecraft:mob_effect
[10May2026 14:05:35.225] [Render thread/DEBUG] [net.minecraftforge.registries.GameData/REGISTRIES]: Holder lookups applied: minecraft:mob_effect
[10May2026 14:05:35.226] [Render thread/DEBUG] [net.minecraftforge.registries.GameData/REGISTRIES]: Applying holder lookups: minecraft:particle_type
[10May2026 14:05:35.227] [Render thread/DEBUG] [net.minecraftforge.registries.GameData/REGISTRIES]: Holder lookups applied: minecraft:particle_type
[10May2026 14:05:35.227] [Render thread/DEBUG] [net.minecraftforge.registries.GameData/REGISTRIES]: Applying holder lookups: minecraft:item
[10May2026 14:05:35.229] [Render thread/DEBUG] [net.minecraftforge.registries.GameData/REGISTRIES]: Holder lookups applied: minecraft:item
[10May2026 14:05:35.229] [Render thread/DEBUG] [net.minecraftforge.registries.GameData/REGISTRIES]: Applying holder lookups: minecraft:entity_type
[10May2026 14:05:35.230] [Render thread/DEBUG] [net.minecraftforge.registries.GameData/REGISTRIES]: Holder lookups applied: minecraft:entity_type
[10May2026 14:05:35.230] [Render thread/DEBUG] [net.minecraftforge.registries.GameData/REGISTRIES]: Applying holder lookups: minecraft:sensor_type
[10May2026 14:05:35.231] [Render thread/DEBUG] [net.minecraftforge.registries.GameData/REGISTRIES]: Holder lookups applied: minecraft:sensor_type
[10May2026 14:05:35.231] [Render thread/DEBUG] [net.minecraftforge.registries.GameData/REGISTRIES]: Applying holder lookups: minecraft:memory_module_type
[10May2026 14:05:35.232] [Render thread/DEBUG] [net.minecraftforge.registries.GameData/REGISTRIES]: Holder lookups applied: minecraft:memory_module_type
[10May2026 14:05:35.232] [Render thread/DEBUG] [net.minecraftforge.registries.GameData/REGISTRIES]: Applying holder lookups: minecraft:potion
[10May2026 14:05:35.232] [Render thread/DEBUG] [net.minecraftforge.registries.GameData/REGISTRIES]: Holder lookups applied: minecraft:potion
[10May2026 14:05:35.232] [Render thread/DEBUG] [net.minecraftforge.registries.GameData/REGISTRIES]: Applying holder lookups: minecraft:game_event
[10May2026 14:05:35.233] [Render thread/DEBUG] [net.minecraftforge.registries.GameData/REGISTRIES]: Holder lookups applied: minecraft:game_event
[10May2026 14:05:35.233] [Render thread/DEBUG] [net.minecraftforge.registries.GameData/REGISTRIES]: Applying holder lookups: minecraft:enchantment
[10May2026 14:05:35.233] [Render thread/DEBUG] [net.minecraftforge.registries.GameData/REGISTRIES]: Holder lookups applied: minecraft:enchantment
[10May2026 14:05:35.234] [Render thread/DEBUG] [net.minecraftforge.registries.GameData/REGISTRIES]: Applying holder lookups: minecraft:block_entity_type
[10May2026 14:05:35.234] [Render thread/DEBUG] [net.minecraftforge.registries.GameData/REGISTRIES]: Holder lookups applied: minecraft:block_entity_type
[10May2026 14:05:35.234] [Render thread/DEBUG] [net.minecraftforge.registries.GameData/REGISTRIES]: Applying holder lookups: minecraft:painting_variant
[10May2026 14:05:35.236] [Render thread/DEBUG] [net.minecraftforge.registries.GameData/REGISTRIES]: Holder lookups applied: minecraft:painting_variant
[10May2026 14:05:35.236] [Render thread/DEBUG] [net.minecraftforge.registries.GameData/REGISTRIES]: Applying holder lookups: minecraft:stat_type
[10May2026 14:05:35.236] [Render thread/DEBUG] [net.minecraftforge.registries.GameData/REGISTRIES]: Holder lookups applied: minecraft:stat_type
[10May2026 14:05:35.236] [Render thread/DEBUG] [net.minecraftforge.registries.GameData/REGISTRIES]: Applying holder lookups: minecraft:custom_stat
[10May2026 14:05:35.237] [Render thread/DEBUG] [net.minecraftforge.registries.GameData/REGISTRIES]: Holder lookups applied: minecraft:custom_stat
[10May2026 14:05:35.237] [Render thread/DEBUG] [net.minecraftforge.registries.GameData/REGISTRIES]: Applying holder lookups: minecraft:chunk_status
[10May2026 14:05:35.238] [Render thread/DEBUG] [net.minecraftforge.registries.GameData/REGISTRIES]: Holder lookups applied: minecraft:chunk_status
[10May2026 14:05:35.238] [Render thread/DEBUG] [net.minecraftforge.registries.GameData/REGISTRIES]: Applying holder lookups: minecraft:rule_test
[10May2026 14:05:35.239] [Render thread/DEBUG] [net.minecraftforge.registries.GameData/REGISTRIES]: Holder lookups applied: minecraft:rule_test
[10May2026 14:05:35.239] [Render thread/DEBUG] [net.minecraftforge.registries.GameData/REGISTRIES]: Applying holder lookups: minecraft:rule_block_entity_modifier
[10May2026 14:05:35.240] [Render thread/DEBUG] [net.minecraftforge.registries.GameData/REGISTRIES]: Holder lookups applied: minecraft:rule_block_entity_modifier
[10May2026 14:05:35.241] [Render thread/DEBUG] [net.minecraftforge.registries.GameData/REGISTRIES]: Applying holder lookups: minecraft:pos_rule_test
[10May2026 14:05:35.242] [Render thread/DEBUG] [net.minecraftforge.registries.GameData/REGISTRIES]: Holder lookups applied: minecraft:pos_rule_test
[10May2026 14:05:35.242] [Render thread/DEBUG] [net.minecraftforge.registries.GameData/REGISTRIES]: Applying holder lookups: minecraft:menu
[10May2026 14:05:35.243] [Render thread/DEBUG] [net.minecraftforge.registries.GameData/REGISTRIES]: Holder lookups applied: minecraft:menu
[10May2026 14:05:35.244] [Render thread/DEBUG] [net.minecraftforge.registries.GameData/REGISTRIES]: Applying holder lookups: minecraft:recipe_type
[10May2026 14:05:35.245] [Render thread/DEBUG] [net.minecraftforge.registries.GameData/REGISTRIES]: Holder lookups applied: minecraft:recipe_type
[10May2026 14:05:35.272] [Render thread/DEBUG] [net.minecraftforge.registries.GameData/REGISTRIES]: Applying holder lookups: minecraft:recipe_serializer
[10May2026 14:05:35.272] [Render thread/DEBUG] [net.minecraftforge.registries.GameData/REGISTRIES]: Holder lookups applied: minecraft:recipe_serializer
[10May2026 14:05:35.273] [Render thread/DEBUG] [net.minecraftforge.registries.GameData/REGISTRIES]: Applying holder lookups: minecraft:position_source_type
[10May2026 14:05:35.273] [Render thread/DEBUG] [net.minecraftforge.registries.GameData/REGISTRIES]: Holder lookups applied: minecraft:position_source_type
[10May2026 14:05:35.276] [Render thread/DEBUG] [net.minecraftforge.registries.GameData/REGISTRIES]: Applying holder lookups: minecraft:command_argument_type
[10May2026 14:05:35.277] [Render thread/DEBUG] [net.minecraftforge.registries.GameData/REGISTRIES]: Holder lookups applied: minecraft:command_argument_type
[10May2026 14:05:35.278] [Render thread/DEBUG] [net.minecraftforge.registries.GameData/REGISTRIES]: Applying holder lookups: minecraft:villager_type
[10May2026 14:05:35.278] [Render thread/DEBUG] [net.minecraftforge.registries.GameData/REGISTRIES]: Holder lookups applied: minecraft:villager_type
[10May2026 14:05:35.279] [Render thread/DEBUG] [net.minecraftforge.registries.GameData/REGISTRIES]: Applying holder lookups: minecraft:villager_profession
[10May2026 14:05:35.280] [Render thread/DEBUG] [net.minecraftforge.registries.GameData/REGISTRIES]: Holder lookups applied: minecraft:villager_profession
[10May2026 14:05:35.280] [Render thread/DEBUG] [net.minecraftforge.registries.GameData/REGISTRIES]: Applying holder lookups: minecraft:point_of_interest_type
[10May2026 14:05:35.282] [Render thread/DEBUG] [net.minecraftforge.registries.GameData/REGISTRIES]: Holder lookups applied: minecraft:point_of_interest_type
[10May2026 14:05:35.282] [Render thread/DEBUG] [net.minecraftforge.registries.GameData/REGISTRIES]: Applying holder lookups: minecraft:schedule
[10May2026 14:05:35.283] [Render thread/DEBUG] [net.minecraftforge.registries.GameData/REGISTRIES]: Holder lookups applied: minecraft:schedule
[10May2026 14:05:35.283] [Render thread/DEBUG] [net.minecraftforge.registries.GameData/REGISTRIES]: Applying holder lookups: minecraft:activity
[10May2026 14:05:35.283] [Render thread/DEBUG] [net.minecraftforge.registries.GameData/REGISTRIES]: Holder lookups applied: minecraft:activity
[10May2026 14:05:35.284] [Render thread/DEBUG] [net.minecraftforge.registries.GameData/REGISTRIES]: Applying holder lookups: minecraft:loot_pool_entry_type
[10May2026 14:05:35.284] [Render thread/DEBUG] [net.minecraftforge.registries.GameData/REGISTRIES]: Holder lookups applied: minecraft:loot_pool_entry_type
[10May2026 14:05:35.285] [Render thread/DEBUG] [net.minecraftforge.registries.GameData/REGISTRIES]: Applying holder lookups: minecraft:loot_function_type
[10May2026 14:05:35.285] [Render thread/DEBUG] [net.minecraftforge.registries.GameData/REGISTRIES]: Holder lookups applied: minecraft:loot_function_type
[10May2026 14:05:35.290] [Render thread/DEBUG] [net.minecraftforge.registries.GameData/REGISTRIES]: Applying holder lookups: minecraft:loot_condition_type
[10May2026 14:05:35.291] [Render thread/DEBUG] [net.minecraftforge.registries.GameData/REGISTRIES]: Holder lookups applied: minecraft:loot_condition_type
[10May2026 14:05:35.292] [Render thread/DEBUG] [net.minecraftforge.registries.GameData/REGISTRIES]: Applying holder lookups: minecraft:loot_number_provider_type
[10May2026 14:05:35.292] [Render thread/DEBUG] [net.minecraftforge.registries.GameData/REGISTRIES]: Holder lookups applied: minecraft:loot_number_provider_type
[10May2026 14:05:35.292] [Render thread/DEBUG] [net.minecraftforge.registries.GameData/REGISTRIES]: Applying holder lookups: minecraft:loot_nbt_provider_type
[10May2026 14:05:35.292] [Render thread/DEBUG] [net.minecraftforge.registries.GameData/REGISTRIES]: Holder lookups applied: minecraft:loot_nbt_provider_type
[10May2026 14:05:35.293] [Render thread/DEBUG] [net.minecraftforge.registries.GameData/REGISTRIES]: Applying holder lookups: minecraft:loot_score_provider_type
[10May2026 14:05:35.293] [Render thread/DEBUG] [net.minecraftforge.registries.GameData/REGISTRIES]: Holder lookups applied: minecraft:loot_score_provider_type
[10May2026 14:05:35.294] [Render thread/DEBUG] [net.minecraftforge.registries.GameData/REGISTRIES]: Applying holder lookups: minecraft:float_provider_type
[10May2026 14:05:35.294] [Render thread/DEBUG] [net.minecraftforge.registries.GameData/REGISTRIES]: Holder lookups applied: minecraft:float_provider_type
[10May2026 14:05:35.294] [Render thread/DEBUG] [net.minecraftforge.registries.GameData/REGISTRIES]: Applying holder lookups: minecraft:int_provider_type
[10May2026 14:05:35.295] [Render thread/DEBUG] [net.minecraftforge.registries.GameData/REGISTRIES]: Holder lookups applied: minecraft:int_provider_type
[10May2026 14:05:35.295] [Render thread/DEBUG] [net.minecraftforge.registries.GameData/REGISTRIES]: Applying holder lookups: minecraft:height_provider_type
[10May2026 14:05:35.296] [Render thread/DEBUG] [net.minecraftforge.registries.GameData/REGISTRIES]: Holder lookups applied: minecraft:height_provider_type
[10May2026 14:05:35.297] [Render thread/DEBUG] [net.minecraftforge.registries.GameData/REGISTRIES]: Applying holder lookups: minecraft:block_predicate_type
[10May2026 14:05:35.297] [Render thread/DEBUG] [net.minecraftforge.registries.GameData/REGISTRIES]: Holder lookups applied: minecraft:block_predicate_type
[10May2026 14:05:35.298] [Render thread/DEBUG] [net.minecraftforge.registries.GameData/REGISTRIES]: Applying holder lookups: minecraft:worldgen/carver
[10May2026 14:05:35.298] [Render thread/DEBUG] [net.minecraftforge.registries.GameData/REGISTRIES]: Holder lookups applied: minecraft:worldgen/carver
[10May2026 14:05:35.299] [Render thread/DEBUG] [net.minecraftforge.registries.GameData/REGISTRIES]: Applying holder lookups: minecraft:worldgen/feature
[10May2026 14:05:35.299] [Render thread/DEBUG] [net.minecraftforge.registries.GameData/REGISTRIES]: Holder lookups applied: minecraft:worldgen/feature
[10May2026 14:05:35.299] [Render thread/DEBUG] [net.minecraftforge.registries.GameData/REGISTRIES]: Applying holder lookups: minecraft:worldgen/structure_processor
[10May2026 14:05:35.299] [Render thread/DEBUG] [net.minecraftforge.registries.GameData/REGISTRIES]: Holder lookups applied: minecraft:worldgen/structure_processor
[10May2026 14:05:35.299] [Render thread/DEBUG] [net.minecraftforge.registries.GameData/REGISTRIES]: Applying holder lookups: minecraft:worldgen/structure_placement
[10May2026 14:05:35.299] [Render thread/DEBUG] [net.minecraftforge.registries.GameData/REGISTRIES]: Holder lookups applied: minecraft:worldgen/structure_placement
[10May2026 14:05:35.301] [Render thread/DEBUG] [net.minecraftforge.registries.GameData/REGISTRIES]: Applying holder lookups: minecraft:worldgen/structure_piece
[10May2026 14:05:35.301] [Render thread/DEBUG] [net.minecraftforge.registries.GameData/REGISTRIES]: Holder lookups applied: minecraft:worldgen/structure_piece
[10May2026 14:05:35.301] [Render thread/DEBUG] [net.minecraftforge.registries.GameData/REGISTRIES]: Applying holder lookups: minecraft:worldgen/structure_type
[10May2026 14:05:35.301] [Render thread/DEBUG] [net.minecraftforge.registries.GameData/REGISTRIES]: Holder lookups applied: minecraft:worldgen/structure_type
[10May2026 14:05:35.302] [Render thread/DEBUG] [net.minecraftforge.registries.GameData/REGISTRIES]: Applying holder lookups: minecraft:worldgen/placement_modifier_type
[10May2026 14:05:35.302] [Render thread/DEBUG] [net.minecraftforge.registries.GameData/REGISTRIES]: Holder lookups applied: minecraft:worldgen/placement_modifier_type
[10May2026 14:05:35.302] [Render thread/DEBUG] [net.minecraftforge.registries.GameData/REGISTRIES]: Applying holder lookups: minecraft:worldgen/block_state_provider_type
[10May2026 14:05:35.302] [Render thread/DEBUG] [net.minecraftforge.registries.GameData/REGISTRIES]: Holder lookups applied: minecraft:worldgen/block_state_provider_type
[10May2026 14:05:35.302] [Render thread/DEBUG] [net.minecraftforge.registries.GameData/REGISTRIES]: Applying holder lookups: minecraft:worldgen/foliage_placer_type
[10May2026 14:05:35.302] [Render thread/DEBUG] [net.minecraftforge.registries.GameData/REGISTRIES]: Holder lookups applied: minecraft:worldgen/foliage_placer_type
[10May2026 14:05:35.302] [Render thread/DEBUG] [net.minecraftforge.registries.GameData/REGISTRIES]: Applying holder lookups: minecraft:worldgen/trunk_placer_type
[10May2026 14:05:35.303] [Render thread/DEBUG] [net.minecraftforge.registries.GameData/REGISTRIES]: Holder lookups applied: minecraft:worldgen/trunk_placer_type
[10May2026 14:05:35.303] [Render thread/DEBUG] [net.minecraftforge.registries.GameData/REGISTRIES]: Applying holder lookups: minecraft:worldgen/root_placer_type
[10May2026 14:05:35.304] [Render thread/DEBUG] [net.minecraftforge.registries.GameData/REGISTRIES]: Holder lookups applied: minecraft:worldgen/root_placer_type
[10May2026 14:05:35.304] [Render thread/DEBUG] [net.minecraftforge.registries.GameData/REGISTRIES]: Applying holder lookups: minecraft:worldgen/tree_decorator_type
[10May2026 14:05:35.305] [Render thread/DEBUG] [net.minecraftforge.registries.GameData/REGISTRIES]: Holder lookups applied: minecraft:worldgen/tree_decorator_type
[10May2026 14:05:35.305] [Render thread/DEBUG] [net.minecraftforge.registries.GameData/REGISTRIES]: Applying holder lookups: minecraft:worldgen/feature_size_type
[10May2026 14:05:35.305] [Render thread/DEBUG] [net.minecraftforge.registries.GameData/REGISTRIES]: Holder lookups applied: minecraft:worldgen/feature_size_type
[10May2026 14:05:35.306] [Render thread/DEBUG] [net.minecraftforge.registries.GameData/REGISTRIES]: Applying holder lookups: minecraft:worldgen/biome_source
[10May2026 14:05:35.306] [Render thread/DEBUG] [net.minecraftforge.registries.GameData/REGISTRIES]: Holder lookups applied: minecraft:worldgen/biome_source
[10May2026 14:05:35.307] [Render thread/DEBUG] [net.minecraftforge.registries.GameData/REGISTRIES]: Applying holder lookups: minecraft:worldgen/chunk_generator
[10May2026 14:05:35.307] [Render thread/DEBUG] [net.minecraftforge.registries.GameData/REGISTRIES]: Holder lookups applied: minecraft:worldgen/chunk_generator
[10May2026 14:05:35.307] [Render thread/DEBUG] [net.minecraftforge.registries.GameData/REGISTRIES]: Applying holder lookups: minecraft:worldgen/material_condition
[10May2026 14:05:35.307] [Render thread/DEBUG] [net.minecraftforge.registries.GameData/REGISTRIES]: Holder lookups applied: minecraft:worldgen/material_condition
[10May2026 14:05:35.307] [Render thread/DEBUG] [net.minecraftforge.registries.GameData/REGISTRIES]: Applying holder lookups: minecraft:worldgen/material_rule
[10May2026 14:05:35.309] [Render thread/DEBUG] [net.minecraftforge.registries.GameData/REGISTRIES]: Holder lookups applied: minecraft:worldgen/material_rule
[10May2026 14:05:35.309] [Render thread/DEBUG] [net.minecraftforge.registries.GameData/REGISTRIES]: Applying holder lookups: minecraft:worldgen/density_function_type
[10May2026 14:05:35.310] [Render thread/DEBUG] [net.minecraftforge.registries.GameData/REGISTRIES]: Holder lookups applied: minecraft:worldgen/density_function_type
[10May2026 14:05:35.310] [Render thread/DEBUG] [net.minecraftforge.registries.GameData/REGISTRIES]: Applying holder lookups: minecraft:worldgen/structure_pool_element
[10May2026 14:05:35.311] [Render thread/DEBUG] [net.minecraftforge.registries.GameData/REGISTRIES]: Holder lookups applied: minecraft:worldgen/structure_pool_element
[10May2026 14:05:35.311] [Render thread/DEBUG] [net.minecraftforge.registries.GameData/REGISTRIES]: Applying holder lookups: minecraft:cat_variant
[10May2026 14:05:35.313] [Render thread/DEBUG] [net.minecraftforge.registries.GameData/REGISTRIES]: Holder lookups applied: minecraft:cat_variant
[10May2026 14:05:35.313] [Render thread/DEBUG] [net.minecraftforge.registries.GameData/REGISTRIES]: Applying holder lookups: minecraft:frog_variant
[10May2026 14:05:35.314] [Render thread/DEBUG] [net.minecraftforge.registries.GameData/REGISTRIES]: Holder lookups applied: minecraft:frog_variant
[10May2026 14:05:35.314] [Render thread/DEBUG] [net.minecraftforge.registries.GameData/REGISTRIES]: Applying holder lookups: minecraft:banner_pattern
[10May2026 14:05:35.314] [Render thread/DEBUG] [net.minecraftforge.registries.GameData/REGISTRIES]: Holder lookups applied: minecraft:banner_pattern
[10May2026 14:05:35.314] [Render thread/DEBUG] [net.minecraftforge.registries.GameData/REGISTRIES]: Applying holder lookups: minecraft:instrument
[10May2026 14:05:35.315] [Render thread/DEBUG] [net.minecraftforge.registries.GameData/REGISTRIES]: Holder lookups applied: minecraft:instrument
[10May2026 14:05:35.315] [Render thread/DEBUG] [net.minecraftforge.registries.GameData/REGISTRIES]: Applying holder lookups: minecraft:decorated_pot_patterns
[10May2026 14:05:35.315] [Render thread/DEBUG] [net.minecraftforge.registries.GameData/REGISTRIES]: Holder lookups applied: minecraft:decorated_pot_patterns
[10May2026 14:05:35.315] [Render thread/DEBUG] [net.minecraftforge.registries.GameData/REGISTRIES]: Applying holder lookups: minecraft:creative_mode_tab
[10May2026 14:05:35.316] [Render thread/DEBUG] [net.minecraftforge.registries.GameData/REGISTRIES]: Holder lookups applied: minecraft:creative_mode_tab
[10May2026 14:05:35.327] [Render thread/DEBUG] [net.minecraftforge.registries.GameData/REGISTRIES]: Applying holder lookups: forge:biome_modifier_serializers
[10May2026 14:05:35.327] [Render thread/DEBUG] [net.minecraftforge.registries.GameData/REGISTRIES]: Holder lookups applied: forge:biome_modifier_serializers
[10May2026 14:05:35.329] [Render thread/DEBUG] [net.minecraftforge.registries.GameData/REGISTRIES]: Applying holder lookups: forge:display_contexts
[10May2026 14:05:35.330] [Render thread/DEBUG] [net.minecraftforge.registries.GameData/REGISTRIES]: Holder lookups applied: forge:display_contexts
[10May2026 14:05:35.330] [Render thread/DEBUG] [net.minecraftforge.registries.GameData/REGISTRIES]: Applying holder lookups: forge:entity_data_serializers
[10May2026 14:05:35.331] [Render thread/DEBUG] [net.minecraftforge.registries.GameData/REGISTRIES]: Holder lookups applied: forge:entity_data_serializers
[10May2026 14:05:35.343] [Render thread/DEBUG] [net.minecraftforge.registries.GameData/REGISTRIES]: Applying holder lookups: forge:fluid_type
[10May2026 14:05:35.344] [Render thread/DEBUG] [net.minecraftforge.registries.GameData/REGISTRIES]: Holder lookups applied: forge:fluid_type
[10May2026 14:05:35.344] [Render thread/DEBUG] [net.minecraftforge.registries.GameData/REGISTRIES]: Applying holder lookups: forge:global_loot_modifier_serializers
[10May2026 14:05:35.344] [Render thread/DEBUG] [net.minecraftforge.registries.GameData/REGISTRIES]: Holder lookups applied: forge:global_loot_modifier_serializers
[10May2026 14:05:35.353] [Render thread/DEBUG] [net.minecraftforge.registries.GameData/REGISTRIES]: Applying holder lookups: forge:holder_set_type
[10May2026 14:05:35.353] [Render thread/DEBUG] [net.minecraftforge.registries.GameData/REGISTRIES]: Holder lookups applied: forge:holder_set_type
[10May2026 14:05:35.354] [Render thread/DEBUG] [net.minecraftforge.registries.GameData/REGISTRIES]: Applying holder lookups: forge:structure_modifier_serializers
[10May2026 14:05:35.355] [Render thread/DEBUG] [net.minecraftforge.registries.GameData/REGISTRIES]: Holder lookups applied: forge:structure_modifier_serializers
[10May2026 14:05:35.355] [Render thread/DEBUG] [net.minecraftforge.registries.GameData/REGISTRIES]: Applying holder lookups: minecraft:worldgen/biome
[10May2026 14:05:35.356] [Render thread/DEBUG] [net.minecraftforge.registries.GameData/REGISTRIES]: Holder lookups applied: minecraft:worldgen/biome
[10May2026 14:05:35.549] [Render thread/DEBUG] [net.minecraftforge.client.loading.ClientModLoader/CORE]: Generating PackInfo named mod:forge for mod file /
[10May2026 14:05:35.552] [Render thread/DEBUG] [net.minecraftforge.client.loading.ClientModLoader/CORE]: Generating PackInfo named mod:time_machine for mod file C:\Users\sreng\time machine\build\resources\main
[10May2026 14:05:36.499] [Render thread/INFO] [net.minecraftforge.gametest.ForgeGameTestHooks/]: Enabled Gametest Namespaces: [time_machine]
[10May2026 14:05:36.773] [Render thread/INFO] [net.minecraft.server.packs.resources.ReloadableResourceManager/]: Reloading ResourceManager: vanilla, mod_resources
[10May2026 14:05:36.798] [modloading-worker-0/DEBUG] [net.minecraftforge.fml.config.ConfigTracker/CONFIG]: Loading configs type CLIENT
[10May2026 14:05:36.801] [modloading-worker-0/DEBUG] [net.minecraftforge.fml.config.ConfigFileTypeHandler/CONFIG]: Built TOML config for C:\Users\sreng\time machine\run\config\forge-client.toml
[10May2026 14:05:36.803] [modloading-worker-0/DEBUG] [net.minecraftforge.fml.config.ConfigFileTypeHandler/CONFIG]: Loaded TOML config file C:\Users\sreng\time machine\run\config\forge-client.toml
[10May2026 14:05:36.816] [modloading-worker-0/DEBUG] [net.minecraftforge.fml.config.ConfigFileTypeHandler/CONFIG]: Watching TOML config file C:\Users\sreng\time machine\run\config\forge-client.toml for changes
[10May2026 14:05:36.822] [modloading-worker-0/DEBUG] [net.minecraftforge.common.ForgeConfig/FORGEMOD]: Loaded forge config file forge-client.toml
[10May2026 14:05:36.824] [modloading-worker-0/DEBUG] [net.minecraftforge.fml.config.ConfigTracker/CONFIG]: Loading configs type COMMON
[10May2026 14:05:36.955] [Worker-Main-9/INFO] [net.minecraft.client.gui.font.providers.UnihexProvider/]: Found unifont_all_no_pua-15.0.06.hex, loading
[10May2026 14:05:37.014] [Forge Version Check/INFO] [net.minecraftforge.fml.VersionChecker/]: [forge] Starting version check at https://files.minecraftforge.net/net/minecraftforge/forge/promotions_slim.json
[10May2026 14:05:37.736] [Forge Version Check/DEBUG] [net.minecraftforge.fml.VersionChecker/]: [forge] Received version check data:
{
  "homepage": "https://files.minecraftforge.net/net/minecraftforge/forge/",
  "promos": {
    "1.1-latest": "1.3.4.29",
    "1.2.3-latest": "1.4.1.64",
    "1.2.4-latest": "2.0.0.68",
    "1.2.5-latest": "3.4.9.171",
    "1.3.2-latest": "4.3.5.318",
    "1.4.0-latest": "5.0.0.326",
    "1.4.1-latest": "6.0.0.329",
    "1.4.2-latest": "6.0.1.355",
    "1.4.3-latest": "6.2.1.358",
    "1.4.4-latest": "6.3.0.378",
    "1.4.5-latest": "6.4.2.448",
    "1.4.6-latest": "6.5.0.489",
    "1.4.7-latest": "6.6.2.534",
    "1.5-latest": "7.7.0.598",
    "1.5.1-latest": "7.7.2.682",
    "1.5.2-latest": "7.8.1.738",
    "1.5.2-recommended": "7.8.1.738",
    "1.6.1-latest": "8.9.0.775",
    "1.6.2-latest": "9.10.1.871",
    "1.6.2-recommended": "9.10.1.871",
    "1.6.3-latest": "9.11.0.878",
    "1.6.4-latest": "9.11.1.1345",
    "1.6.4-recommended": "9.11.1.1345",
    "1.7.2-latest": "10.12.2.1161",
    "1.7.2-recommended": "10.12.2.1161",
    "1.7.10-latest": "10.13.4.1614",
    "1.7.10-recommended": "10.13.4.1614",
    "1.8-latest": "11.14.4.1577",
    "1.8-recommended": "11.14.4.1563",
    "1.8.8-latest": "11.15.0.1655",
    "1.8.9-latest": "11.15.1.2318",
    "1.8.9-recommended": "11.15.1.2318",
    "1.9-latest": "12.16.1.1938",
    "1.9-recommended": "12.16.1.1887",
    "1.9.4-latest": "12.17.0.2317",
    "1.9.4-recommended": "12.17.0.2317",
    "1.10-latest": "12.18.0.2000",
    "1.10.2-latest": "12.18.3.2511",
    "1.10.2-recommended": "12.18.3.2511",
    "1.11-latest": "13.19.1.2199",
    "1.11-recommended": "13.19.1.2189",
    "1.11.2-latest": "13.20.1.2588",
    "1.11.2-recommended": "13.20.1.2588",
    "1.12-latest": "14.21.1.2443",
    "1.12-recommended": "14.21.1.2387",
    "1.12.1-latest": "14.22.1.2485",
    "1.12.1-recommended": "14.22.1.2478",
    "1.12.2-latest": "14.23.5.2864",
    "1.12.2-recommended": "14.23.5.2859",
    "1.13.2-latest": "25.0.223",
    "1.14.2-latest": "26.0.63",
    "1.14.3-latest": "27.0.60",
    "1.14.4-latest": "28.2.28",
    "1.14.4-recommended": "28.2.26",
    "1.15-latest": "29.0.4",
    "1.15.1-latest": "30.0.51",
    "1.15.2-latest": "31.2.60",
    "1.15.2-recommended": "31.2.57",
    "1.16.1-latest": "32.0.108",
    "1.16.2-latest": "33.0.61",
    "1.16.3-latest": "34.1.42",
    "1.16.3-recommended": "34.1.0",
    "1.16.4-latest": "35.1.37",
    "1.16.4-recommended": "35.1.4",
    "1.16.5-latest": "36.2.42",
    "1.16.5-recommended": "36.2.34",
    "1.17.1-latest": "37.1.1",
    "1.17.1-recommended": "37.1.1",
    "1.18-latest": "38.0.17",
    "1.18.1-latest": "39.1.2",
    "1.18.1-recommended": "39.1.0",
    "1.18.2-recommended": "40.3.0",
    "1.18.2-latest": "40.3.12",
    "1.19-latest": "41.1.0",
    "1.19-recommended": "41.1.0",
    "1.19.1-latest": "42.0.9",
    "1.19.2-recommended": "43.5.0",
    "1.19.2-latest": "43.5.2",
    "1.19.3-latest": "44.1.23",
    "1.19.3-recommended": "44.1.0",
    "1.19.4-recommended": "45.4.0",
    "1.19.4-latest": "45.4.3",
    "1.20-latest": "46.0.14",
    "1.20.1-recommended": "47.4.10",
    "1.20.1-latest": "47.4.20",
    "1.20.2-latest": "48.1.0",
    "1.20.2-recommended": "48.1.0",
    "1.20.3-latest": "49.0.2",
    "1.20.4-latest": "49.2.7",
    "1.20.4-recommended": "49.2.0",
    "1.20.6-latest": "50.2.8",
    "1.20.6-recommended": "50.2.0",
    "1.21-latest": "51.0.33",
    "1.21.1-latest": "52.1.14",
    "1.21.1-recommended": "52.1.0",
    "1.21.3-latest": "53.1.10",
    "1.21.3-recommended": "53.1.0",
    "1.21.4-latest": "54.1.16",
    "1.21.4-recommended": "54.1.14",
    "1.21.5-latest": "55.1.10",
    "1.21.5-recommended": "55.1.0",
    "1.21.6-latest": "56.0.9",
    "1.21.7-latest": "57.0.3",
    "1.21.8-latest": "58.1.18",
    "1.21.8-recommended": "58.1.0",
    "1.21.9-latest": "59.0.5",
    "1.21.10-latest": "60.1.9",
    "1.21.10-recommended": "60.1.0",
    "1.21.11-latest": "61.1.5",
    "1.21.11-recommended": "61.1.0",
    "26.1-latest": "62.0.9",
    "26.1.1-latest": "63.0.2",
    "26.1.2-latest": "64.0.8"
  }
}
[10May2026 14:05:37.739] [Forge Version Check/INFO] [net.minecraftforge.fml.VersionChecker/]: [forge] Found status: AHEAD Current: 47.4.20 Target: null
[10May2026 14:05:38.838] [modloading-worker-0/DEBUG] [net.minecraftforge.registries.GameData/REGISTRIES]: Freezing registries
[10May2026 14:05:38.840] [modloading-worker-0/DEBUG] [net.minecraftforge.registries.ForgeRegistry/REGISTRIES]: Registry minecraft:block Sync: FROZEN -> ACTIVE
[10May2026 14:05:38.856] [modloading-worker-0/DEBUG] [net.minecraftforge.registries.ForgeRegistry/REGISTRIES]: Registry minecraft:fluid Sync: FROZEN -> ACTIVE
[10May2026 14:05:38.857] [modloading-worker-0/DEBUG] [net.minecraftforge.registries.ForgeRegistry/REGISTRIES]: Registry minecraft:item Sync: FROZEN -> ACTIVE
[10May2026 14:05:38.871] [modloading-worker-0/DEBUG] [net.minecraftforge.registries.ForgeRegistry/REGISTRIES]: Registry minecraft:mob_effect Sync: FROZEN -> ACTIVE
[10May2026 14:05:38.872] [modloading-worker-0/DEBUG] [net.minecraftforge.registries.ForgeRegistry/REGISTRIES]: Registry minecraft:sound_event Sync: FROZEN -> ACTIVE
[10May2026 14:05:38.889] [modloading-worker-0/DEBUG] [net.minecraftforge.registries.ForgeRegistry/REGISTRIES]: Registry minecraft:potion Sync: FROZEN -> ACTIVE
[10May2026 14:05:38.890] [modloading-worker-0/DEBUG] [net.minecraftforge.registries.ForgeRegistry/REGISTRIES]: Registry minecraft:enchantment Sync: FROZEN -> ACTIVE
[10May2026 14:05:38.892] [modloading-worker-0/DEBUG] [net.minecraftforge.registries.ForgeRegistry/REGISTRIES]: Registry minecraft:entity_type Sync: FROZEN -> ACTIVE
[10May2026 14:05:38.895] [modloading-worker-0/DEBUG] [net.minecraftforge.registries.ForgeRegistry/REGISTRIES]: Registry minecraft:block_entity_type Sync: FROZEN -> ACTIVE
[10May2026 14:05:38.895] [modloading-worker-0/DEBUG] [net.minecraftforge.registries.ForgeRegistry/REGISTRIES]: Registry minecraft:particle_type Sync: FROZEN -> ACTIVE
[10May2026 14:05:38.896] [modloading-worker-0/DEBUG] [net.minecraftforge.registries.ForgeRegistry/REGISTRIES]: Registry minecraft:menu Sync: FROZEN -> ACTIVE
[10May2026 14:05:38.897] [modloading-worker-0/DEBUG] [net.minecraftforge.registries.ForgeRegistry/REGISTRIES]: Registry minecraft:painting_variant Sync: FROZEN -> ACTIVE
[10May2026 14:05:38.897] [modloading-worker-0/DEBUG] [net.minecraftforge.registries.ForgeRegistry/REGISTRIES]: Registry minecraft:recipe_type Sync: FROZEN -> ACTIVE
[10May2026 14:05:38.898] [modloading-worker-0/DEBUG] [net.minecraftforge.registries.ForgeRegistry/REGISTRIES]: Registry minecraft:recipe_serializer Sync: FROZEN -> ACTIVE
[10May2026 14:05:38.898] [modloading-worker-0/DEBUG] [net.minecraftforge.registries.ForgeRegistry/REGISTRIES]: Registry minecraft:attribute Sync: FROZEN -> ACTIVE
[10May2026 14:05:38.899] [modloading-worker-0/DEBUG] [net.minecraftforge.registries.ForgeRegistry/REGISTRIES]: Registry minecraft:stat_type Sync: FROZEN -> ACTIVE
[10May2026 14:05:38.899] [modloading-worker-0/DEBUG] [net.minecraftforge.registries.ForgeRegistry/REGISTRIES]: Registry minecraft:command_argument_type Sync: FROZEN -> ACTIVE
[10May2026 14:05:38.901] [modloading-worker-0/DEBUG] [net.minecraftforge.registries.ForgeRegistry/REGISTRIES]: Registry minecraft:villager_profession Sync: FROZEN -> ACTIVE
[10May2026 14:05:38.901] [modloading-worker-0/DEBUG] [net.minecraftforge.registries.ForgeRegistry/REGISTRIES]: Registry minecraft:point_of_interest_type Sync: FROZEN -> ACTIVE
[10May2026 14:05:38.904] [modloading-worker-0/DEBUG] [net.minecraftforge.registries.ForgeRegistry/REGISTRIES]: Registry minecraft:memory_module_type Sync: FROZEN -> ACTIVE
[10May2026 14:05:38.907] [modloading-worker-0/DEBUG] [net.minecraftforge.registries.ForgeRegistry/REGISTRIES]: Registry minecraft:sensor_type Sync: FROZEN -> ACTIVE
[10May2026 14:05:38.907] [modloading-worker-0/DEBUG] [net.minecraftforge.registries.ForgeRegistry/REGISTRIES]: Registry minecraft:schedule Sync: FROZEN -> ACTIVE
[10May2026 14:05:38.908] [modloading-worker-0/DEBUG] [net.minecraftforge.registries.ForgeRegistry/REGISTRIES]: Registry minecraft:activity Sync: FROZEN -> ACTIVE
[10May2026 14:05:38.908] [modloading-worker-0/DEBUG] [net.minecraftforge.registries.ForgeRegistry/REGISTRIES]: Registry minecraft:worldgen/carver Sync: FROZEN -> ACTIVE
[10May2026 14:05:38.908] [modloading-worker-0/DEBUG] [net.minecraftforge.registries.ForgeRegistry/REGISTRIES]: Registry minecraft:worldgen/feature Sync: FROZEN -> ACTIVE
[10May2026 14:05:38.909] [modloading-worker-0/DEBUG] [net.minecraftforge.registries.ForgeRegistry/REGISTRIES]: Registry minecraft:chunk_status Sync: FROZEN -> ACTIVE
[10May2026 14:05:38.909] [modloading-worker-0/DEBUG] [net.minecraftforge.registries.ForgeRegistry/REGISTRIES]: Registry minecraft:worldgen/block_state_provider_type Sync: FROZEN -> ACTIVE
[10May2026 14:05:38.910] [modloading-worker-0/DEBUG] [net.minecraftforge.registries.ForgeRegistry/REGISTRIES]: Registry minecraft:worldgen/foliage_placer_type Sync: FROZEN -> ACTIVE
[10May2026 14:05:38.910] [modloading-worker-0/DEBUG] [net.minecraftforge.registries.ForgeRegistry/REGISTRIES]: Registry minecraft:worldgen/tree_decorator_type Sync: FROZEN -> ACTIVE
[10May2026 14:05:38.910] [modloading-worker-0/DEBUG] [net.minecraftforge.registries.ForgeRegistry/REGISTRIES]: Registry minecraft:worldgen/biome Sync: FROZEN -> ACTIVE
[10May2026 14:05:38.911] [modloading-worker-0/DEBUG] [net.minecraftforge.registries.ForgeRegistry/REGISTRIES]: Registry forge:entity_data_serializers Sync: FROZEN -> ACTIVE
[10May2026 14:05:38.911] [modloading-worker-0/DEBUG] [net.minecraftforge.registries.ForgeRegistry/REGISTRIES]: Registry forge:global_loot_modifier_serializers Sync: FROZEN -> ACTIVE
[10May2026 14:05:38.911] [modloading-worker-0/DEBUG] [net.minecraftforge.registries.ForgeRegistry/REGISTRIES]: Registry forge:biome_modifier_serializers Sync: FROZEN -> ACTIVE
[10May2026 14:05:38.911] [modloading-worker-0/DEBUG] [net.minecraftforge.registries.ForgeRegistry/REGISTRIES]: Registry forge:fluid_type Sync: FROZEN -> ACTIVE
[10May2026 14:05:38.911] [modloading-worker-0/DEBUG] [net.minecraftforge.registries.ForgeRegistry/REGISTRIES]: Registry forge:structure_modifier_serializers Sync: FROZEN -> ACTIVE
[10May2026 14:05:38.911] [modloading-worker-0/DEBUG] [net.minecraftforge.registries.ForgeRegistry/REGISTRIES]: Registry forge:holder_set_type Sync: FROZEN -> ACTIVE
[10May2026 14:05:38.912] [modloading-worker-0/DEBUG] [net.minecraftforge.registries.ForgeRegistry/REGISTRIES]: Registry forge:display_contexts Sync: FROZEN -> ACTIVE
[10May2026 14:05:39.743] [modloading-worker-0/DEBUG] [net.minecraftforge.registries.GameData/REGISTRIES]: All registries frozen
[10May2026 14:05:39.787] [Render thread/DEBUG] [net.minecraftforge.common.ForgeI18n/CORE]: Loading I18N data entries: 6436
[10May2026 14:05:39.836] [Render thread/WARN] [net.minecraft.client.sounds.SoundEngine/]: Missing sound for event: minecraft:item.goat_horn.play
[10May2026 14:05:39.836] [Render thread/WARN] [net.minecraft.client.sounds.SoundEngine/]: Missing sound for event: minecraft:entity.goat.screaming.horn_break
[10May2026 14:05:39.937] [Render thread/INFO] [com.mojang.blaze3d.audio.Library/]: OpenAL initialized on device OpenAL Soft on Speakers (Realtek(R) Audio)
[10May2026 14:05:39.939] [Render thread/INFO] [net.minecraft.client.sounds.SoundEngine/SOUNDS]: Sound engine started
[10May2026 14:05:40.165] [Render thread/INFO] [net.minecraft.client.renderer.texture.TextureAtlas/]: Created: 1024x512x4 minecraft:textures/atlas/blocks.png-atlas
[10May2026 14:05:40.334] [Render thread/INFO] [net.minecraft.client.renderer.texture.TextureAtlas/]: Created: 256x256x4 minecraft:textures/atlas/signs.png-atlas
[10May2026 14:05:40.337] [Render thread/INFO] [net.minecraft.client.renderer.texture.TextureAtlas/]: Created: 512x512x4 minecraft:textures/atlas/banner_patterns.png-atlas
[10May2026 14:05:40.344] [Render thread/INFO] [net.minecraft.client.renderer.texture.TextureAtlas/]: Created: 512x512x4 minecraft:textures/atlas/shield_patterns.png-atlas
[10May2026 14:05:40.353] [Render thread/INFO] [net.minecraft.client.renderer.texture.TextureAtlas/]: Created: 1024x1024x4 minecraft:textures/atlas/armor_trims.png-atlas
[10May2026 14:05:40.516] [Render thread/INFO] [net.minecraft.client.renderer.texture.TextureAtlas/]: Created: 256x256x4 minecraft:textures/atlas/chest.png-atlas
[10May2026 14:05:40.527] [Render thread/INFO] [net.minecraft.client.renderer.texture.TextureAtlas/]: Created: 128x64x4 minecraft:textures/atlas/decorated_pot.png-atlas
[10May2026 14:05:40.535] [Render thread/INFO] [net.minecraft.client.renderer.texture.TextureAtlas/]: Created: 512x256x4 minecraft:textures/atlas/beds.png-atlas
[10May2026 14:05:40.544] [Render thread/INFO] [net.minecraft.client.renderer.texture.TextureAtlas/]: Created: 512x256x4 minecraft:textures/atlas/shulker_boxes.png-atlas
[10May2026 14:05:41.244] [Render thread/WARN] [net.minecraft.client.renderer.ShaderInstance/]: Shader rendertype_entity_translucent_emissive could not find sampler named Sampler2 in the specified shader program.
[10May2026 14:05:41.428] [Render thread/INFO] [net.minecraft.client.renderer.texture.TextureAtlas/]: Created: 256x256x0 minecraft:textures/atlas/particles.png-atlas
[10May2026 14:05:41.452] [Render thread/INFO] [net.minecraft.client.renderer.texture.TextureAtlas/]: Created: 256x256x0 minecraft:textures/atlas/paintings.png-atlas
[10May2026 14:05:41.457] [Render thread/INFO] [net.minecraft.client.renderer.texture.TextureAtlas/]: Created: 128x128x0 minecraft:textures/atlas/mob_effects.png-atlas
[10May2026 14:05:41.912] [Realms Notification Availability checker #1/INFO] [com.mojang.realmsclient.client.RealmsClient/]: Could not authorize you against Realms server: java.lang.RuntimeException: Failed to parse into SignedJWT: 0
[10May2026 14:05:48.012] [Render thread/INFO] [net.minecraftforge.registries.GameData/REGISTRIES]: Injecting existing registry data into this CLIENT instance
[10May2026 14:05:48.113] [Render thread/DEBUG] [net.minecraftforge.registries.ForgeRegistry/REGISTRIES]: Registry minecraft:block Sync: ACTIVE -> STAGING
[10May2026 14:05:48.119] [Render thread/DEBUG] [net.minecraftforge.registries.ForgeRegistry/REGISTRIES]: Registry minecraft:fluid Sync: ACTIVE -> STAGING
[10May2026 14:05:48.119] [Render thread/DEBUG] [net.minecraftforge.registries.ForgeRegistry/REGISTRIES]: Registry minecraft:item Sync: ACTIVE -> STAGING
[10May2026 14:05:48.125] [Render thread/DEBUG] [net.minecraftforge.registries.ForgeRegistry/REGISTRIES]: Registry minecraft:mob_effect Sync: ACTIVE -> STAGING
[10May2026 14:05:48.125] [Render thread/DEBUG] [net.minecraftforge.registries.ForgeRegistry/REGISTRIES]: Registry minecraft:sound_event Sync: ACTIVE -> STAGING
[10May2026 14:05:48.134] [Render thread/DEBUG] [net.minecraftforge.registries.ForgeRegistry/REGISTRIES]: Registry minecraft:potion Sync: ACTIVE -> STAGING
[10May2026 14:05:48.134] [Render thread/DEBUG] [net.minecraftforge.registries.ForgeRegistry/REGISTRIES]: Registry minecraft:enchantment Sync: ACTIVE -> STAGING
[10May2026 14:05:48.134] [Render thread/DEBUG] [net.minecraftforge.registries.ForgeRegistry/REGISTRIES]: Registry minecraft:entity_type Sync: ACTIVE -> STAGING
[10May2026 14:05:48.135] [Render thread/DEBUG] [net.minecraftforge.registries.ForgeRegistry/REGISTRIES]: Registry minecraft:block_entity_type Sync: ACTIVE -> STAGING
[10May2026 14:05:48.135] [Render thread/DEBUG] [net.minecraftforge.registries.ForgeRegistry/REGISTRIES]: Registry minecraft:particle_type Sync: ACTIVE -> STAGING
[10May2026 14:05:48.136] [Render thread/DEBUG] [net.minecraftforge.registries.ForgeRegistry/REGISTRIES]: Registry minecraft:menu Sync: ACTIVE -> STAGING
[10May2026 14:05:48.136] [Render thread/DEBUG] [net.minecraftforge.registries.ForgeRegistry/REGISTRIES]: Registry minecraft:painting_variant Sync: ACTIVE -> STAGING
[10May2026 14:05:48.136] [Render thread/DEBUG] [net.minecraftforge.registries.ForgeRegistry/REGISTRIES]: Registry minecraft:recipe_type Sync: ACTIVE -> STAGING
[10May2026 14:05:48.136] [Render thread/DEBUG] [net.minecraftforge.registries.ForgeRegistry/REGISTRIES]: Registry minecraft:recipe_serializer Sync: ACTIVE -> STAGING
[10May2026 14:05:48.136] [Render thread/DEBUG] [net.minecraftforge.registries.ForgeRegistry/REGISTRIES]: Registry minecraft:attribute Sync: ACTIVE -> STAGING
[10May2026 14:05:48.136] [Render thread/DEBUG] [net.minecraftforge.registries.ForgeRegistry/REGISTRIES]: Registry minecraft:stat_type Sync: ACTIVE -> STAGING
[10May2026 14:05:48.136] [Render thread/DEBUG] [net.minecraftforge.registries.ForgeRegistry/REGISTRIES]: Registry minecraft:command_argument_type Sync: ACTIVE -> STAGING
[10May2026 14:05:48.136] [Render thread/DEBUG] [net.minecraftforge.registries.ForgeRegistry/REGISTRIES]: Registry minecraft:villager_profession Sync: ACTIVE -> STAGING
[10May2026 14:05:48.137] [Render thread/DEBUG] [net.minecraftforge.registries.ForgeRegistry/REGISTRIES]: Registry minecraft:point_of_interest_type Sync: ACTIVE -> STAGING
[10May2026 14:05:48.138] [Render thread/DEBUG] [net.minecraftforge.registries.ForgeRegistry/REGISTRIES]: Registry minecraft:memory_module_type Sync: ACTIVE -> STAGING
[10May2026 14:05:48.138] [Render thread/DEBUG] [net.minecraftforge.registries.ForgeRegistry/REGISTRIES]: Registry minecraft:sensor_type Sync: ACTIVE -> STAGING
[10May2026 14:05:48.138] [Render thread/DEBUG] [net.minecraftforge.registries.ForgeRegistry/REGISTRIES]: Registry minecraft:schedule Sync: ACTIVE -> STAGING
[10May2026 14:05:48.138] [Render thread/DEBUG] [net.minecraftforge.registries.ForgeRegistry/REGISTRIES]: Registry minecraft:activity Sync: ACTIVE -> STAGING
[10May2026 14:05:48.138] [Render thread/DEBUG] [net.minecraftforge.registries.ForgeRegistry/REGISTRIES]: Registry minecraft:worldgen/carver Sync: ACTIVE -> STAGING
[10May2026 14:05:48.138] [Render thread/DEBUG] [net.minecraftforge.registries.ForgeRegistry/REGISTRIES]: Registry minecraft:worldgen/feature Sync: ACTIVE -> STAGING
[10May2026 14:05:48.138] [Render thread/DEBUG] [net.minecraftforge.registries.ForgeRegistry/REGISTRIES]: Registry minecraft:chunk_status Sync: ACTIVE -> STAGING
[10May2026 14:05:48.139] [Render thread/DEBUG] [net.minecraftforge.registries.ForgeRegistry/REGISTRIES]: Registry minecraft:worldgen/block_state_provider_type Sync: ACTIVE -> STAGING
[10May2026 14:05:48.139] [Render thread/DEBUG] [net.minecraftforge.registries.ForgeRegistry/REGISTRIES]: Registry minecraft:worldgen/foliage_placer_type Sync: ACTIVE -> STAGING
[10May2026 14:05:48.139] [Render thread/DEBUG] [net.minecraftforge.registries.ForgeRegistry/REGISTRIES]: Registry minecraft:worldgen/tree_decorator_type Sync: ACTIVE -> STAGING
[10May2026 14:05:48.139] [Render thread/DEBUG] [net.minecraftforge.registries.ForgeRegistry/REGISTRIES]: Registry minecraft:worldgen/biome Sync: ACTIVE -> STAGING
[10May2026 14:05:48.139] [Render thread/DEBUG] [net.minecraftforge.registries.ForgeRegistry/REGISTRIES]: Registry forge:entity_data_serializers Sync: ACTIVE -> STAGING
[10May2026 14:05:48.139] [Render thread/DEBUG] [net.minecraftforge.registries.ForgeRegistry/REGISTRIES]: Registry forge:global_loot_modifier_serializers Sync: ACTIVE -> STAGING
[10May2026 14:05:48.139] [Render thread/DEBUG] [net.minecraftforge.registries.ForgeRegistry/REGISTRIES]: Registry forge:biome_modifier_serializers Sync: ACTIVE -> STAGING
[10May2026 14:05:48.139] [Render thread/DEBUG] [net.minecraftforge.registries.ForgeRegistry/REGISTRIES]: Registry forge:fluid_type Sync: ACTIVE -> STAGING
[10May2026 14:05:48.139] [Render thread/DEBUG] [net.minecraftforge.registries.ForgeRegistry/REGISTRIES]: Registry forge:structure_modifier_serializers Sync: ACTIVE -> STAGING
[10May2026 14:05:48.139] [Render thread/DEBUG] [net.minecraftforge.registries.ForgeRegistry/REGISTRIES]: Registry forge:holder_set_type Sync: ACTIVE -> STAGING
[10May2026 14:05:48.139] [Render thread/DEBUG] [net.minecraftforge.registries.ForgeRegistry/REGISTRIES]: Registry forge:display_contexts Sync: ACTIVE -> STAGING
[10May2026 14:05:48.540] [Render thread/DEBUG] [net.minecraftforge.registries.ObjectHolderRegistry/REGISTRIES]: Applying holder lookups
[10May2026 14:05:48.548] [Render thread/DEBUG] [net.minecraftforge.registries.ObjectHolderRegistry/REGISTRIES]: Holder lookups applied
[10May2026 14:05:48.596] [Render thread/DEBUG] [net.minecraftforge.server.ServerLifecycleHooks/CORE]: Generating PackInfo named mod:forge for mod file /
[10May2026 14:05:48.599] [Render thread/DEBUG] [net.minecraftforge.server.ServerLifecycleHooks/CORE]: Generating PackInfo named mod:time_machine for mod file C:\Users\sreng\time machine\build\resources\main
[10May2026 14:05:49.790] [Render thread/DEBUG] [net.minecraftforge.coremod.transformer.CoreModBaseTransformer/COREMOD]: Transforming net/minecraft/server/commands/SummonCommand
[10May2026 14:05:50.313] [Worker-Main-3/DEBUG] [net.minecraftforge.coremod.transformer.CoreModBaseTransformer/COREMOD]: Transforming net/minecraft/world/entity/raid/Raid
[10May2026 14:05:50.617] [Render thread/INFO] [net.minecraft.world.item.crafting.RecipeManager/]: Loaded 7 recipes
[10May2026 14:05:50.832] [Render thread/INFO] [net.minecraft.advancements.AdvancementList/]: Loaded 1271 advancements
[10May2026 14:05:51.204] [Render thread/DEBUG] [net.minecraftforge.common.ForgeHooks/WP]: Gathering id map for writing to world save New World
[10May2026 14:05:51.246] [Render thread/DEBUG] [net.minecraftforge.common.ForgeHooks/WP]: ID Map collection complete New World
[10May2026 14:05:51.387] [Server thread/INFO] [net.minecraft.client.server.IntegratedServer/]: Starting integrated minecraft server version 1.20.1
[10May2026 14:05:51.387] [Server thread/INFO] [net.minecraft.server.MinecraftServer/]: Generating keypair
[10May2026 14:05:51.478] [Server thread/DEBUG] [net.minecraftforge.fml.config.ConfigTracker/CONFIG]: Loading configs type SERVER
[10May2026 14:05:51.478] [Server thread/DEBUG] [net.minecraftforge.fml.config.ConfigFileTypeHandler/CONFIG]: Built TOML config for .\saves\New World\serverconfig\forge-server.toml
[10May2026 14:05:51.479] [Server thread/DEBUG] [net.minecraftforge.fml.config.ConfigFileTypeHandler/CONFIG]: Loaded TOML config file .\saves\New World\serverconfig\forge-server.toml
[10May2026 14:05:51.481] [Server thread/DEBUG] [net.minecraftforge.fml.config.ConfigFileTypeHandler/CONFIG]: Watching TOML config file .\saves\New World\serverconfig\forge-server.toml for changes
[10May2026 14:05:51.482] [Server thread/DEBUG] [net.minecraftforge.common.ForgeConfig/FORGEMOD]: Loaded forge config file forge-server.toml
[10May2026 14:05:51.529] [Server thread/DEBUG] [net.minecraftforge.coremod.transformer.CoreModBaseTransformer/COREMOD]: Transforming net/minecraft/world/level/levelgen/PhantomSpawner
[10May2026 14:05:51.538] [Server thread/DEBUG] [net.minecraftforge.coremod.transformer.CoreModBaseTransformer/COREMOD]: Transforming net/minecraft/world/level/levelgen/PatrolSpawner
[10May2026 14:05:51.542] [Server thread/DEBUG] [net.minecraftforge.coremod.transformer.CoreModBaseTransformer/COREMOD]: Transforming net/minecraft/world/entity/npc/CatSpawner
[10May2026 14:05:51.547] [Server thread/DEBUG] [net.minecraftforge.coremod.transformer.CoreModBaseTransformer/COREMOD]: Transforming net/minecraft/world/entity/ai/village/VillageSiege
[10May2026 14:05:52.782] [Server thread/INFO] [net.minecraft.server.MinecraftServer/]: Preparing start region for dimension minecraft:overworld
[10May2026 14:05:54.275] [Server thread/DEBUG] [net.minecraftforge.coremod.transformer.CoreModBaseTransformer/COREMOD]: Transforming net/minecraft/world/level/levelgen/structure/templatesystem/StructureTemplate
[10May2026 14:05:56.293] [Render thread/INFO] [net.minecraft.server.level.progress.LoggerChunkProgressListener/]: Preparing spawn area: 0%
[10May2026 14:05:56.352] [Render thread/INFO] [net.minecraft.server.level.progress.LoggerChunkProgressListener/]: Preparing spawn area: 0%
[10May2026 14:05:56.352] [Render thread/INFO] [net.minecraft.server.level.progress.LoggerChunkProgressListener/]: Preparing spawn area: 0%
[10May2026 14:05:56.372] [Render thread/INFO] [net.minecraft.server.level.progress.LoggerChunkProgressListener/]: Preparing spawn area: 0%
[10May2026 14:05:56.390] [Render thread/INFO] [net.minecraft.server.level.progress.LoggerChunkProgressListener/]: Preparing spawn area: 0%
[10May2026 14:05:56.390] [Render thread/INFO] [net.minecraft.server.level.progress.LoggerChunkProgressListener/]: Preparing spawn area: 0%
[10May2026 14:05:56.455] [Render thread/INFO] [net.minecraft.server.level.progress.LoggerChunkProgressListener/]: Preparing spawn area: 0%
[10May2026 14:05:56.455] [Render thread/INFO] [net.minecraft.server.level.progress.LoggerChunkProgressListener/]: Preparing spawn area: 0%
[10May2026 14:05:56.866] [Render thread/INFO] [net.minecraft.server.level.progress.LoggerChunkProgressListener/]: Preparing spawn area: 0%
[10May2026 14:05:57.300] [Render thread/INFO] [net.minecraft.server.level.progress.LoggerChunkProgressListener/]: Preparing spawn area: 4%
[10May2026 14:05:57.783] [Render thread/INFO] [net.minecraft.server.level.progress.LoggerChunkProgressListener/]: Preparing spawn area: 54%
[10May2026 14:05:58.372] [Render thread/INFO] [net.minecraft.server.level.progress.LoggerChunkProgressListener/]: Preparing spawn area: 86%
[10May2026 14:05:58.433] [Render thread/INFO] [net.minecraft.server.level.progress.LoggerChunkProgressListener/]: Time elapsed: 5649 ms
[10May2026 14:05:58.435] [Server thread/INFO] [net.minecraftforge.server.permission.PermissionAPI/]: Successfully initialized permission handler forge:default_handler
[10May2026 14:05:58.731] [Server thread/DEBUG] [io.netty.buffer.AbstractByteBuf/]: -Dio.netty.buffer.checkAccessible: true
[10May2026 14:05:58.731] [Server thread/DEBUG] [io.netty.buffer.AbstractByteBuf/]: -Dio.netty.buffer.checkBounds: true
[10May2026 14:05:58.734] [Server thread/DEBUG] [io.netty.util.ResourceLeakDetectorFactory/]: Loaded default ResourceLeakDetector: io.netty.util.ResourceLeakDetector@38784370
[10May2026 14:05:58.794] [Server thread/DEBUG] [net.minecraftforge.coremod.transformer.CoreModBaseTransformer/COREMOD]: Transforming net/minecraft/world/level/NaturalSpawner
[10May2026 14:05:58.892] [Server thread/INFO] [net.minecraft.client.server.IntegratedServer/]: Changing view distance to 12, from 10
[10May2026 14:05:58.896] [Server thread/INFO] [net.minecraft.client.server.IntegratedServer/]: Changing simulation distance to 12, from 0
[10May2026 14:05:58.948] [Render thread/DEBUG] [io.netty.channel.MultithreadEventLoopGroup/]: -Dio.netty.eventLoopThreads: 24
[10May2026 14:05:59.002] [Render thread/DEBUG] [io.netty.util.internal.InternalThreadLocalMap/]: -Dio.netty.threadLocalMap.stringBuilder.initialSize: 1024
[10May2026 14:05:59.002] [Render thread/DEBUG] [io.netty.util.internal.InternalThreadLocalMap/]: -Dio.netty.threadLocalMap.stringBuilder.maxSize: 4096
[10May2026 14:05:59.012] [Render thread/DEBUG] [io.netty.channel.nio.NioEventLoop/]: -Dio.netty.noKeySetOptimization: false
[10May2026 14:05:59.013] [Render thread/DEBUG] [io.netty.channel.nio.NioEventLoop/]: -Dio.netty.selectorAutoRebuildThreshold: 512
[10May2026 14:05:59.026] [Render thread/DEBUG] [io.netty.util.internal.PlatformDependent/]: org.jctools-core.MpscChunkedArrayQueue: available
[10May2026 14:05:59.106] [Render thread/DEBUG] [io.netty.channel.DefaultChannelId/]: -Dio.netty.processId: 44520 (auto-detected)
[10May2026 14:05:59.112] [Render thread/WARN] [io.netty.util.internal.SystemPropertyUtil/]: Unable to parse the boolean system property 'java.net.preferIPv6Addresses':system - using the default value: false
[10May2026 14:05:59.113] [Render thread/DEBUG] [io.netty.util.NetUtil/]: -Djava.net.preferIPv4Stack: false
[10May2026 14:05:59.114] [Render thread/DEBUG] [io.netty.util.NetUtil/]: -Djava.net.preferIPv6Addresses: false
[10May2026 14:05:59.137] [Render thread/DEBUG] [io.netty.util.NetUtilInitializations/]: Loopback interface: lo (Software Loopback Interface 1, 127.0.0.1)
[10May2026 14:05:59.142] [Render thread/DEBUG] [io.netty.util.NetUtil/]: Failed to get SOMAXCONN from sysctl and file \proc\sys\net\core\somaxconn. Default: 200
[10May2026 14:05:59.618] [Render thread/DEBUG] [io.netty.channel.DefaultChannelId/]: -Dio.netty.machineId: 1c:70:c9:ff:fe:de:1f:4c (auto-detected)
[10May2026 14:05:59.681] [Render thread/DEBUG] [io.netty.buffer.PooledByteBufAllocator/]: -Dio.netty.allocator.numHeapArenas: 24
[10May2026 14:05:59.681] [Render thread/DEBUG] [io.netty.buffer.PooledByteBufAllocator/]: -Dio.netty.allocator.numDirectArenas: 24
[10May2026 14:05:59.681] [Render thread/DEBUG] [io.netty.buffer.PooledByteBufAllocator/]: -Dio.netty.allocator.pageSize: 8192
[10May2026 14:05:59.681] [Render thread/DEBUG] [io.netty.buffer.PooledByteBufAllocator/]: -Dio.netty.allocator.maxOrder: 9
[10May2026 14:05:59.682] [Render thread/DEBUG] [io.netty.buffer.PooledByteBufAllocator/]: -Dio.netty.allocator.chunkSize: 4194304
[10May2026 14:05:59.682] [Render thread/DEBUG] [io.netty.buffer.PooledByteBufAllocator/]: -Dio.netty.allocator.smallCacheSize: 256
[10May2026 14:05:59.682] [Render thread/DEBUG] [io.netty.buffer.PooledByteBufAllocator/]: -Dio.netty.allocator.normalCacheSize: 64
[10May2026 14:05:59.682] [Render thread/DEBUG] [io.netty.buffer.PooledByteBufAllocator/]: -Dio.netty.allocator.maxCachedBufferCapacity: 32768
[10May2026 14:05:59.682] [Render thread/DEBUG] [io.netty.buffer.PooledByteBufAllocator/]: -Dio.netty.allocator.cacheTrimInterval: 8192
[10May2026 14:05:59.682] [Render thread/DEBUG] [io.netty.buffer.PooledByteBufAllocator/]: -Dio.netty.allocator.cacheTrimIntervalMillis: 0
[10May2026 14:05:59.682] [Render thread/DEBUG] [io.netty.buffer.PooledByteBufAllocator/]: -Dio.netty.allocator.useCacheForAllThreads: false
[10May2026 14:05:59.682] [Render thread/DEBUG] [io.netty.buffer.PooledByteBufAllocator/]: -Dio.netty.allocator.maxCachedByteBuffersPerChunk: 1023
[10May2026 14:05:59.712] [Render thread/DEBUG] [io.netty.buffer.ByteBufUtil/]: -Dio.netty.allocator.type: pooled
[10May2026 14:05:59.712] [Render thread/DEBUG] [io.netty.buffer.ByteBufUtil/]: -Dio.netty.threadLocalDirectBufferSize: 0
[10May2026 14:05:59.712] [Render thread/DEBUG] [io.netty.buffer.ByteBufUtil/]: -Dio.netty.maxThreadLocalCharBufferSize: 16384
[10May2026 14:05:59.834] [Netty Local Client IO #0/DEBUG] [net.minecraftforge.network.HandshakeHandler/FMLHANDSHAKE]: Starting local connection.
[10May2026 14:06:00.136] [Netty Local Client IO #0/DEBUG] [io.netty.util.Recycler/]: -Dio.netty.recycler.maxCapacityPerThread: 4096
[10May2026 14:06:00.136] [Netty Local Client IO #0/DEBUG] [io.netty.util.Recycler/]: -Dio.netty.recycler.ratio: 8
[10May2026 14:06:00.137] [Netty Local Client IO #0/DEBUG] [io.netty.util.Recycler/]: -Dio.netty.recycler.chunkSize: 32
[10May2026 14:06:00.137] [Netty Local Client IO #0/DEBUG] [io.netty.util.Recycler/]: -Dio.netty.recycler.blocking: false
[10May2026 14:06:00.164] [Netty Server IO #1/DEBUG] [net.minecraftforge.network.HandshakeHandler/FMLHANDSHAKE]: Starting local connection.
[10May2026 14:06:00.191] [Server thread/DEBUG] [net.minecraftforge.network.HandshakeHandler/FMLHANDSHAKE]: Sending ticking packet info 'net.minecraftforge.network.HandshakeMessages$S2CModData' to 'fml:handshake' sequence 0
[10May2026 14:06:00.204] [Netty Local Client IO #0/DEBUG] [net.minecraftforge.network.LoginWrapper/FMLHANDSHAKE]: Recieved login wrapper packet event for channel fml:handshake with index 0
[10May2026 14:06:00.220] [Server thread/DEBUG] [net.minecraftforge.network.HandshakeHandler/FMLHANDSHAKE]: Sending ticking packet info 'net.minecraftforge.network.HandshakeMessages$S2CModList' to 'fml:handshake' sequence 1
[10May2026 14:06:00.221] [Netty Local Client IO #0/DEBUG] [net.minecraftforge.network.LoginWrapper/FMLHANDSHAKE]: Recieved login wrapper packet event for channel fml:handshake with index 1
[10May2026 14:06:00.223] [Netty Local Client IO #0/DEBUG] [net.minecraftforge.network.HandshakeHandler/FMLHANDSHAKE]: Logging into server with mod list [minecraft, forge, time_machine]
[10May2026 14:06:00.225] [Netty Local Client IO #0/DEBUG] [net.minecraftforge.network.NetworkRegistry/NETREGISTRY]: Channel 'fml:loginwrapper' : Version test of 'FML3' from server : ACCEPTED
[10May2026 14:06:00.225] [Netty Local Client IO #0/DEBUG] [net.minecraftforge.network.NetworkRegistry/NETREGISTRY]: Channel 'forge:tier_sorting' : Version test of '1.0' from server : ACCEPTED
[10May2026 14:06:00.225] [Netty Local Client IO #0/DEBUG] [net.minecraftforge.network.NetworkRegistry/NETREGISTRY]: Channel 'fml:handshake' : Version test of 'FML3' from server : ACCEPTED
[10May2026 14:06:00.225] [Netty Local Client IO #0/DEBUG] [net.minecraftforge.network.NetworkRegistry/NETREGISTRY]: Channel 'minecraft:unregister' : Version test of 'FML3' from server : ACCEPTED
[10May2026 14:06:00.225] [Netty Local Client IO #0/DEBUG] [net.minecraftforge.network.NetworkRegistry/NETREGISTRY]: Channel 'fml:play' : Version test of 'FML3' from server : ACCEPTED
[10May2026 14:06:00.225] [Netty Local Client IO #0/DEBUG] [net.minecraftforge.network.NetworkRegistry/NETREGISTRY]: Channel 'minecraft:register' : Version test of 'FML3' from server : ACCEPTED
[10May2026 14:06:00.225] [Netty Local Client IO #0/DEBUG] [net.minecraftforge.network.NetworkRegistry/NETREGISTRY]: Channel 'forge:split' : Version test of '1.1' from server : ACCEPTED
[10May2026 14:06:00.225] [Netty Local Client IO #0/DEBUG] [net.minecraftforge.network.NetworkRegistry/NETREGISTRY]: Accepting channel list from server
[10May2026 14:06:00.229] [Netty Local Client IO #0/DEBUG] [net.minecraftforge.network.LoginWrapper/FMLHANDSHAKE]: Dispatching wrapped packet reply for channel fml:handshake with index 1
[10May2026 14:06:00.229] [Netty Local Client IO #0/DEBUG] [net.minecraftforge.network.HandshakeHandler/FMLHANDSHAKE]: Accepted server connection
[10May2026 14:06:00.231] [Netty Server IO #1/DEBUG] [net.minecraftforge.network.LoginWrapper/FMLHANDSHAKE]: Recieved login wrapper packet event for channel fml:handshake with index 1
[10May2026 14:06:00.231] [Netty Server IO #1/DEBUG] [net.minecraftforge.network.HandshakeHandler/FMLHANDSHAKE]: Received client indexed reply 1 of type net.minecraftforge.network.HandshakeMessages$C2SModListReply
[10May2026 14:06:00.231] [Netty Server IO #1/DEBUG] [net.minecraftforge.network.HandshakeHandler/FMLHANDSHAKE]: Received client connection with modlist [minecraft, forge, time_machine]
[10May2026 14:06:00.232] [Netty Local Client IO #0/DEBUG] [net.minecraftforge.network.HandshakeHandler/REGISTRIES]: Expecting 19 registries: [minecraft:command_argument_type, minecraft:recipe_serializer, minecraft:sound_event, minecraft:particle_type, minecraft:villager_profession, minecraft:item, minecraft:potion, minecraft:painting_variant, forge:fluid_type, minecraft:block_entity_type, forge:display_contexts, minecraft:block, forge:entity_data_serializers, minecraft:mob_effect, minecraft:stat_type, minecraft:menu, minecraft:enchantment, minecraft:fluid, minecraft:entity_type]
[10May2026 14:06:00.232] [Netty Server IO #1/DEBUG] [net.minecraftforge.network.NetworkRegistry/NETREGISTRY]: Channel 'fml:loginwrapper' : Version test of 'FML3' from client : ACCEPTED
[10May2026 14:06:00.232] [Netty Server IO #1/DEBUG] [net.minecraftforge.network.NetworkRegistry/NETREGISTRY]: Channel 'forge:tier_sorting' : Version test of '1.0' from client : ACCEPTED
[10May2026 14:06:00.232] [Netty Server IO #1/DEBUG] [net.minecraftforge.network.NetworkRegistry/NETREGISTRY]: Channel 'fml:handshake' : Version test of 'FML3' from client : ACCEPTED
[10May2026 14:06:00.232] [Netty Server IO #1/DEBUG] [net.minecraftforge.network.NetworkRegistry/NETREGISTRY]: Channel 'minecraft:unregister' : Version test of 'FML3' from client : ACCEPTED
[10May2026 14:06:00.232] [Netty Server IO #1/DEBUG] [net.minecraftforge.network.NetworkRegistry/NETREGISTRY]: Channel 'fml:play' : Version test of 'FML3' from client : ACCEPTED
[10May2026 14:06:00.232] [Netty Server IO #1/DEBUG] [net.minecraftforge.network.NetworkRegistry/NETREGISTRY]: Channel 'minecraft:register' : Version test of 'FML3' from client : ACCEPTED
[10May2026 14:06:00.233] [Netty Server IO #1/DEBUG] [net.minecraftforge.network.NetworkRegistry/NETREGISTRY]: Channel 'forge:split' : Version test of '1.1' from client : ACCEPTED
[10May2026 14:06:00.233] [Netty Server IO #1/DEBUG] [net.minecraftforge.network.NetworkRegistry/NETREGISTRY]: Accepting channel list from client
[10May2026 14:06:00.233] [Netty Server IO #1/DEBUG] [net.minecraftforge.network.HandshakeHandler/FMLHANDSHAKE]: Accepted client connection mod list
[10May2026 14:06:00.242] [Server thread/DEBUG] [net.minecraftforge.network.HandshakeHandler/FMLHANDSHAKE]: Sending ticking packet info 'Config forge-server.toml' to 'fml:handshake' sequence 2
[10May2026 14:06:00.242] [Netty Local Client IO #0/DEBUG] [net.minecraftforge.network.LoginWrapper/FMLHANDSHAKE]: Recieved login wrapper packet event for channel fml:handshake with index 2
[10May2026 14:06:00.243] [Netty Local Client IO #0/DEBUG] [net.minecraftforge.network.HandshakeHandler/FMLHANDSHAKE]: Received config sync from server
[10May2026 14:06:00.243] [Netty Local Client IO #0/DEBUG] [net.minecraftforge.network.LoginWrapper/FMLHANDSHAKE]: Dispatching wrapped packet reply for channel fml:handshake with index 2
[10May2026 14:06:00.244] [Netty Server IO #1/DEBUG] [net.minecraftforge.network.LoginWrapper/FMLHANDSHAKE]: Recieved login wrapper packet event for channel fml:handshake with index 2
[10May2026 14:06:00.244] [Netty Server IO #1/DEBUG] [net.minecraftforge.network.HandshakeHandler/FMLHANDSHAKE]: Received client indexed reply 2 of type net.minecraftforge.network.HandshakeMessages$C2SAcknowledge
[10May2026 14:06:00.244] [Netty Server IO #1/DEBUG] [net.minecraftforge.network.HandshakeHandler/FMLHANDSHAKE]: Received acknowledgement from client
[10May2026 14:06:00.274] [Server thread/DEBUG] [net.minecraftforge.network.HandshakeHandler/FMLHANDSHAKE]: Handshake complete!
[10May2026 14:06:00.302] [Netty Local Client IO #0/INFO] [net.minecraftforge.network.NetworkHooks/]: Connected to a modded server.
[10May2026 14:06:00.389] [Server thread/INFO] [net.minecraft.server.players.PlayerList/]: Dev[local:E:69e19b71] logged in with entity id 237 at (-115.33930181861393, 64.0, 235.24705123098303)
[10May2026 14:06:00.492] [Server thread/INFO] [net.minecraft.server.MinecraftServer/]: Dev joined the game
[10May2026 14:06:01.625] [Render thread/INFO] [net.minecraft.advancements.AdvancementList/]: Loaded 13 advancements
[10May2026 14:06:10.287] [Server thread/INFO] [net.minecraft.client.server.IntegratedServer/]: Saving and pausing game...
[10May2026 14:06:10.321] [Server thread/INFO] [net.minecraft.server.MinecraftServer/]: Saving chunks for level 'ServerLevel[New World]'/minecraft:overworld
[10May2026 14:06:10.388] [Server thread/INFO] [net.minecraft.server.MinecraftServer/]: Saving chunks for level 'ServerLevel[New World]'/minecraft:the_nether
[10May2026 14:06:10.392] [Server thread/INFO] [net.minecraft.server.MinecraftServer/]: Saving chunks for level 'ServerLevel[New World]'/minecraft:the_end
[10May2026 14:06:10.400] [Server thread/DEBUG] [net.minecraftforge.common.ForgeHooks/WP]: Gathering id map for writing to world save New World
[10May2026 14:06:10.417] [Server thread/DEBUG] [net.minecraftforge.common.ForgeHooks/WP]: ID Map collection complete New World
[10May2026 14:06:13.959] [Server thread/DEBUG] [io.netty.util.internal.ThreadLocalRandom/]: -Dio.netty.initialSeedUniquifier: 0x0ee404d0b86f8e36
[10May2026 14:06:21.634] [Render thread/DEBUG] [net.minecraftforge.common.ForgeHooks/WP]: Gathering id map for writing to world save New World
[10May2026 14:06:21.645] [Render thread/DEBUG] [net.minecraftforge.common.ForgeHooks/WP]: ID Map collection complete New World
[10May2026 14:06:33.304] [Server thread/INFO] [net.minecraft.server.MinecraftServer/]: [Dev: Summoned new Minecart with TNT]
[10May2026 14:06:33.315] [Render thread/INFO] [net.minecraft.client.gui.components.ChatComponent/]: [System] [CHAT] Summoned new Minecart with TNT
[10May2026 14:06:33.653] [Server thread/INFO] [net.minecraft.server.MinecraftServer/]: [Dev: Summoned new Minecart with TNT]
[10May2026 14:06:33.664] [Render thread/INFO] [net.minecraft.client.gui.components.ChatComponent/]: [System] [CHAT] Summoned new Minecart with TNT
[10May2026 14:06:33.964] [Server thread/INFO] [net.minecraft.server.MinecraftServer/]: [Dev: Summoned new Minecart with TNT]
[10May2026 14:06:33.966] [Render thread/INFO] [net.minecraft.client.gui.components.ChatComponent/]: [System] [CHAT] Summoned new Minecart with TNT
[10May2026 14:06:34.313] [Server thread/INFO] [net.minecraft.server.MinecraftServer/]: [Dev: Summoned new Minecart with TNT]
[10May2026 14:06:34.317] [Render thread/INFO] [net.minecraft.client.gui.components.ChatComponent/]: [System] [CHAT] Summoned new Minecart with TNT
[10May2026 14:06:34.675] [Server thread/INFO] [net.minecraft.server.MinecraftServer/]: [Dev: Summoned new Minecart with TNT]
[10May2026 14:06:34.683] [Render thread/INFO] [net.minecraft.client.gui.components.ChatComponent/]: [System] [CHAT] Summoned new Minecart with TNT
[10May2026 14:06:35.031] [Server thread/INFO] [net.minecraft.server.MinecraftServer/]: [Dev: Summoned new Minecart with TNT]
[10May2026 14:06:35.033] [Render thread/INFO] [net.minecraft.client.gui.components.ChatComponent/]: [System] [CHAT] Summoned new Minecart with TNT
[10May2026 14:06:35.415] [Server thread/INFO] [net.minecraft.server.MinecraftServer/]: [Dev: Summoned new Minecart with TNT]
[10May2026 14:06:35.417] [Render thread/INFO] [net.minecraft.client.gui.components.ChatComponent/]: [System] [CHAT] Summoned new Minecart with TNT
[10May2026 14:06:35.774] [Server thread/INFO] [net.minecraft.server.MinecraftServer/]: [Dev: Summoned new Minecart with TNT]
[10May2026 14:06:35.782] [Render thread/INFO] [net.minecraft.client.gui.components.ChatComponent/]: [System] [CHAT] Summoned new Minecart with TNT
[10May2026 14:06:36.165] [Render thread/INFO] [net.minecraft.client.gui.components.ChatComponent/]: [System] [CHAT] Unknown or incomplete command, see below for error
[10May2026 14:06:36.166] [Render thread/INFO] [net.minecraft.client.gui.components.ChatComponent/]: [System] [CHAT] <--[HERE]
[10May2026 14:06:37.711] [Server thread/INFO] [net.minecraft.client.server.IntegratedServer/]: Saving and pausing game...
[10May2026 14:06:37.728] [Server thread/INFO] [net.minecraft.server.MinecraftServer/]: Saving chunks for level 'ServerLevel[New World]'/minecraft:overworld
[10May2026 14:06:37.754] [Server thread/INFO] [net.minecraft.server.MinecraftServer/]: Saving chunks for level 'ServerLevel[New World]'/minecraft:the_nether
[10May2026 14:06:37.757] [Server thread/INFO] [net.minecraft.server.MinecraftServer/]: Saving chunks for level 'ServerLevel[New World]'/minecraft:the_end
[10May2026 14:06:37.761] [Server thread/DEBUG] [net.minecraftforge.common.ForgeHooks/WP]: Gathering id map for writing to world save New World
[10May2026 14:06:37.773] [Server thread/DEBUG] [net.minecraftforge.common.ForgeHooks/WP]: ID Map collection complete New World
[10May2026 14:06:47.537] [Server thread/INFO] [net.minecraft.client.server.IntegratedServer/]: Saving and pausing game...
[10May2026 14:06:47.551] [Server thread/INFO] [net.minecraft.server.MinecraftServer/]: Saving chunks for level 'ServerLevel[New World]'/minecraft:overworld
[10May2026 14:06:47.568] [Server thread/INFO] [net.minecraft.server.MinecraftServer/]: Saving chunks for level 'ServerLevel[New World]'/minecraft:the_nether
[10May2026 14:06:47.570] [Server thread/INFO] [net.minecraft.server.MinecraftServer/]: Saving chunks for level 'ServerLevel[New World]'/minecraft:the_end
[10May2026 14:06:47.574] [Server thread/DEBUG] [net.minecraftforge.common.ForgeHooks/WP]: Gathering id map for writing to world save New World
[10May2026 14:06:47.582] [Server thread/DEBUG] [net.minecraftforge.common.ForgeHooks/WP]: ID Map collection complete New World
[10May2026 14:06:47.624] [Server thread/INFO] [net.minecraft.server.network.ServerGamePacketListenerImpl/]: Dev lost connection: Disconnected
[10May2026 14:06:47.625] [Server thread/INFO] [net.minecraft.server.MinecraftServer/]: Dev left the game
[10May2026 14:06:47.640] [Server thread/INFO] [net.minecraft.server.network.ServerGamePacketListenerImpl/]: Stopping singleplayer server as player logged out
[10May2026 14:06:47.669] [Server thread/INFO] [net.minecraft.server.MinecraftServer/]: Stopping server
[10May2026 14:06:47.670] [Server thread/INFO] [net.minecraft.server.MinecraftServer/]: Saving players
[10May2026 14:06:47.671] [Server thread/INFO] [net.minecraft.server.MinecraftServer/]: Saving worlds
[10May2026 14:06:48.711] [Server thread/INFO] [net.minecraft.server.MinecraftServer/]: Saving chunks for level 'ServerLevel[New World]'/minecraft:overworld
[10May2026 14:06:50.069] [Server thread/INFO] [net.minecraft.server.MinecraftServer/]: Saving chunks for level 'ServerLevel[New World]'/minecraft:the_nether
[10May2026 14:06:50.073] [Server thread/INFO] [net.minecraft.server.MinecraftServer/]: Saving chunks for level 'ServerLevel[New World]'/minecraft:the_end
[10May2026 14:06:50.077] [Server thread/DEBUG] [net.minecraftforge.common.ForgeHooks/WP]: Gathering id map for writing to world save New World
[10May2026 14:06:50.085] [Server thread/DEBUG] [net.minecraftforge.common.ForgeHooks/WP]: ID Map collection complete New World
[10May2026 14:06:50.111] [Server thread/INFO] [net.minecraft.server.MinecraftServer/]: ThreadedAnvilChunkStorage (New World): All chunks are saved
[10May2026 14:06:50.112] [Server thread/INFO] [net.minecraft.server.MinecraftServer/]: ThreadedAnvilChunkStorage (DIM-1): All chunks are saved
[10May2026 14:06:50.112] [Server thread/INFO] [net.minecraft.server.MinecraftServer/]: ThreadedAnvilChunkStorage (DIM1): All chunks are saved
[10May2026 14:06:50.112] [Server thread/INFO] [net.minecraft.server.MinecraftServer/]: ThreadedAnvilChunkStorage: All dimensions are saved
[10May2026 14:06:50.150] [Server thread/DEBUG] [net.minecraftforge.registries.GameData/REGISTRIES]: Reverting to FROZEN data state.
[10May2026 14:06:50.152] [Server thread/DEBUG] [net.minecraftforge.registries.ForgeRegistry/REGISTRIES]: Registry minecraft:block Sync: ACTIVE -> FROZEN
[10May2026 14:06:50.174] [Server thread/DEBUG] [net.minecraftforge.registries.ForgeRegistry/REGISTRIES]: Registry minecraft:fluid Sync: ACTIVE -> FROZEN
[10May2026 14:06:50.175] [Server thread/DEBUG] [net.minecraftforge.registries.ForgeRegistry/REGISTRIES]: Registry minecraft:item Sync: ACTIVE -> FROZEN
[10May2026 14:06:50.200] [Server thread/DEBUG] [net.minecraftforge.registries.ForgeRegistry/REGISTRIES]: Registry minecraft:mob_effect Sync: ACTIVE -> FROZEN
[10May2026 14:06:50.201] [Server thread/DEBUG] [net.minecraftforge.registries.ForgeRegistry/REGISTRIES]: Registry minecraft:sound_event Sync: ACTIVE -> FROZEN
[10May2026 14:06:50.212] [Server thread/DEBUG] [net.minecraftforge.registries.ForgeRegistry/REGISTRIES]: Registry minecraft:potion Sync: ACTIVE -> FROZEN
[10May2026 14:06:50.212] [Server thread/DEBUG] [net.minecraftforge.registries.ForgeRegistry/REGISTRIES]: Registry minecraft:enchantment Sync: ACTIVE -> FROZEN
[10May2026 14:06:50.213] [Server thread/DEBUG] [net.minecraftforge.registries.ForgeRegistry/REGISTRIES]: Registry minecraft:entity_type Sync: ACTIVE -> FROZEN
[10May2026 14:06:50.214] [Server thread/DEBUG] [net.minecraftforge.registries.ForgeRegistry/REGISTRIES]: Registry minecraft:block_entity_type Sync: ACTIVE -> FROZEN
[10May2026 14:06:50.215] [Server thread/DEBUG] [net.minecraftforge.registries.ForgeRegistry/REGISTRIES]: Registry minecraft:particle_type Sync: ACTIVE -> FROZEN
[10May2026 14:06:50.216] [Server thread/DEBUG] [net.minecraftforge.registries.ForgeRegistry/REGISTRIES]: Registry minecraft:menu Sync: ACTIVE -> FROZEN
[10May2026 14:06:50.217] [Server thread/DEBUG] [net.minecraftforge.registries.ForgeRegistry/REGISTRIES]: Registry minecraft:painting_variant Sync: ACTIVE -> FROZEN
[10May2026 14:06:50.217] [Server thread/DEBUG] [net.minecraftforge.registries.ForgeRegistry/REGISTRIES]: Registry minecraft:recipe_type Sync: ACTIVE -> FROZEN
[10May2026 14:06:50.218] [Server thread/DEBUG] [net.minecraftforge.registries.ForgeRegistry/REGISTRIES]: Registry minecraft:recipe_serializer Sync: ACTIVE -> FROZEN
[10May2026 14:06:50.218] [Server thread/DEBUG] [net.minecraftforge.registries.ForgeRegistry/REGISTRIES]: Registry minecraft:attribute Sync: ACTIVE -> FROZEN
[10May2026 14:06:50.218] [Server thread/DEBUG] [net.minecraftforge.registries.ForgeRegistry/REGISTRIES]: Registry minecraft:stat_type Sync: ACTIVE -> FROZEN
[10May2026 14:06:50.218] [Server thread/DEBUG] [net.minecraftforge.registries.ForgeRegistry/REGISTRIES]: Registry minecraft:command_argument_type Sync: ACTIVE -> FROZEN
[10May2026 14:06:50.219] [Server thread/DEBUG] [net.minecraftforge.registries.ForgeRegistry/REGISTRIES]: Registry minecraft:villager_profession Sync: ACTIVE -> FROZEN
[10May2026 14:06:50.220] [Server thread/DEBUG] [net.minecraftforge.registries.ForgeRegistry/REGISTRIES]: Registry minecraft:point_of_interest_type Sync: ACTIVE -> FROZEN
[10May2026 14:06:50.223] [Server thread/DEBUG] [net.minecraftforge.registries.ForgeRegistry/REGISTRIES]: Registry minecraft:memory_module_type Sync: ACTIVE -> FROZEN
[10May2026 14:06:50.224] [Server thread/DEBUG] [net.minecraftforge.registries.ForgeRegistry/REGISTRIES]: Registry minecraft:sensor_type Sync: ACTIVE -> FROZEN
[10May2026 14:06:50.225] [Server thread/DEBUG] [net.minecraftforge.registries.ForgeRegistry/REGISTRIES]: Registry minecraft:schedule Sync: ACTIVE -> FROZEN
[10May2026 14:06:50.225] [Server thread/DEBUG] [net.minecraftforge.registries.ForgeRegistry/REGISTRIES]: Registry minecraft:activity Sync: ACTIVE -> FROZEN
[10May2026 14:06:50.225] [Server thread/DEBUG] [net.minecraftforge.registries.ForgeRegistry/REGISTRIES]: Registry minecraft:worldgen/carver Sync: ACTIVE -> FROZEN
[10May2026 14:06:50.226] [Server thread/DEBUG] [net.minecraftforge.registries.ForgeRegistry/REGISTRIES]: Registry minecraft:worldgen/feature Sync: ACTIVE -> FROZEN
[10May2026 14:06:50.226] [Server thread/DEBUG] [net.minecraftforge.registries.ForgeRegistry/REGISTRIES]: Registry minecraft:chunk_status Sync: ACTIVE -> FROZEN
[10May2026 14:06:50.226] [Server thread/DEBUG] [net.minecraftforge.registries.ForgeRegistry/REGISTRIES]: Registry minecraft:worldgen/block_state_provider_type Sync: ACTIVE -> FROZEN
[10May2026 14:06:50.226] [Server thread/DEBUG] [net.minecraftforge.registries.ForgeRegistry/REGISTRIES]: Registry minecraft:worldgen/foliage_placer_type Sync: ACTIVE -> FROZEN
[10May2026 14:06:50.227] [Server thread/DEBUG] [net.minecraftforge.registries.ForgeRegistry/REGISTRIES]: Registry minecraft:worldgen/tree_decorator_type Sync: ACTIVE -> FROZEN
[10May2026 14:06:50.227] [Server thread/DEBUG] [net.minecraftforge.registries.ForgeRegistry/REGISTRIES]: Registry minecraft:worldgen/biome Sync: ACTIVE -> FROZEN
[10May2026 14:06:50.227] [Server thread/DEBUG] [net.minecraftforge.registries.ForgeRegistry/REGISTRIES]: Registry forge:entity_data_serializers Sync: ACTIVE -> FROZEN
[10May2026 14:06:50.227] [Server thread/DEBUG] [net.minecraftforge.registries.ForgeRegistry/REGISTRIES]: Registry forge:global_loot_modifier_serializers Sync: ACTIVE -> FROZEN
[10May2026 14:06:50.227] [Server thread/DEBUG] [net.minecraftforge.registries.ForgeRegistry/REGISTRIES]: Registry forge:biome_modifier_serializers Sync: ACTIVE -> FROZEN
[10May2026 14:06:50.227] [Server thread/DEBUG] [net.minecraftforge.registries.ForgeRegistry/REGISTRIES]: Registry forge:fluid_type Sync: ACTIVE -> FROZEN
[10May2026 14:06:50.227] [Server thread/DEBUG] [net.minecraftforge.registries.ForgeRegistry/REGISTRIES]: Registry forge:structure_modifier_serializers Sync: ACTIVE -> FROZEN
[10May2026 14:06:50.227] [Server thread/DEBUG] [net.minecraftforge.registries.ForgeRegistry/REGISTRIES]: Registry forge:holder_set_type Sync: ACTIVE -> FROZEN
[10May2026 14:06:50.227] [Server thread/DEBUG] [net.minecraftforge.registries.ForgeRegistry/REGISTRIES]: Registry forge:display_contexts Sync: ACTIVE -> FROZEN
[10May2026 14:06:50.970] [Server thread/DEBUG] [net.minecraftforge.registries.ObjectHolderRegistry/REGISTRIES]: Applying holder lookups
[10May2026 14:06:50.974] [Server thread/DEBUG] [net.minecraftforge.registries.ObjectHolderRegistry/REGISTRIES]: Holder lookups applied
[10May2026 14:06:50.974] [Server thread/DEBUG] [net.minecraftforge.registries.GameData/REGISTRIES]: FROZEN state restored.
[10May2026 14:06:50.975] [Server thread/DEBUG] [net.minecraftforge.fml.config.ConfigTracker/CONFIG]: Unloading configs type SERVER
[10May2026 14:06:51.531] [Render thread/INFO] [net.minecraftforge.registries.GameData/REGISTRIES]: Injecting existing registry data into this CLIENT instance
[10May2026 14:06:51.609] [Render thread/DEBUG] [net.minecraftforge.registries.ForgeRegistry/REGISTRIES]: Registry minecraft:block Sync: ACTIVE -> STAGING
[10May2026 14:06:51.618] [Render thread/DEBUG] [net.minecraftforge.registries.ForgeRegistry/REGISTRIES]: Registry minecraft:fluid Sync: ACTIVE -> STAGING
[10May2026 14:06:51.618] [Render thread/DEBUG] [net.minecraftforge.registries.ForgeRegistry/REGISTRIES]: Registry minecraft:item Sync: ACTIVE -> STAGING
[10May2026 14:06:51.629] [Render thread/DEBUG] [net.minecraftforge.registries.ForgeRegistry/REGISTRIES]: Registry minecraft:mob_effect Sync: ACTIVE -> STAGING
[10May2026 14:06:51.629] [Render thread/DEBUG] [net.minecraftforge.registries.ForgeRegistry/REGISTRIES]: Registry minecraft:sound_event Sync: ACTIVE -> STAGING
[10May2026 14:06:51.641] [Render thread/DEBUG] [net.minecraftforge.registries.ForgeRegistry/REGISTRIES]: Registry minecraft:potion Sync: ACTIVE -> STAGING
[10May2026 14:06:51.642] [Render thread/DEBUG] [net.minecraftforge.registries.ForgeRegistry/REGISTRIES]: Registry minecraft:enchantment Sync: ACTIVE -> STAGING
[10May2026 14:06:51.642] [Render thread/DEBUG] [net.minecraftforge.registries.ForgeRegistry/REGISTRIES]: Registry minecraft:entity_type Sync: ACTIVE -> STAGING
[10May2026 14:06:51.642] [Render thread/DEBUG] [net.minecraftforge.registries.ForgeRegistry/REGISTRIES]: Registry minecraft:block_entity_type Sync: ACTIVE -> STAGING
[10May2026 14:06:51.643] [Render thread/DEBUG] [net.minecraftforge.registries.ForgeRegistry/REGISTRIES]: Registry minecraft:particle_type Sync: ACTIVE -> STAGING
[10May2026 14:06:51.643] [Render thread/DEBUG] [net.minecraftforge.registries.ForgeRegistry/REGISTRIES]: Registry minecraft:menu Sync: ACTIVE -> STAGING
[10May2026 14:06:51.643] [Render thread/DEBUG] [net.minecraftforge.registries.ForgeRegistry/REGISTRIES]: Registry minecraft:painting_variant Sync: ACTIVE -> STAGING
[10May2026 14:06:51.645] [Render thread/DEBUG] [net.minecraftforge.registries.ForgeRegistry/REGISTRIES]: Registry minecraft:recipe_type Sync: ACTIVE -> STAGING
[10May2026 14:06:51.645] [Render thread/DEBUG] [net.minecraftforge.registries.ForgeRegistry/REGISTRIES]: Registry minecraft:recipe_serializer Sync: ACTIVE -> STAGING
[10May2026 14:06:51.645] [Render thread/DEBUG] [net.minecraftforge.registries.ForgeRegistry/REGISTRIES]: Registry minecraft:attribute Sync: ACTIVE -> STAGING
[10May2026 14:06:51.646] [Render thread/DEBUG] [net.minecraftforge.registries.ForgeRegistry/REGISTRIES]: Registry minecraft:stat_type Sync: ACTIVE -> STAGING
[10May2026 14:06:51.646] [Render thread/DEBUG] [net.minecraftforge.registries.ForgeRegistry/REGISTRIES]: Registry minecraft:command_argument_type Sync: ACTIVE -> STAGING
[10May2026 14:06:51.646] [Render thread/DEBUG] [net.minecraftforge.registries.ForgeRegistry/REGISTRIES]: Registry minecraft:villager_profession Sync: ACTIVE -> STAGING
[10May2026 14:06:51.646] [Render thread/DEBUG] [net.minecraftforge.registries.ForgeRegistry/REGISTRIES]: Registry minecraft:point_of_interest_type Sync: ACTIVE -> STAGING
[10May2026 14:06:51.650] [Render thread/DEBUG] [net.minecraftforge.registries.ForgeRegistry/REGISTRIES]: Registry minecraft:memory_module_type Sync: ACTIVE -> STAGING
[10May2026 14:06:51.651] [Render thread/DEBUG] [net.minecraftforge.registries.ForgeRegistry/REGISTRIES]: Registry minecraft:sensor_type Sync: ACTIVE -> STAGING
[10May2026 14:06:51.651] [Render thread/DEBUG] [net.minecraftforge.registries.ForgeRegistry/REGISTRIES]: Registry minecraft:schedule Sync: ACTIVE -> STAGING
[10May2026 14:06:51.651] [Render thread/DEBUG] [net.minecraftforge.registries.ForgeRegistry/REGISTRIES]: Registry minecraft:activity Sync: ACTIVE -> STAGING
[10May2026 14:06:51.651] [Render thread/DEBUG] [net.minecraftforge.registries.ForgeRegistry/REGISTRIES]: Registry minecraft:worldgen/carver Sync: ACTIVE -> STAGING
[10May2026 14:06:51.651] [Render thread/DEBUG] [net.minecraftforge.registries.ForgeRegistry/REGISTRIES]: Registry minecraft:worldgen/feature Sync: ACTIVE -> STAGING
[10May2026 14:06:51.652] [Render thread/DEBUG] [net.minecraftforge.registries.ForgeRegistry/REGISTRIES]: Registry minecraft:chunk_status Sync: ACTIVE -> STAGING
[10May2026 14:06:51.652] [Render thread/DEBUG] [net.minecraftforge.registries.ForgeRegistry/REGISTRIES]: Registry minecraft:worldgen/block_state_provider_type Sync: ACTIVE -> STAGING
[10May2026 14:06:51.652] [Render thread/DEBUG] [net.minecraftforge.registries.ForgeRegistry/REGISTRIES]: Registry minecraft:worldgen/foliage_placer_type Sync: ACTIVE -> STAGING
[10May2026 14:06:51.652] [Render thread/DEBUG] [net.minecraftforge.registries.ForgeRegistry/REGISTRIES]: Registry minecraft:worldgen/tree_decorator_type Sync: ACTIVE -> STAGING
[10May2026 14:06:51.652] [Render thread/DEBUG] [net.minecraftforge.registries.ForgeRegistry/REGISTRIES]: Registry minecraft:worldgen/biome Sync: ACTIVE -> STAGING
[10May2026 14:06:51.652] [Render thread/DEBUG] [net.minecraftforge.registries.ForgeRegistry/REGISTRIES]: Registry forge:entity_data_serializers Sync: ACTIVE -> STAGING
[10May2026 14:06:51.652] [Render thread/DEBUG] [net.minecraftforge.registries.ForgeRegistry/REGISTRIES]: Registry forge:global_loot_modifier_serializers Sync: ACTIVE -> STAGING
[10May2026 14:06:51.652] [Render thread/DEBUG] [net.minecraftforge.registries.ForgeRegistry/REGISTRIES]: Registry forge:biome_modifier_serializers Sync: ACTIVE -> STAGING
[10May2026 14:06:51.653] [Render thread/DEBUG] [net.minecraftforge.registries.ForgeRegistry/REGISTRIES]: Registry forge:fluid_type Sync: ACTIVE -> STAGING
[10May2026 14:06:51.653] [Render thread/DEBUG] [net.minecraftforge.registries.ForgeRegistry/REGISTRIES]: Registry forge:structure_modifier_serializers Sync: ACTIVE -> STAGING
[10May2026 14:06:51.653] [Render thread/DEBUG] [net.minecraftforge.registries.ForgeRegistry/REGISTRIES]: Registry forge:holder_set_type Sync: ACTIVE -> STAGING
[10May2026 14:06:51.653] [Render thread/DEBUG] [net.minecraftforge.registries.ForgeRegistry/REGISTRIES]: Registry forge:display_contexts Sync: ACTIVE -> STAGING
[10May2026 14:06:52.449] [Render thread/DEBUG] [net.minecraftforge.registries.ObjectHolderRegistry/REGISTRIES]: Applying holder lookups
[10May2026 14:06:52.455] [Render thread/DEBUG] [net.minecraftforge.registries.ObjectHolderRegistry/REGISTRIES]: Holder lookups applied
[10May2026 14:06:52.467] [Render thread/DEBUG] [net.minecraftforge.server.ServerLifecycleHooks/CORE]: Generating PackInfo named mod:forge for mod file /
[10May2026 14:06:52.470] [Render thread/DEBUG] [net.minecraftforge.server.ServerLifecycleHooks/CORE]: Generating PackInfo named mod:time_machine for mod file C:\Users\sreng\time machine\build\resources\main
[10May2026 14:06:53.671] [Render thread/INFO] [net.minecraft.world.item.crafting.RecipeManager/]: Loaded 7 recipes
[10May2026 14:06:53.747] [Render thread/INFO] [net.minecraft.advancements.AdvancementList/]: Loaded 1271 advancements
[10May2026 14:06:54.899] [Render thread/DEBUG] [net.minecraftforge.common.ForgeHooks/WP]: Gathering id map for writing to world save New World
[10May2026 14:06:54.910] [Render thread/DEBUG] [net.minecraftforge.common.ForgeHooks/WP]: ID Map collection complete New World
[10May2026 14:06:54.944] [Server thread/INFO] [net.minecraft.client.server.IntegratedServer/]: Starting integrated minecraft server version 1.20.1
[10May2026 14:06:54.946] [Server thread/INFO] [net.minecraft.server.MinecraftServer/]: Generating keypair
[10May2026 14:06:54.998] [Server thread/DEBUG] [net.minecraftforge.fml.config.ConfigTracker/CONFIG]: Loading configs type SERVER
[10May2026 14:06:55.000] [Server thread/DEBUG] [net.minecraftforge.fml.config.ConfigFileTypeHandler/CONFIG]: Built TOML config for .\saves\New World\serverconfig\forge-server.toml
[10May2026 14:06:55.003] [Server thread/DEBUG] [net.minecraftforge.fml.config.ConfigFileTypeHandler/CONFIG]: Loaded TOML config file .\saves\New World\serverconfig\forge-server.toml
[10May2026 14:06:55.005] [Server thread/DEBUG] [net.minecraftforge.fml.config.ConfigFileTypeHandler/CONFIG]: Watching TOML config file .\saves\New World\serverconfig\forge-server.toml for changes
[10May2026 14:06:55.007] [Server thread/DEBUG] [net.minecraftforge.common.ForgeConfig/FORGEMOD]: Loaded forge config file forge-server.toml
[10May2026 14:06:55.013] [Thread-3/DEBUG] [net.minecraftforge.fml.config.ConfigFileTypeHandler/CONFIG]: Config file forge-server.toml changed, sending notifies
[10May2026 14:06:55.014] [Thread-3/DEBUG] [net.minecraftforge.common.ForgeConfig/FORGEMOD]: Forge config just got changed on the file system!
[10May2026 14:06:56.848] [Server thread/INFO] [net.minecraft.server.MinecraftServer/]: Preparing start region for dimension minecraft:overworld
[10May2026 14:07:02.896] [Render thread/INFO] [net.minecraft.server.level.progress.LoggerChunkProgressListener/]: Preparing spawn area: 0%
[10May2026 14:07:02.898] [Render thread/INFO] [net.minecraft.server.level.progress.LoggerChunkProgressListener/]: Preparing spawn area: 0%
[10May2026 14:07:02.898] [Render thread/INFO] [net.minecraft.server.level.progress.LoggerChunkProgressListener/]: Preparing spawn area: 0%
[10May2026 14:07:02.898] [Render thread/INFO] [net.minecraft.server.level.progress.LoggerChunkProgressListener/]: Preparing spawn area: 0%
[10May2026 14:07:02.918] [Render thread/INFO] [net.minecraft.server.level.progress.LoggerChunkProgressListener/]: Preparing spawn area: 0%
[10May2026 14:07:02.918] [Render thread/INFO] [net.minecraft.server.level.progress.LoggerChunkProgressListener/]: Preparing spawn area: 0%
[10May2026 14:07:02.919] [Render thread/INFO] [net.minecraft.server.level.progress.LoggerChunkProgressListener/]: Preparing spawn area: 0%
[10May2026 14:07:02.919] [Render thread/INFO] [net.minecraft.server.level.progress.LoggerChunkProgressListener/]: Preparing spawn area: 0%
[10May2026 14:07:02.940] [Render thread/INFO] [net.minecraft.server.level.progress.LoggerChunkProgressListener/]: Preparing spawn area: 0%
[10May2026 14:07:02.941] [Render thread/INFO] [net.minecraft.server.level.progress.LoggerChunkProgressListener/]: Preparing spawn area: 0%
[10May2026 14:07:02.941] [Render thread/INFO] [net.minecraft.server.level.progress.LoggerChunkProgressListener/]: Preparing spawn area: 0%
[10May2026 14:07:02.942] [Render thread/INFO] [net.minecraft.server.level.progress.LoggerChunkProgressListener/]: Preparing spawn area: 0%
[10May2026 14:07:02.942] [Render thread/INFO] [net.minecraft.server.level.progress.LoggerChunkProgressListener/]: Preparing spawn area: 0%
[10May2026 14:07:03.361] [Render thread/INFO] [net.minecraft.server.level.progress.LoggerChunkProgressListener/]: Preparing spawn area: 0%
[10May2026 14:07:03.874] [Render thread/INFO] [net.minecraft.server.level.progress.LoggerChunkProgressListener/]: Preparing spawn area: 0%
[10May2026 14:07:04.363] [Render thread/INFO] [net.minecraft.server.level.progress.LoggerChunkProgressListener/]: Preparing spawn area: 11%
[10May2026 14:07:04.868] [Render thread/INFO] [net.minecraft.server.level.progress.LoggerChunkProgressListener/]: Preparing spawn area: 35%
[10May2026 14:07:05.368] [Render thread/INFO] [net.minecraft.server.level.progress.LoggerChunkProgressListener/]: Preparing spawn area: 60%
[10May2026 14:07:05.875] [Render thread/INFO] [net.minecraft.server.level.progress.LoggerChunkProgressListener/]: Preparing spawn area: 85%
[10May2026 14:07:06.089] [Server thread/INFO] [net.minecraftforge.server.permission.PermissionAPI/]: Successfully initialized permission handler forge:default_handler
[10May2026 14:07:06.100] [Render thread/INFO] [net.minecraft.server.level.progress.LoggerChunkProgressListener/]: Time elapsed: 9240 ms
[10May2026 14:07:06.122] [Server thread/WARN] [net.minecraft.world.level.entity.PersistentEntitySectionManager/]: UUID of added entity already exists: Axolotl['Axolotl'/1267, l='ServerLevel[New World]', x=-59.33, y=6.10, z=276.82]
[10May2026 14:07:06.129] [Server thread/INFO] [net.minecraft.client.server.IntegratedServer/]: Changing view distance to 12, from 10
[10May2026 14:07:06.133] [Server thread/INFO] [net.minecraft.client.server.IntegratedServer/]: Changing simulation distance to 12, from 0
[10May2026 14:07:06.157] [Netty Local Client IO #1/DEBUG] [net.minecraftforge.network.HandshakeHandler/FMLHANDSHAKE]: Starting local connection.
[10May2026 14:07:06.163] [Netty Server IO #3/DEBUG] [net.minecraftforge.network.HandshakeHandler/FMLHANDSHAKE]: Starting local connection.
[10May2026 14:07:06.251] [Server thread/DEBUG] [net.minecraftforge.network.HandshakeHandler/FMLHANDSHAKE]: Sending ticking packet info 'net.minecraftforge.network.HandshakeMessages$S2CModData' to 'fml:handshake' sequence 0
[10May2026 14:07:06.253] [Netty Local Client IO #1/DEBUG] [net.minecraftforge.network.LoginWrapper/FMLHANDSHAKE]: Recieved login wrapper packet event for channel fml:handshake with index 0
[10May2026 14:07:06.269] [Server thread/DEBUG] [net.minecraftforge.network.HandshakeHandler/FMLHANDSHAKE]: Sending ticking packet info 'net.minecraftforge.network.HandshakeMessages$S2CModList' to 'fml:handshake' sequence 1
[10May2026 14:07:06.271] [Netty Local Client IO #1/DEBUG] [net.minecraftforge.network.LoginWrapper/FMLHANDSHAKE]: Recieved login wrapper packet event for channel fml:handshake with index 1
[10May2026 14:07:06.272] [Netty Local Client IO #1/DEBUG] [net.minecraftforge.network.HandshakeHandler/FMLHANDSHAKE]: Logging into server with mod list [minecraft, forge, time_machine]
[10May2026 14:07:06.272] [Netty Local Client IO #1/DEBUG] [net.minecraftforge.network.NetworkRegistry/NETREGISTRY]: Channel 'fml:loginwrapper' : Version test of 'FML3' from server : ACCEPTED
[10May2026 14:07:06.272] [Netty Local Client IO #1/DEBUG] [net.minecraftforge.network.NetworkRegistry/NETREGISTRY]: Channel 'forge:tier_sorting' : Version test of '1.0' from server : ACCEPTED
[10May2026 14:07:06.272] [Netty Local Client IO #1/DEBUG] [net.minecraftforge.network.NetworkRegistry/NETREGISTRY]: Channel 'fml:handshake' : Version test of 'FML3' from server : ACCEPTED
[10May2026 14:07:06.272] [Netty Local Client IO #1/DEBUG] [net.minecraftforge.network.NetworkRegistry/NETREGISTRY]: Channel 'minecraft:unregister' : Version test of 'FML3' from server : ACCEPTED
[10May2026 14:07:06.272] [Netty Local Client IO #1/DEBUG] [net.minecraftforge.network.NetworkRegistry/NETREGISTRY]: Channel 'fml:play' : Version test of 'FML3' from server : ACCEPTED
[10May2026 14:07:06.272] [Netty Local Client IO #1/DEBUG] [net.minecraftforge.network.NetworkRegistry/NETREGISTRY]: Channel 'minecraft:register' : Version test of 'FML3' from server : ACCEPTED
[10May2026 14:07:06.272] [Netty Local Client IO #1/DEBUG] [net.minecraftforge.network.NetworkRegistry/NETREGISTRY]: Channel 'forge:split' : Version test of '1.1' from server : ACCEPTED
[10May2026 14:07:06.273] [Netty Local Client IO #1/DEBUG] [net.minecraftforge.network.NetworkRegistry/NETREGISTRY]: Accepting channel list from server
[10May2026 14:07:06.274] [Netty Local Client IO #1/DEBUG] [net.minecraftforge.network.LoginWrapper/FMLHANDSHAKE]: Dispatching wrapped packet reply for channel fml:handshake with index 1
[10May2026 14:07:06.274] [Netty Local Client IO #1/DEBUG] [net.minecraftforge.network.HandshakeHandler/FMLHANDSHAKE]: Accepted server connection
[10May2026 14:07:06.275] [Netty Server IO #3/DEBUG] [net.minecraftforge.network.LoginWrapper/FMLHANDSHAKE]: Recieved login wrapper packet event for channel fml:handshake with index 1
[10May2026 14:07:06.275] [Netty Server IO #3/DEBUG] [net.minecraftforge.network.HandshakeHandler/FMLHANDSHAKE]: Received client indexed reply 1 of type net.minecraftforge.network.HandshakeMessages$C2SModListReply
[10May2026 14:07:06.277] [Netty Server IO #3/DEBUG] [net.minecraftforge.network.HandshakeHandler/FMLHANDSHAKE]: Received client connection with modlist [minecraft, forge, time_machine]
[10May2026 14:07:06.277] [Netty Server IO #3/DEBUG] [net.minecraftforge.network.NetworkRegistry/NETREGISTRY]: Channel 'fml:loginwrapper' : Version test of 'FML3' from client : ACCEPTED
[10May2026 14:07:06.275] [Netty Local Client IO #1/DEBUG] [net.minecraftforge.network.HandshakeHandler/REGISTRIES]: Expecting 19 registries: [minecraft:command_argument_type, minecraft:recipe_serializer, minecraft:sound_event, minecraft:particle_type, minecraft:villager_profession, minecraft:item, minecraft:potion, minecraft:painting_variant, forge:fluid_type, minecraft:block_entity_type, forge:display_contexts, minecraft:block, forge:entity_data_serializers, minecraft:mob_effect, minecraft:stat_type, minecraft:menu, minecraft:enchantment, minecraft:fluid, minecraft:entity_type]
[10May2026 14:07:06.278] [Netty Server IO #3/DEBUG] [net.minecraftforge.network.NetworkRegistry/NETREGISTRY]: Channel 'forge:tier_sorting' : Version test of '1.0' from client : ACCEPTED
[10May2026 14:07:06.278] [Netty Server IO #3/DEBUG] [net.minecraftforge.network.NetworkRegistry/NETREGISTRY]: Channel 'fml:handshake' : Version test of 'FML3' from client : ACCEPTED
[10May2026 14:07:06.278] [Netty Server IO #3/DEBUG] [net.minecraftforge.network.NetworkRegistry/NETREGISTRY]: Channel 'minecraft:unregister' : Version test of 'FML3' from client : ACCEPTED
[10May2026 14:07:06.278] [Netty Server IO #3/DEBUG] [net.minecraftforge.network.NetworkRegistry/NETREGISTRY]: Channel 'fml:play' : Version test of 'FML3' from client : ACCEPTED
[10May2026 14:07:06.278] [Netty Server IO #3/DEBUG] [net.minecraftforge.network.NetworkRegistry/NETREGISTRY]: Channel 'minecraft:register' : Version test of 'FML3' from client : ACCEPTED
[10May2026 14:07:06.278] [Netty Server IO #3/DEBUG] [net.minecraftforge.network.NetworkRegistry/NETREGISTRY]: Channel 'forge:split' : Version test of '1.1' from client : ACCEPTED
[10May2026 14:07:06.278] [Netty Server IO #3/DEBUG] [net.minecraftforge.network.NetworkRegistry/NETREGISTRY]: Accepting channel list from client
[10May2026 14:07:06.279] [Netty Server IO #3/DEBUG] [net.minecraftforge.network.HandshakeHandler/FMLHANDSHAKE]: Accepted client connection mod list
[10May2026 14:07:06.313] [Server thread/DEBUG] [net.minecraftforge.network.HandshakeHandler/FMLHANDSHAKE]: Sending ticking packet info 'Config forge-server.toml' to 'fml:handshake' sequence 2
[10May2026 14:07:06.314] [Netty Local Client IO #1/DEBUG] [net.minecraftforge.network.LoginWrapper/FMLHANDSHAKE]: Recieved login wrapper packet event for channel fml:handshake with index 2
[10May2026 14:07:06.315] [Netty Local Client IO #1/DEBUG] [net.minecraftforge.network.HandshakeHandler/FMLHANDSHAKE]: Received config sync from server
[10May2026 14:07:06.315] [Netty Local Client IO #1/DEBUG] [net.minecraftforge.network.LoginWrapper/FMLHANDSHAKE]: Dispatching wrapped packet reply for channel fml:handshake with index 2
[10May2026 14:07:06.316] [Netty Server IO #3/DEBUG] [net.minecraftforge.network.LoginWrapper/FMLHANDSHAKE]: Recieved login wrapper packet event for channel fml:handshake with index 2
[10May2026 14:07:06.316] [Netty Server IO #3/DEBUG] [net.minecraftforge.network.HandshakeHandler/FMLHANDSHAKE]: Received client indexed reply 2 of type net.minecraftforge.network.HandshakeMessages$C2SAcknowledge
[10May2026 14:07:06.317] [Netty Server IO #3/DEBUG] [net.minecraftforge.network.HandshakeHandler/FMLHANDSHAKE]: Received acknowledgement from client
[10May2026 14:07:06.360] [Server thread/DEBUG] [net.minecraftforge.network.HandshakeHandler/FMLHANDSHAKE]: Handshake complete!
[10May2026 14:07:06.411] [Netty Local Client IO #1/INFO] [net.minecraftforge.network.NetworkHooks/]: Connected to a modded server.
[10May2026 14:07:06.441] [Server thread/INFO] [net.minecraft.server.players.PlayerList/]: Dev[local:E:f42314a6] logged in with entity id 1424 at (-111.05237318705835, 72.24568577253427, 227.89868812097458)
[10May2026 14:07:06.498] [Server thread/INFO] [net.minecraft.server.MinecraftServer/]: Dev joined the game
[10May2026 14:07:07.356] [Render thread/INFO] [net.minecraft.advancements.AdvancementList/]: Loaded 13 advancements
[10May2026 14:07:08.140] [Server thread/INFO] [net.minecraft.client.server.IntegratedServer/]: Saving and pausing game...
[10May2026 14:07:08.159] [Server thread/INFO] [net.minecraft.server.MinecraftServer/]: Saving chunks for level 'ServerLevel[New World]'/minecraft:overworld
[10May2026 14:07:08.813] [Server thread/INFO] [net.minecraft.server.MinecraftServer/]: Saving chunks for level 'ServerLevel[New World]'/minecraft:the_nether
[10May2026 14:07:08.818] [Server thread/INFO] [net.minecraft.server.MinecraftServer/]: Saving chunks for level 'ServerLevel[New World]'/minecraft:the_end
[10May2026 14:07:08.823] [Server thread/DEBUG] [net.minecraftforge.common.ForgeHooks/WP]: Gathering id map for writing to world save New World
[10May2026 14:07:08.835] [Server thread/DEBUG] [net.minecraftforge.common.ForgeHooks/WP]: ID Map collection complete New World
[10May2026 14:07:34.962] [Server thread/INFO] [net.minecraft.server.MinecraftServer/]: [Dev: Gave 1 [Repeating Command Block] to Dev]
[10May2026 14:07:34.963] [Render thread/INFO] [net.minecraft.client.gui.components.ChatComponent/]: [System] [CHAT] Gave 1 [Repeating Command Block] to Dev
[10May2026 14:07:35.341] [Server thread/INFO] [net.minecraft.client.server.IntegratedServer/]: Saving and pausing game...
[10May2026 14:07:35.352] [Server thread/INFO] [net.minecraft.server.MinecraftServer/]: Saving chunks for level 'ServerLevel[New World]'/minecraft:overworld
[10May2026 14:07:35.361] [Server thread/INFO] [net.minecraft.server.MinecraftServer/]: Saving chunks for level 'ServerLevel[New World]'/minecraft:the_nether
[10May2026 14:07:35.364] [Server thread/INFO] [net.minecraft.server.MinecraftServer/]: Saving chunks for level 'ServerLevel[New World]'/minecraft:the_end
[10May2026 14:07:35.366] [Server thread/DEBUG] [net.minecraftforge.common.ForgeHooks/WP]: Gathering id map for writing to world save New World
[10May2026 14:07:35.373] [Server thread/DEBUG] [net.minecraftforge.common.ForgeHooks/WP]: ID Map collection complete New World
[10May2026 14:07:42.791] [Server thread/INFO] [net.minecraft.client.server.IntegratedServer/]: Saving and pausing game...
[10May2026 14:07:42.801] [Server thread/INFO] [net.minecraft.server.MinecraftServer/]: Saving chunks for level 'ServerLevel[New World]'/minecraft:overworld
[10May2026 14:07:42.810] [Server thread/INFO] [net.minecraft.server.MinecraftServer/]: Saving chunks for level 'ServerLevel[New World]'/minecraft:the_nether
[10May2026 14:07:42.811] [Server thread/INFO] [net.minecraft.server.MinecraftServer/]: Saving chunks for level 'ServerLevel[New World]'/minecraft:the_end
[10May2026 14:07:42.813] [Server thread/DEBUG] [net.minecraftforge.common.ForgeHooks/WP]: Gathering id map for writing to world save New World
[10May2026 14:07:42.819] [Server thread/DEBUG] [net.minecraftforge.common.ForgeHooks/WP]: ID Map collection complete New World
[10May2026 14:07:55.212] [Render thread/INFO] [net.minecraft.advancements.AdvancementList/]: Loaded 24 advancements
[10May2026 14:07:57.740] [Server thread/INFO] [net.minecraft.client.server.IntegratedServer/]: Saving and pausing game...
[10May2026 14:07:57.754] [Server thread/INFO] [net.minecraft.server.MinecraftServer/]: Saving chunks for level 'ServerLevel[New World]'/minecraft:overworld
[10May2026 14:07:57.768] [Server thread/INFO] [net.minecraft.server.MinecraftServer/]: Saving chunks for level 'ServerLevel[New World]'/minecraft:the_nether
[10May2026 14:07:57.771] [Server thread/INFO] [net.minecraft.server.MinecraftServer/]: Saving chunks for level 'ServerLevel[New World]'/minecraft:the_end
[10May2026 14:07:57.776] [Server thread/DEBUG] [net.minecraftforge.common.ForgeHooks/WP]: Gathering id map for writing to world save New World
[10May2026 14:07:57.784] [Server thread/DEBUG] [net.minecraftforge.common.ForgeHooks/WP]: ID Map collection complete New World
[10May2026 14:08:01.533] [Render thread/INFO] [net.minecraft.client.gui.components.ChatComponent/]: [System] [CHAT] Command set: summon minecraft:tnt_minecart
[10May2026 14:08:01.940] [Server thread/INFO] [net.minecraft.client.server.IntegratedServer/]: Saving and pausing game...
[10May2026 14:08:01.953] [Server thread/INFO] [net.minecraft.server.MinecraftServer/]: Saving chunks for level 'ServerLevel[New World]'/minecraft:overworld
[10May2026 14:08:01.963] [Server thread/INFO] [net.minecraft.server.MinecraftServer/]: Saving chunks for level 'ServerLevel[New World]'/minecraft:the_nether
[10May2026 14:08:01.964] [Server thread/INFO] [net.minecraft.server.MinecraftServer/]: Saving chunks for level 'ServerLevel[New World]'/minecraft:the_end
[10May2026 14:08:01.966] [Server thread/DEBUG] [net.minecraftforge.common.ForgeHooks/WP]: Gathering id map for writing to world save New World
[10May2026 14:08:01.973] [Server thread/DEBUG] [net.minecraftforge.common.ForgeHooks/WP]: ID Map collection complete New World
[10May2026 14:08:11.015] [Server thread/INFO] [net.minecraft.server.MinecraftServer/]: [Dev: Gave 1 [Lever] to Dev]
[10May2026 14:08:11.015] [Render thread/INFO] [net.minecraft.client.gui.components.ChatComponent/]: [System] [CHAT] Gave 1 [Lever] to Dev
[10May2026 14:08:13.793] [Server thread/INFO] [net.minecraft.server.MinecraftServer/]: [@: Summoned new Minecart with TNT]
[10May2026 14:08:13.797] [Render thread/INFO] [net.minecraft.client.gui.components.ChatComponent/]: [System] [CHAT] [@: Summoned new Minecart with TNT]
[10May2026 14:08:13.842] [Server thread/INFO] [net.minecraft.server.MinecraftServer/]: [@: Summoned new Minecart with TNT]
[10May2026 14:08:13.850] [Render thread/INFO] [net.minecraft.client.gui.components.ChatComponent/]: [System] [CHAT] [@: Summoned new Minecart with TNT]
[10May2026 14:08:13.891] [Server thread/INFO] [net.minecraft.server.MinecraftServer/]: [@: Summoned new Minecart with TNT]
[10May2026 14:08:13.896] [Render thread/INFO] [net.minecraft.client.gui.components.ChatComponent/]: [System] [CHAT] [@: Summoned new Minecart with TNT]
[10May2026 14:08:13.941] [Server thread/INFO] [net.minecraft.server.MinecraftServer/]: [@: Summoned new Minecart with TNT]
[10May2026 14:08:13.947] [Render thread/INFO] [net.minecraft.client.gui.components.ChatComponent/]: [System] [CHAT] [@: Summoned new Minecart with TNT]
[10May2026 14:08:13.990] [Server thread/INFO] [net.minecraft.server.MinecraftServer/]: [@: Summoned new Minecart with TNT]
[10May2026 14:08:13.996] [Render thread/INFO] [net.minecraft.client.gui.components.ChatComponent/]: [System] [CHAT] [@: Summoned new Minecart with TNT]
[10May2026 14:08:14.042] [Server thread/INFO] [net.minecraft.server.MinecraftServer/]: [@: Summoned new Minecart with TNT]
[10May2026 14:08:14.048] [Render thread/INFO] [net.minecraft.client.gui.components.ChatComponent/]: [System] [CHAT] [@: Summoned new Minecart with TNT]
[10May2026 14:08:14.090] [Server thread/INFO] [net.minecraft.server.MinecraftServer/]: [@: Summoned new Minecart with TNT]
[10May2026 14:08:14.098] [Render thread/INFO] [net.minecraft.client.gui.components.ChatComponent/]: [System] [CHAT] [@: Summoned new Minecart with TNT]
[10May2026 14:08:14.141] [Server thread/INFO] [net.minecraft.server.MinecraftServer/]: [@: Summoned new Minecart with TNT]
[10May2026 14:08:14.148] [Render thread/INFO] [net.minecraft.client.gui.components.ChatComponent/]: [System] [CHAT] [@: Summoned new Minecart with TNT]
[10May2026 14:08:14.191] [Server thread/INFO] [net.minecraft.server.MinecraftServer/]: [@: Summoned new Minecart with TNT]
[10May2026 14:08:14.198] [Render thread/INFO] [net.minecraft.client.gui.components.ChatComponent/]: [System] [CHAT] [@: Summoned new Minecart with TNT]
[10May2026 14:08:14.242] [Server thread/INFO] [net.minecraft.server.MinecraftServer/]: [@: Summoned new Minecart with TNT]
[10May2026 14:08:14.247] [Render thread/INFO] [net.minecraft.client.gui.components.ChatComponent/]: [System] [CHAT] [@: Summoned new Minecart with TNT]
[10May2026 14:08:14.291] [Server thread/INFO] [net.minecraft.server.MinecraftServer/]: [@: Summoned new Minecart with TNT]
[10May2026 14:08:14.298] [Render thread/INFO] [net.minecraft.client.gui.components.ChatComponent/]: [System] [CHAT] [@: Summoned new Minecart with TNT]
[10May2026 14:08:14.341] [Server thread/INFO] [net.minecraft.server.MinecraftServer/]: [@: Summoned new Minecart with TNT]
[10May2026 14:08:14.347] [Render thread/INFO] [net.minecraft.client.gui.components.ChatComponent/]: [System] [CHAT] [@: Summoned new Minecart with TNT]
[10May2026 14:08:14.393] [Server thread/INFO] [net.minecraft.server.MinecraftServer/]: [@: Summoned new Minecart with TNT]
[10May2026 14:08:14.397] [Render thread/INFO] [net.minecraft.client.gui.components.ChatComponent/]: [System] [CHAT] [@: Summoned new Minecart with TNT]
[10May2026 14:08:14.441] [Server thread/INFO] [net.minecraft.server.MinecraftServer/]: [@: Summoned new Minecart with TNT]
[10May2026 14:08:14.446] [Render thread/INFO] [net.minecraft.client.gui.components.ChatComponent/]: [System] [CHAT] [@: Summoned new Minecart with TNT]
[10May2026 14:08:14.490] [Server thread/INFO] [net.minecraft.server.MinecraftServer/]: [@: Summoned new Minecart with TNT]
[10May2026 14:08:14.499] [Render thread/INFO] [net.minecraft.client.gui.components.ChatComponent/]: [System] [CHAT] [@: Summoned new Minecart with TNT]
[10May2026 14:08:14.542] [Server thread/INFO] [net.minecraft.server.MinecraftServer/]: [@: Summoned new Minecart with TNT]
[10May2026 14:08:14.548] [Render thread/INFO] [net.minecraft.client.gui.components.ChatComponent/]: [System] [CHAT] [@: Summoned new Minecart with TNT]
[10May2026 14:08:14.592] [Server thread/INFO] [net.minecraft.server.MinecraftServer/]: [@: Summoned new Minecart with TNT]
[10May2026 14:08:14.612] [Render thread/INFO] [net.minecraft.client.gui.components.ChatComponent/]: [System] [CHAT] [@: Summoned new Minecart with TNT]
[10May2026 14:08:14.643] [Server thread/INFO] [net.minecraft.server.MinecraftServer/]: [@: Summoned new Minecart with TNT]
[10May2026 14:08:14.648] [Render thread/INFO] [net.minecraft.client.gui.components.ChatComponent/]: [System] [CHAT] [@: Summoned new Minecart with TNT]
[10May2026 14:08:14.691] [Server thread/INFO] [net.minecraft.server.MinecraftServer/]: [@: Summoned new Minecart with TNT]
[10May2026 14:08:14.696] [Render thread/INFO] [net.minecraft.client.gui.components.ChatComponent/]: [System] [CHAT] [@: Summoned new Minecart with TNT]
[10May2026 14:08:14.741] [Server thread/INFO] [net.minecraft.server.MinecraftServer/]: [@: Summoned new Minecart with TNT]
[10May2026 14:08:14.766] [Render thread/INFO] [net.minecraft.client.gui.components.ChatComponent/]: [System] [CHAT] [@: Summoned new Minecart with TNT]
[10May2026 14:08:14.793] [Server thread/INFO] [net.minecraft.server.MinecraftServer/]: [@: Summoned new Minecart with TNT]
[10May2026 14:08:14.798] [Render thread/INFO] [net.minecraft.client.gui.components.ChatComponent/]: [System] [CHAT] [@: Summoned new Minecart with TNT]
[10May2026 14:08:14.842] [Server thread/INFO] [net.minecraft.server.MinecraftServer/]: [@: Summoned new Minecart with TNT]
[10May2026 14:08:14.866] [Render thread/INFO] [net.minecraft.client.gui.components.ChatComponent/]: [System] [CHAT] [@: Summoned new Minecart with TNT]
[10May2026 14:08:14.890] [Server thread/INFO] [net.minecraft.server.MinecraftServer/]: [@: Summoned new Minecart with TNT]
[10May2026 14:08:14.898] [Render thread/INFO] [net.minecraft.client.gui.components.ChatComponent/]: [System] [CHAT] [@: Summoned new Minecart with TNT]
[10May2026 14:08:14.940] [Server thread/INFO] [net.minecraft.server.MinecraftServer/]: [@: Summoned new Minecart with TNT]
[10May2026 14:08:14.949] [Render thread/INFO] [net.minecraft.client.gui.components.ChatComponent/]: [System] [CHAT] [@: Summoned new Minecart with TNT]
[10May2026 14:08:14.991] [Server thread/INFO] [net.minecraft.server.MinecraftServer/]: [@: Summoned new Minecart with TNT]
[10May2026 14:08:14.997] [Render thread/INFO] [net.minecraft.client.gui.components.ChatComponent/]: [System] [CHAT] [@: Summoned new Minecart with TNT]
[10May2026 14:08:15.041] [Server thread/INFO] [net.minecraft.server.MinecraftServer/]: [@: Summoned new Minecart with TNT]
[10May2026 14:08:15.048] [Render thread/INFO] [net.minecraft.client.gui.components.ChatComponent/]: [System] [CHAT] [@: Summoned new Minecart with TNT]
[10May2026 14:08:15.090] [Server thread/INFO] [net.minecraft.server.MinecraftServer/]: [@: Summoned new Minecart with TNT]
[10May2026 14:08:15.097] [Render thread/INFO] [net.minecraft.client.gui.components.ChatComponent/]: [System] [CHAT] [@: Summoned new Minecart with TNT]
[10May2026 14:08:15.140] [Server thread/INFO] [net.minecraft.server.MinecraftServer/]: [@: Summoned new Minecart with TNT]
[10May2026 14:08:15.147] [Render thread/INFO] [net.minecraft.client.gui.components.ChatComponent/]: [System] [CHAT] [@: Summoned new Minecart with TNT]
[10May2026 14:08:15.191] [Server thread/INFO] [net.minecraft.server.MinecraftServer/]: [@: Summoned new Minecart with TNT]
[10May2026 14:08:15.197] [Render thread/INFO] [net.minecraft.client.gui.components.ChatComponent/]: [System] [CHAT] [@: Summoned new Minecart with TNT]
[10May2026 14:08:15.242] [Server thread/INFO] [net.minecraft.server.MinecraftServer/]: [@: Summoned new Minecart with TNT]
[10May2026 14:08:15.250] [Render thread/INFO] [net.minecraft.client.gui.components.ChatComponent/]: [System] [CHAT] [@: Summoned new Minecart with TNT]
[10May2026 14:08:15.291] [Server thread/INFO] [net.minecraft.server.MinecraftServer/]: [@: Summoned new Minecart with TNT]
[10May2026 14:08:15.297] [Render thread/INFO] [net.minecraft.client.gui.components.ChatComponent/]: [System] [CHAT] [@: Summoned new Minecart with TNT]
[10May2026 14:08:15.340] [Server thread/INFO] [net.minecraft.server.MinecraftServer/]: [@: Summoned new Minecart with TNT]
[10May2026 14:08:15.347] [Render thread/INFO] [net.minecraft.client.gui.components.ChatComponent/]: [System] [CHAT] [@: Summoned new Minecart with TNT]
[10May2026 14:08:15.392] [Server thread/INFO] [net.minecraft.server.MinecraftServer/]: [@: Summoned new Minecart with TNT]
[10May2026 14:08:15.398] [Render thread/INFO] [net.minecraft.client.gui.components.ChatComponent/]: [System] [CHAT] [@: Summoned new Minecart with TNT]
[10May2026 14:08:15.442] [Server thread/INFO] [net.minecraft.server.MinecraftServer/]: [@: Summoned new Minecart with TNT]
[10May2026 14:08:15.449] [Render thread/INFO] [net.minecraft.client.gui.components.ChatComponent/]: [System] [CHAT] [@: Summoned new Minecart with TNT]
[10May2026 14:08:15.491] [Server thread/INFO] [net.minecraft.server.MinecraftServer/]: [@: Summoned new Minecart with TNT]
[10May2026 14:08:15.499] [Render thread/INFO] [net.minecraft.client.gui.components.ChatComponent/]: [System] [CHAT] [@: Summoned new Minecart with TNT]
[10May2026 14:08:15.542] [Server thread/INFO] [net.minecraft.server.MinecraftServer/]: [@: Summoned new Minecart with TNT]
[10May2026 14:08:15.548] [Render thread/INFO] [net.minecraft.client.gui.components.ChatComponent/]: [System] [CHAT] [@: Summoned new Minecart with TNT]
[10May2026 14:08:15.591] [Server thread/INFO] [net.minecraft.server.MinecraftServer/]: [@: Summoned new Minecart with TNT]
[10May2026 14:08:15.598] [Render thread/INFO] [net.minecraft.client.gui.components.ChatComponent/]: [System] [CHAT] [@: Summoned new Minecart with TNT]
[10May2026 14:08:15.640] [Server thread/INFO] [net.minecraft.server.MinecraftServer/]: [@: Summoned new Minecart with TNT]
[10May2026 14:08:15.649] [Render thread/INFO] [net.minecraft.client.gui.components.ChatComponent/]: [System] [CHAT] [@: Summoned new Minecart with TNT]
[10May2026 14:08:15.690] [Server thread/INFO] [net.minecraft.server.MinecraftServer/]: [@: Summoned new Minecart with TNT]
[10May2026 14:08:15.697] [Render thread/INFO] [net.minecraft.client.gui.components.ChatComponent/]: [System] [CHAT] [@: Summoned new Minecart with TNT]
[10May2026 14:08:15.742] [Server thread/INFO] [net.minecraft.server.MinecraftServer/]: [@: Summoned new Minecart with TNT]
[10May2026 14:08:15.746] [Render thread/INFO] [net.minecraft.client.gui.components.ChatComponent/]: [System] [CHAT] [@: Summoned new Minecart with TNT]
[10May2026 14:08:15.791] [Server thread/INFO] [net.minecraft.server.MinecraftServer/]: [@: Summoned new Minecart with TNT]
[10May2026 14:08:15.796] [Render thread/INFO] [net.minecraft.client.gui.components.ChatComponent/]: [System] [CHAT] [@: Summoned new Minecart with TNT]
[10May2026 14:08:15.841] [Server thread/INFO] [net.minecraft.server.MinecraftServer/]: [@: Summoned new Minecart with TNT]
[10May2026 14:08:15.847] [Render thread/INFO] [net.minecraft.client.gui.components.ChatComponent/]: [System] [CHAT] [@: Summoned new Minecart with TNT]
[10May2026 14:08:15.891] [Server thread/INFO] [net.minecraft.server.MinecraftServer/]: [@: Summoned new Minecart with TNT]
[10May2026 14:08:15.897] [Render thread/INFO] [net.minecraft.client.gui.components.ChatComponent/]: [System] [CHAT] [@: Summoned new Minecart with TNT]
[10May2026 14:08:15.943] [Server thread/INFO] [net.minecraft.server.MinecraftServer/]: [@: Summoned new Minecart with TNT]
[10May2026 14:08:15.947] [Render thread/INFO] [net.minecraft.client.gui.components.ChatComponent/]: [System] [CHAT] [@: Summoned new Minecart with TNT]
[10May2026 14:08:15.992] [Server thread/INFO] [net.minecraft.server.MinecraftServer/]: [@: Summoned new Minecart with TNT]
[10May2026 14:08:15.997] [Render thread/INFO] [net.minecraft.client.gui.components.ChatComponent/]: [System] [CHAT] [@: Summoned new Minecart with TNT]
[10May2026 14:08:16.040] [Server thread/INFO] [net.minecraft.server.MinecraftServer/]: [@: Summoned new Minecart with TNT]
[10May2026 14:08:16.048] [Render thread/INFO] [net.minecraft.client.gui.components.ChatComponent/]: [System] [CHAT] [@: Summoned new Minecart with TNT]
[10May2026 14:08:16.090] [Server thread/INFO] [net.minecraft.server.MinecraftServer/]: [@: Summoned new Minecart with TNT]
[10May2026 14:08:16.097] [Render thread/INFO] [net.minecraft.client.gui.components.ChatComponent/]: [System] [CHAT] [@: Summoned new Minecart with TNT]
[10May2026 14:08:16.142] [Server thread/INFO] [net.minecraft.server.MinecraftServer/]: [@: Summoned new Minecart with TNT]
[10May2026 14:08:16.147] [Render thread/INFO] [net.minecraft.client.gui.components.ChatComponent/]: [System] [CHAT] [@: Summoned new Minecart with TNT]
[10May2026 14:08:16.192] [Server thread/INFO] [net.minecraft.server.MinecraftServer/]: [@: Summoned new Minecart with TNT]
[10May2026 14:08:16.196] [Render thread/INFO] [net.minecraft.client.gui.components.ChatComponent/]: [System] [CHAT] [@: Summoned new Minecart with TNT]
[10May2026 14:08:16.241] [Server thread/INFO] [net.minecraft.server.MinecraftServer/]: [@: Summoned new Minecart with TNT]
[10May2026 14:08:16.247] [Render thread/INFO] [net.minecraft.client.gui.components.ChatComponent/]: [System] [CHAT] [@: Summoned new Minecart with TNT]
[10May2026 14:08:16.291] [Server thread/INFO] [net.minecraft.server.MinecraftServer/]: [@: Summoned new Minecart with TNT]
[10May2026 14:08:16.297] [Render thread/INFO] [net.minecraft.client.gui.components.ChatComponent/]: [System] [CHAT] [@: Summoned new Minecart with TNT]
[10May2026 14:08:16.341] [Server thread/INFO] [net.minecraft.server.MinecraftServer/]: [@: Summoned new Minecart with TNT]
[10May2026 14:08:16.348] [Render thread/INFO] [net.minecraft.client.gui.components.ChatComponent/]: [System] [CHAT] [@: Summoned new Minecart with TNT]
[10May2026 14:08:16.390] [Server thread/INFO] [net.minecraft.server.MinecraftServer/]: [@: Summoned new Minecart with TNT]
[10May2026 14:08:16.399] [Render thread/INFO] [net.minecraft.client.gui.components.ChatComponent/]: [System] [CHAT] [@: Summoned new Minecart with TNT]
[10May2026 14:08:16.440] [Server thread/INFO] [net.minecraft.server.MinecraftServer/]: [@: Summoned new Minecart with TNT]
[10May2026 14:08:16.448] [Render thread/INFO] [net.minecraft.client.gui.components.ChatComponent/]: [System] [CHAT] [@: Summoned new Minecart with TNT]
[10May2026 14:08:16.493] [Server thread/INFO] [net.minecraft.server.MinecraftServer/]: [@: Summoned new Minecart with TNT]
[10May2026 14:08:16.497] [Render thread/INFO] [net.minecraft.client.gui.components.ChatComponent/]: [System] [CHAT] [@: Summoned new Minecart with TNT]
[10May2026 14:08:16.542] [Server thread/INFO] [net.minecraft.server.MinecraftServer/]: [@: Summoned new Minecart with TNT]
[10May2026 14:08:16.548] [Render thread/INFO] [net.minecraft.client.gui.components.ChatComponent/]: [System] [CHAT] [@: Summoned new Minecart with TNT]
[10May2026 14:08:16.591] [Server thread/INFO] [net.minecraft.server.MinecraftServer/]: [@: Summoned new Minecart with TNT]
[10May2026 14:08:16.597] [Render thread/INFO] [net.minecraft.client.gui.components.ChatComponent/]: [System] [CHAT] [@: Summoned new Minecart with TNT]
[10May2026 14:08:16.641] [Server thread/INFO] [net.minecraft.server.MinecraftServer/]: [@: Summoned new Minecart with TNT]
[10May2026 14:08:16.646] [Render thread/INFO] [net.minecraft.client.gui.components.ChatComponent/]: [System] [CHAT] [@: Summoned new Minecart with TNT]
[10May2026 14:08:16.691] [Server thread/INFO] [net.minecraft.server.MinecraftServer/]: [@: Summoned new Minecart with TNT]
[10May2026 14:08:16.697] [Render thread/INFO] [net.minecraft.client.gui.components.ChatComponent/]: [System] [CHAT] [@: Summoned new Minecart with TNT]
[10May2026 14:08:16.741] [Server thread/INFO] [net.minecraft.server.MinecraftServer/]: [@: Summoned new Minecart with TNT]
[10May2026 14:08:16.748] [Render thread/INFO] [net.minecraft.client.gui.components.ChatComponent/]: [System] [CHAT] [@: Summoned new Minecart with TNT]
[10May2026 14:08:16.790] [Server thread/INFO] [net.minecraft.server.MinecraftServer/]: [@: Summoned new Minecart with TNT]
[10May2026 14:08:16.798] [Render thread/INFO] [net.minecraft.client.gui.components.ChatComponent/]: [System] [CHAT] [@: Summoned new Minecart with TNT]
[10May2026 14:08:16.842] [Server thread/INFO] [net.minecraft.server.MinecraftServer/]: [@: Summoned new Minecart with TNT]
[10May2026 14:08:16.848] [Render thread/INFO] [net.minecraft.client.gui.components.ChatComponent/]: [System] [CHAT] [@: Summoned new Minecart with TNT]
[10May2026 14:08:16.891] [Server thread/INFO] [net.minecraft.server.MinecraftServer/]: [@: Summoned new Minecart with TNT]
[10May2026 14:08:16.896] [Render thread/INFO] [net.minecraft.client.gui.components.ChatComponent/]: [System] [CHAT] [@: Summoned new Minecart with TNT]
[10May2026 14:08:16.940] [Server thread/INFO] [net.minecraft.server.MinecraftServer/]: [@: Summoned new Minecart with TNT]
[10May2026 14:08:16.948] [Render thread/INFO] [net.minecraft.client.gui.components.ChatComponent/]: [System] [CHAT] [@: Summoned new Minecart with TNT]
[10May2026 14:08:16.991] [Server thread/INFO] [net.minecraft.server.MinecraftServer/]: [@: Summoned new Minecart with TNT]
[10May2026 14:08:16.997] [Render thread/INFO] [net.minecraft.client.gui.components.ChatComponent/]: [System] [CHAT] [@: Summoned new Minecart with TNT]
[10May2026 14:08:17.040] [Server thread/INFO] [net.minecraft.server.MinecraftServer/]: [@: Summoned new Minecart with TNT]
[10May2026 14:08:17.046] [Render thread/INFO] [net.minecraft.client.gui.components.ChatComponent/]: [System] [CHAT] [@: Summoned new Minecart with TNT]
[10May2026 14:08:17.093] [Server thread/INFO] [net.minecraft.server.MinecraftServer/]: [@: Summoned new Minecart with TNT]
[10May2026 14:08:17.096] [Render thread/INFO] [net.minecraft.client.gui.components.ChatComponent/]: [System] [CHAT] [@: Summoned new Minecart with TNT]
[10May2026 14:08:17.140] [Server thread/INFO] [net.minecraft.server.MinecraftServer/]: [@: Summoned new Minecart with TNT]
[10May2026 14:08:17.146] [Render thread/INFO] [net.minecraft.client.gui.components.ChatComponent/]: [System] [CHAT] [@: Summoned new Minecart with TNT]
[10May2026 14:08:17.191] [Server thread/INFO] [net.minecraft.server.MinecraftServer/]: [@: Summoned new Minecart with TNT]
[10May2026 14:08:17.197] [Render thread/INFO] [net.minecraft.client.gui.components.ChatComponent/]: [System] [CHAT] [@: Summoned new Minecart with TNT]
[10May2026 14:08:17.240] [Server thread/INFO] [net.minecraft.server.MinecraftServer/]: [@: Summoned new Minecart with TNT]
[10May2026 14:08:17.246] [Render thread/INFO] [net.minecraft.client.gui.components.ChatComponent/]: [System] [CHAT] [@: Summoned new Minecart with TNT]
[10May2026 14:08:17.291] [Server thread/INFO] [net.minecraft.server.MinecraftServer/]: [@: Summoned new Minecart with TNT]
[10May2026 14:08:17.296] [Render thread/INFO] [net.minecraft.client.gui.components.ChatComponent/]: [System] [CHAT] [@: Summoned new Minecart with TNT]
[10May2026 14:08:17.341] [Server thread/INFO] [net.minecraft.server.MinecraftServer/]: [@: Summoned new Minecart with TNT]
[10May2026 14:08:17.348] [Render thread/INFO] [net.minecraft.client.gui.components.ChatComponent/]: [System] [CHAT] [@: Summoned new Minecart with TNT]
[10May2026 14:08:17.394] [Server thread/INFO] [net.minecraft.server.MinecraftServer/]: [@: Summoned new Minecart with TNT]
[10May2026 14:08:17.397] [Render thread/INFO] [net.minecraft.client.gui.components.ChatComponent/]: [System] [CHAT] [@: Summoned new Minecart with TNT]
[10May2026 14:08:17.441] [Server thread/INFO] [net.minecraft.server.MinecraftServer/]: [@: Summoned new Minecart with TNT]
[10May2026 14:08:17.446] [Render thread/INFO] [net.minecraft.client.gui.components.ChatComponent/]: [System] [CHAT] [@: Summoned new Minecart with TNT]
[10May2026 14:08:17.492] [Server thread/INFO] [net.minecraft.server.MinecraftServer/]: [@: Summoned new Minecart with TNT]
[10May2026 14:08:17.497] [Render thread/INFO] [net.minecraft.client.gui.components.ChatComponent/]: [System] [CHAT] [@: Summoned new Minecart with TNT]
[10May2026 14:08:17.541] [Server thread/INFO] [net.minecraft.server.MinecraftServer/]: [@: Summoned new Minecart with TNT]
[10May2026 14:08:17.546] [Render thread/INFO] [net.minecraft.client.gui.components.ChatComponent/]: [System] [CHAT] [@: Summoned new Minecart with TNT]
[10May2026 14:08:17.592] [Server thread/INFO] [net.minecraft.server.MinecraftServer/]: [@: Summoned new Minecart with TNT]
[10May2026 14:08:17.595] [Render thread/INFO] [net.minecraft.client.gui.components.ChatComponent/]: [System] [CHAT] [@: Summoned new Minecart with TNT]
[10May2026 14:08:17.640] [Server thread/INFO] [net.minecraft.server.MinecraftServer/]: [@: Summoned new Minecart with TNT]
[10May2026 14:08:17.647] [Render thread/INFO] [net.minecraft.client.gui.components.ChatComponent/]: [System] [CHAT] [@: Summoned new Minecart with TNT]
[10May2026 14:08:17.691] [Server thread/INFO] [net.minecraft.server.MinecraftServer/]: [@: Summoned new Minecart with TNT]
[10May2026 14:08:17.696] [Render thread/INFO] [net.minecraft.client.gui.components.ChatComponent/]: [System] [CHAT] [@: Summoned new Minecart with TNT]
[10May2026 14:08:17.742] [Server thread/INFO] [net.minecraft.server.MinecraftServer/]: [@: Summoned new Minecart with TNT]
[10May2026 14:08:17.747] [Render thread/INFO] [net.minecraft.client.gui.components.ChatComponent/]: [System] [CHAT] [@: Summoned new Minecart with TNT]
[10May2026 14:08:17.792] [Server thread/INFO] [net.minecraft.server.MinecraftServer/]: [@: Summoned new Minecart with TNT]
[10May2026 14:08:17.796] [Render thread/INFO] [net.minecraft.client.gui.components.ChatComponent/]: [System] [CHAT] [@: Summoned new Minecart with TNT]
[10May2026 14:08:17.840] [Server thread/INFO] [net.minecraft.server.MinecraftServer/]: [@: Summoned new Minecart with TNT]
[10May2026 14:08:17.847] [Render thread/INFO] [net.minecraft.client.gui.components.ChatComponent/]: [System] [CHAT] [@: Summoned new Minecart with TNT]
[10May2026 14:08:17.891] [Server thread/INFO] [net.minecraft.server.MinecraftServer/]: [@: Summoned new Minecart with TNT]
[10May2026 14:08:17.898] [Render thread/INFO] [net.minecraft.client.gui.components.ChatComponent/]: [System] [CHAT] [@: Summoned new Minecart with TNT]
[10May2026 14:08:17.942] [Server thread/INFO] [net.minecraft.server.MinecraftServer/]: [@: Summoned new Minecart with TNT]
[10May2026 14:08:17.948] [Render thread/INFO] [net.minecraft.client.gui.components.ChatComponent/]: [System] [CHAT] [@: Summoned new Minecart with TNT]
[10May2026 14:08:17.991] [Server thread/INFO] [net.minecraft.server.MinecraftServer/]: [@: Summoned new Minecart with TNT]
[10May2026 14:08:17.999] [Render thread/INFO] [net.minecraft.client.gui.components.ChatComponent/]: [System] [CHAT] [@: Summoned new Minecart with TNT]
[10May2026 14:08:18.044] [Server thread/INFO] [net.minecraft.server.MinecraftServer/]: [@: Summoned new Minecart with TNT]
[10May2026 14:08:18.047] [Render thread/INFO] [net.minecraft.client.gui.components.ChatComponent/]: [System] [CHAT] [@: Summoned new Minecart with TNT]
[10May2026 14:08:18.091] [Server thread/INFO] [net.minecraft.server.MinecraftServer/]: [@: Summoned new Minecart with TNT]
[10May2026 14:08:18.096] [Render thread/INFO] [net.minecraft.client.gui.components.ChatComponent/]: [System] [CHAT] [@: Summoned new Minecart with TNT]
[10May2026 14:08:18.141] [Server thread/INFO] [net.minecraft.server.MinecraftServer/]: [@: Summoned new Minecart with TNT]
[10May2026 14:08:18.146] [Render thread/INFO] [net.minecraft.client.gui.components.ChatComponent/]: [System] [CHAT] [@: Summoned new Minecart with TNT]
[10May2026 14:08:18.191] [Server thread/INFO] [net.minecraft.server.MinecraftServer/]: [@: Summoned new Minecart with TNT]
[10May2026 14:08:18.196] [Render thread/INFO] [net.minecraft.client.gui.components.ChatComponent/]: [System] [CHAT] [@: Summoned new Minecart with TNT]
[10May2026 14:08:18.242] [Server thread/INFO] [net.minecraft.server.MinecraftServer/]: [@: Summoned new Minecart with TNT]
[10May2026 14:08:18.247] [Render thread/INFO] [net.minecraft.client.gui.components.ChatComponent/]: [System] [CHAT] [@: Summoned new Minecart with TNT]
[10May2026 14:08:18.291] [Server thread/INFO] [net.minecraft.server.MinecraftServer/]: [@: Summoned new Minecart with TNT]
[10May2026 14:08:18.296] [Render thread/INFO] [net.minecraft.client.gui.components.ChatComponent/]: [System] [CHAT] [@: Summoned new Minecart with TNT]
[10May2026 14:08:18.341] [Server thread/INFO] [net.minecraft.server.MinecraftServer/]: [@: Summoned new Minecart with TNT]
[10May2026 14:08:18.348] [Render thread/INFO] [net.minecraft.client.gui.components.ChatComponent/]: [System] [CHAT] [@: Summoned new Minecart with TNT]
[10May2026 14:08:18.393] [Server thread/INFO] [net.minecraft.server.MinecraftServer/]: [@: Summoned new Minecart with TNT]
[10May2026 14:08:18.397] [Render thread/INFO] [net.minecraft.client.gui.components.ChatComponent/]: [System] [CHAT] [@: Summoned new Minecart with TNT]
[10May2026 14:08:18.441] [Server thread/INFO] [net.minecraft.server.MinecraftServer/]: [@: Summoned new Minecart with TNT]
[10May2026 14:08:18.446] [Render thread/INFO] [net.minecraft.client.gui.components.ChatComponent/]: [System] [CHAT] [@: Summoned new Minecart with TNT]
[10May2026 14:08:18.491] [Server thread/INFO] [net.minecraft.server.MinecraftServer/]: [@: Summoned new Minecart with TNT]
[10May2026 14:08:18.496] [Render thread/INFO] [net.minecraft.client.gui.components.ChatComponent/]: [System] [CHAT] [@: Summoned new Minecart with TNT]
[10May2026 14:08:18.542] [Server thread/INFO] [net.minecraft.server.MinecraftServer/]: [@: Summoned new Minecart with TNT]
[10May2026 14:08:18.567] [Render thread/INFO] [net.minecraft.client.gui.components.ChatComponent/]: [System] [CHAT] [@: Summoned new Minecart with TNT]
[10May2026 14:08:18.591] [Server thread/INFO] [net.minecraft.server.MinecraftServer/]: [@: Summoned new Minecart with TNT]
[10May2026 14:08:18.615] [Render thread/INFO] [net.minecraft.client.gui.components.ChatComponent/]: [System] [CHAT] [@: Summoned new Minecart with TNT]
[10May2026 14:08:18.643] [Server thread/INFO] [net.minecraft.server.MinecraftServer/]: [@: Summoned new Minecart with TNT]
[10May2026 14:08:18.664] [Render thread/INFO] [net.minecraft.client.gui.components.ChatComponent/]: [System] [CHAT] [@: Summoned new Minecart with TNT]
[10May2026 14:08:18.690] [Server thread/INFO] [net.minecraft.server.MinecraftServer/]: [@: Summoned new Minecart with TNT]
[10May2026 14:08:18.697] [Render thread/INFO] [net.minecraft.client.gui.components.ChatComponent/]: [System] [CHAT] [@: Summoned new Minecart with TNT]
[10May2026 14:08:18.740] [Server thread/INFO] [net.minecraft.server.MinecraftServer/]: [@: Summoned new Minecart with TNT]
[10May2026 14:08:18.748] [Render thread/INFO] [net.minecraft.client.gui.components.ChatComponent/]: [System] [CHAT] [@: Summoned new Minecart with TNT]
[10May2026 14:08:18.790] [Server thread/INFO] [net.minecraft.server.MinecraftServer/]: [@: Summoned new Minecart with TNT]
[10May2026 14:08:18.797] [Render thread/INFO] [net.minecraft.client.gui.components.ChatComponent/]: [System] [CHAT] [@: Summoned new Minecart with TNT]
[10May2026 14:08:18.840] [Server thread/INFO] [net.minecraft.server.MinecraftServer/]: [@: Summoned new Minecart with TNT]
[10May2026 14:08:18.847] [Render thread/INFO] [net.minecraft.client.gui.components.ChatComponent/]: [System] [CHAT] [@: Summoned new Minecart with TNT]
[10May2026 14:08:18.893] [Server thread/INFO] [net.minecraft.server.MinecraftServer/]: [@: Summoned new Minecart with TNT]
[10May2026 14:08:18.902] [Render thread/INFO] [net.minecraft.client.gui.components.ChatComponent/]: [System] [CHAT] [@: Summoned new Minecart with TNT]
[10May2026 14:08:18.941] [Server thread/INFO] [net.minecraft.server.MinecraftServer/]: [@: Summoned new Minecart with TNT]
[10May2026 14:08:18.946] [Render thread/INFO] [net.minecraft.client.gui.components.ChatComponent/]: [System] [CHAT] [@: Summoned new Minecart with TNT]
[10May2026 14:08:18.990] [Server thread/INFO] [net.minecraft.server.MinecraftServer/]: [@: Summoned new Minecart with TNT]
[10May2026 14:08:18.999] [Render thread/INFO] [net.minecraft.client.gui.components.ChatComponent/]: [System] [CHAT] [@: Summoned new Minecart with TNT]
[10May2026 14:08:19.040] [Server thread/INFO] [net.minecraft.server.MinecraftServer/]: [@: Summoned new Minecart with TNT]
[10May2026 14:08:19.047] [Render thread/INFO] [net.minecraft.client.gui.components.ChatComponent/]: [System] [CHAT] [@: Summoned new Minecart with TNT]
[10May2026 14:08:19.091] [Server thread/INFO] [net.minecraft.server.MinecraftServer/]: [@: Summoned new Minecart with TNT]
[10May2026 14:08:19.101] [Render thread/INFO] [net.minecraft.client.gui.components.ChatComponent/]: [System] [CHAT] [@: Summoned new Minecart with TNT]
[10May2026 14:08:19.140] [Server thread/INFO] [net.minecraft.server.MinecraftServer/]: [@: Summoned new Minecart with TNT]
[10May2026 14:08:19.147] [Render thread/INFO] [net.minecraft.client.gui.components.ChatComponent/]: [System] [CHAT] [@: Summoned new Minecart with TNT]
[10May2026 14:08:19.191] [Server thread/INFO] [net.minecraft.server.MinecraftServer/]: [@: Summoned new Minecart with TNT]
[10May2026 14:08:19.198] [Render thread/INFO] [net.minecraft.client.gui.components.ChatComponent/]: [System] [CHAT] [@: Summoned new Minecart with TNT]
[10May2026 14:08:19.240] [Server thread/INFO] [net.minecraft.server.MinecraftServer/]: [@: Summoned new Minecart with TNT]
[10May2026 14:08:19.247] [Render thread/INFO] [net.minecraft.client.gui.components.ChatComponent/]: [System] [CHAT] [@: Summoned new Minecart with TNT]
[10May2026 14:08:19.292] [Server thread/INFO] [net.minecraft.server.MinecraftServer/]: [@: Summoned new Minecart with TNT]
[10May2026 14:08:19.314] [Render thread/INFO] [net.minecraft.client.gui.components.ChatComponent/]: [System] [CHAT] [@: Summoned new Minecart with TNT]
[10May2026 14:08:19.341] [Server thread/INFO] [net.minecraft.server.MinecraftServer/]: [@: Summoned new Minecart with TNT]
[10May2026 14:08:19.355] [Render thread/INFO] [net.minecraft.client.gui.components.ChatComponent/]: [System] [CHAT] [@: Summoned new Minecart with TNT]
[10May2026 14:08:19.392] [Server thread/INFO] [net.minecraft.server.MinecraftServer/]: [@: Summoned new Minecart with TNT]
[10May2026 14:08:19.398] [Render thread/INFO] [net.minecraft.client.gui.components.ChatComponent/]: [System] [CHAT] [@: Summoned new Minecart with TNT]
[10May2026 14:08:19.443] [Server thread/INFO] [net.minecraft.server.MinecraftServer/]: [@: Summoned new Minecart with TNT]
[10May2026 14:08:19.449] [Render thread/INFO] [net.minecraft.client.gui.components.ChatComponent/]: [System] [CHAT] [@: Summoned new Minecart with TNT]
[10May2026 14:08:19.491] [Server thread/INFO] [net.minecraft.server.MinecraftServer/]: [@: Summoned new Minecart with TNT]
[10May2026 14:08:19.514] [Render thread/INFO] [net.minecraft.client.gui.components.ChatComponent/]: [System] [CHAT] [@: Summoned new Minecart with TNT]
[10May2026 14:08:19.541] [Server thread/INFO] [net.minecraft.server.MinecraftServer/]: [@: Summoned new Minecart with TNT]
[10May2026 14:08:19.565] [Render thread/INFO] [net.minecraft.client.gui.components.ChatComponent/]: [System] [CHAT] [@: Summoned new Minecart with TNT]
[10May2026 14:08:19.591] [Server thread/INFO] [net.minecraft.server.MinecraftServer/]: [@: Summoned new Minecart with TNT]
[10May2026 14:08:19.596] [Render thread/INFO] [net.minecraft.client.gui.components.ChatComponent/]: [System] [CHAT] [@: Summoned new Minecart with TNT]
[10May2026 14:08:19.641] [Server thread/INFO] [net.minecraft.server.MinecraftServer/]: [@: Summoned new Minecart with TNT]
[10May2026 14:08:19.665] [Render thread/INFO] [net.minecraft.client.gui.components.ChatComponent/]: [System] [CHAT] [@: Summoned new Minecart with TNT]
[10May2026 14:08:19.691] [Server thread/INFO] [net.minecraft.server.MinecraftServer/]: [@: Summoned new Minecart with TNT]
[10May2026 14:08:19.692] [Render thread/INFO] [net.minecraft.client.gui.components.ChatComponent/]: [System] [CHAT] [@: Summoned new Minecart with TNT]
[10May2026 14:08:19.742] [Server thread/INFO] [net.minecraft.server.MinecraftServer/]: [@: Summoned new Minecart with TNT]
[10May2026 14:08:19.746] [Render thread/INFO] [net.minecraft.client.gui.components.ChatComponent/]: [System] [CHAT] [@: Summoned new Minecart with TNT]
[10May2026 14:08:19.791] [Server thread/INFO] [net.minecraft.server.MinecraftServer/]: [@: Summoned new Minecart with TNT]
[10May2026 14:08:19.815] [Render thread/INFO] [net.minecraft.client.gui.components.ChatComponent/]: [System] [CHAT] [@: Summoned new Minecart with TNT]
[10May2026 14:08:19.841] [Server thread/INFO] [net.minecraft.server.MinecraftServer/]: [@: Summoned new Minecart with TNT]
[10May2026 14:08:19.866] [Render thread/INFO] [net.minecraft.client.gui.components.ChatComponent/]: [System] [CHAT] [@: Summoned new Minecart with TNT]
[10May2026 14:08:19.891] [Server thread/INFO] [net.minecraft.server.MinecraftServer/]: [@: Summoned new Minecart with TNT]
[10May2026 14:08:19.896] [Render thread/INFO] [net.minecraft.client.gui.components.ChatComponent/]: [System] [CHAT] [@: Summoned new Minecart with TNT]
[10May2026 14:08:19.941] [Server thread/INFO] [net.minecraft.server.MinecraftServer/]: [@: Summoned new Minecart with TNT]
[10May2026 14:08:19.966] [Render thread/INFO] [net.minecraft.client.gui.components.ChatComponent/]: [System] [CHAT] [@: Summoned new Minecart with TNT]
[10May2026 14:08:19.992] [Server thread/INFO] [net.minecraft.server.MinecraftServer/]: [@: Summoned new Minecart with TNT]
[10May2026 14:08:19.999] [Render thread/INFO] [net.minecraft.client.gui.components.ChatComponent/]: [System] [CHAT] [@: Summoned new Minecart with TNT]
[10May2026 14:08:20.041] [Server thread/INFO] [net.minecraft.server.MinecraftServer/]: [@: Summoned new Minecart with TNT]
[10May2026 14:08:20.042] [Render thread/INFO] [net.minecraft.client.gui.components.ChatComponent/]: [System] [CHAT] [@: Summoned new Minecart with TNT]
[10May2026 14:08:20.091] [Server thread/INFO] [net.minecraft.server.MinecraftServer/]: [@: Summoned new Minecart with TNT]
[10May2026 14:08:20.096] [Render thread/INFO] [net.minecraft.client.gui.components.ChatComponent/]: [System] [CHAT] [@: Summoned new Minecart with TNT]
[10May2026 14:08:20.143] [Server thread/INFO] [net.minecraft.server.MinecraftServer/]: [@: Summoned new Minecart with TNT]
[10May2026 14:08:20.147] [Render thread/INFO] [net.minecraft.client.gui.components.ChatComponent/]: [System] [CHAT] [@: Summoned new Minecart with TNT]
[10May2026 14:08:20.190] [Server thread/INFO] [net.minecraft.server.MinecraftServer/]: [@: Summoned new Minecart with TNT]
[10May2026 14:08:20.215] [Render thread/INFO] [net.minecraft.client.gui.components.ChatComponent/]: [System] [CHAT] [@: Summoned new Minecart with TNT]
[10May2026 14:08:20.241] [Server thread/INFO] [net.minecraft.server.MinecraftServer/]: [@: Summoned new Minecart with TNT]
[10May2026 14:08:20.247] [Render thread/INFO] [net.minecraft.client.gui.components.ChatComponent/]: [System] [CHAT] [@: Summoned new Minecart with TNT]
[10May2026 14:08:20.291] [Server thread/INFO] [net.minecraft.server.MinecraftServer/]: [@: Summoned new Minecart with TNT]
[10May2026 14:08:20.298] [Render thread/INFO] [net.minecraft.client.gui.components.ChatComponent/]: [System] [CHAT] [@: Summoned new Minecart with TNT]
[10May2026 14:08:20.341] [Server thread/INFO] [net.minecraft.server.MinecraftServer/]: [@: Summoned new Minecart with TNT]
[10May2026 14:08:20.347] [Render thread/INFO] [net.minecraft.client.gui.components.ChatComponent/]: [System] [CHAT] [@: Summoned new Minecart with TNT]
[10May2026 14:08:20.390] [Server thread/INFO] [net.minecraft.server.MinecraftServer/]: [@: Summoned new Minecart with TNT]
[10May2026 14:08:20.398] [Render thread/INFO] [net.minecraft.client.gui.components.ChatComponent/]: [System] [CHAT] [@: Summoned new Minecart with TNT]
[10May2026 14:08:20.441] [Server thread/INFO] [net.minecraft.server.MinecraftServer/]: [@: Summoned new Minecart with TNT]
[10May2026 14:08:20.446] [Render thread/INFO] [net.minecraft.client.gui.components.ChatComponent/]: [System] [CHAT] [@: Summoned new Minecart with TNT]
[10May2026 14:08:20.491] [Server thread/INFO] [net.minecraft.server.MinecraftServer/]: [@: Summoned new Minecart with TNT]
[10May2026 14:08:20.495] [Render thread/INFO] [net.minecraft.client.gui.components.ChatComponent/]: [System] [CHAT] [@: Summoned new Minecart with TNT]
[10May2026 14:08:20.542] [Server thread/INFO] [net.minecraft.server.MinecraftServer/]: [@: Summoned new Minecart with TNT]
[10May2026 14:08:20.565] [Render thread/INFO] [net.minecraft.client.gui.components.ChatComponent/]: [System] [CHAT] [@: Summoned new Minecart with TNT]
[10May2026 14:08:20.590] [Server thread/INFO] [net.minecraft.server.MinecraftServer/]: [@: Summoned new Minecart with TNT]
[10May2026 14:08:20.597] [Render thread/INFO] [net.minecraft.client.gui.components.ChatComponent/]: [System] [CHAT] [@: Summoned new Minecart with TNT]
[10May2026 14:08:20.640] [Server thread/INFO] [net.minecraft.server.MinecraftServer/]: [@: Summoned new Minecart with TNT]
[10May2026 14:08:20.664] [Render thread/INFO] [net.minecraft.client.gui.components.ChatComponent/]: [System] [CHAT] [@: Summoned new Minecart with TNT]
[10May2026 14:08:20.690] [Server thread/INFO] [net.minecraft.server.MinecraftServer/]: [@: Summoned new Minecart with TNT]
[10May2026 14:08:20.702] [Render thread/INFO] [net.minecraft.client.gui.components.ChatComponent/]: [System] [CHAT] [@: Summoned new Minecart with TNT]
[10May2026 14:08:20.740] [Server thread/INFO] [net.minecraft.server.MinecraftServer/]: [@: Summoned new Minecart with TNT]
[10May2026 14:08:20.747] [Render thread/INFO] [net.minecraft.client.gui.components.ChatComponent/]: [System] [CHAT] [@: Summoned new Minecart with TNT]
[10May2026 14:08:20.791] [Server thread/INFO] [net.minecraft.server.MinecraftServer/]: [@: Summoned new Minecart with TNT]
[10May2026 14:08:20.796] [Render thread/INFO] [net.minecraft.client.gui.components.ChatComponent/]: [System] [CHAT] [@: Summoned new Minecart with TNT]
[10May2026 14:08:20.843] [Server thread/INFO] [net.minecraft.server.MinecraftServer/]: [@: Summoned new Minecart with TNT]
[10May2026 14:08:20.865] [Render thread/INFO] [net.minecraft.client.gui.components.ChatComponent/]: [System] [CHAT] [@: Summoned new Minecart with TNT]
[10May2026 14:08:20.890] [Server thread/INFO] [net.minecraft.server.MinecraftServer/]: [@: Summoned new Minecart with TNT]
[10May2026 14:08:20.902] [Render thread/INFO] [net.minecraft.client.gui.components.ChatComponent/]: [System] [CHAT] [@: Summoned new Minecart with TNT]
[10May2026 14:08:20.943] [Server thread/INFO] [net.minecraft.server.MinecraftServer/]: [@: Summoned new Minecart with TNT]
[10May2026 14:08:20.945] [Render thread/INFO] [net.minecraft.client.gui.components.ChatComponent/]: [System] [CHAT] [@: Summoned new Minecart with TNT]
[10May2026 14:08:20.993] [Server thread/INFO] [net.minecraft.server.MinecraftServer/]: [@: Summoned new Minecart with TNT]
[10May2026 14:08:21.001] [Render thread/INFO] [net.minecraft.client.gui.components.ChatComponent/]: [System] [CHAT] [@: Summoned new Minecart with TNT]
[10May2026 14:08:21.043] [Server thread/INFO] [net.minecraft.server.MinecraftServer/]: [@: Summoned new Minecart with TNT]
[10May2026 14:08:21.065] [Render thread/INFO] [net.minecraft.client.gui.components.ChatComponent/]: [System] [CHAT] [@: Summoned new Minecart with TNT]
[10May2026 14:08:21.091] [Server thread/INFO] [net.minecraft.server.MinecraftServer/]: [@: Summoned new Minecart with TNT]
[10May2026 14:08:21.096] [Render thread/INFO] [net.minecraft.client.gui.components.ChatComponent/]: [System] [CHAT] [@: Summoned new Minecart with TNT]
[10May2026 14:08:21.140] [Server thread/INFO] [net.minecraft.server.MinecraftServer/]: [@: Summoned new Minecart with TNT]
[10May2026 14:08:21.167] [Render thread/INFO] [net.minecraft.client.gui.components.ChatComponent/]: [System] [CHAT] [@: Summoned new Minecart with TNT]
[10May2026 14:08:21.192] [Server thread/INFO] [net.minecraft.server.MinecraftServer/]: [@: Summoned new Minecart with TNT]
[10May2026 14:08:21.199] [Render thread/INFO] [net.minecraft.client.gui.components.ChatComponent/]: [System] [CHAT] [@: Summoned new Minecart with TNT]
[10May2026 14:08:21.243] [Server thread/INFO] [net.minecraft.server.MinecraftServer/]: [@: Summoned new Minecart with TNT]
[10May2026 14:08:21.243] [Render thread/INFO] [net.minecraft.client.gui.components.ChatComponent/]: [System] [CHAT] [@: Summoned new Minecart with TNT]
[10May2026 14:08:21.291] [Server thread/INFO] [net.minecraft.server.MinecraftServer/]: [@: Summoned new Minecart with TNT]
[10May2026 14:08:21.308] [Render thread/INFO] [net.minecraft.client.gui.components.ChatComponent/]: [System] [CHAT] [@: Summoned new Minecart with TNT]
[10May2026 14:08:21.341] [Server thread/INFO] [net.minecraft.server.MinecraftServer/]: [@: Summoned new Minecart with TNT]
[10May2026 14:08:21.348] [Render thread/INFO] [net.minecraft.client.gui.components.ChatComponent/]: [System] [CHAT] [@: Summoned new Minecart with TNT]
[10May2026 14:08:21.391] [Server thread/INFO] [net.minecraft.server.MinecraftServer/]: [@: Summoned new Minecart with TNT]
[10May2026 14:08:21.416] [Render thread/INFO] [net.minecraft.client.gui.components.ChatComponent/]: [System] [CHAT] [@: Summoned new Minecart with TNT]
[10May2026 14:08:21.441] [Server thread/INFO] [net.minecraft.server.MinecraftServer/]: [@: Summoned new Minecart with TNT]
[10May2026 14:08:21.464] [Render thread/INFO] [net.minecraft.client.gui.components.ChatComponent/]: [System] [CHAT] [@: Summoned new Minecart with TNT]
[10May2026 14:08:21.491] [Server thread/INFO] [net.minecraft.server.MinecraftServer/]: [@: Summoned new Minecart with TNT]
[10May2026 14:08:21.500] [Render thread/INFO] [net.minecraft.client.gui.components.ChatComponent/]: [System] [CHAT] [@: Summoned new Minecart with TNT]
[10May2026 14:08:21.543] [Server thread/INFO] [net.minecraft.server.MinecraftServer/]: [@: Summoned new Minecart with TNT]
[10May2026 14:08:21.553] [Render thread/INFO] [net.minecraft.client.gui.components.ChatComponent/]: [System] [CHAT] [@: Summoned new Minecart with TNT]
[10May2026 14:08:21.590] [Server thread/INFO] [net.minecraft.server.MinecraftServer/]: [@: Summoned new Minecart with TNT]
[10May2026 14:08:21.597] [Render thread/INFO] [net.minecraft.client.gui.components.ChatComponent/]: [System] [CHAT] [@: Summoned new Minecart with TNT]
[10May2026 14:08:21.641] [Server thread/INFO] [net.minecraft.server.MinecraftServer/]: [@: Summoned new Minecart with TNT]
[10May2026 14:08:21.663] [Render thread/INFO] [net.minecraft.client.gui.components.ChatComponent/]: [System] [CHAT] [@: Summoned new Minecart with TNT]
[10May2026 14:08:21.690] [Server thread/INFO] [net.minecraft.server.MinecraftServer/]: [@: Summoned new Minecart with TNT]
[10May2026 14:08:21.700] [Render thread/INFO] [net.minecraft.client.gui.components.ChatComponent/]: [System] [CHAT] [@: Summoned new Minecart with TNT]
[10May2026 14:08:21.741] [Server thread/INFO] [net.minecraft.server.MinecraftServer/]: [@: Summoned new Minecart with TNT]
[10May2026 14:08:21.744] [Render thread/INFO] [net.minecraft.client.gui.components.ChatComponent/]: [System] [CHAT] [@: Summoned new Minecart with TNT]
[10May2026 14:08:21.791] [Server thread/INFO] [net.minecraft.server.MinecraftServer/]: [@: Summoned new Minecart with TNT]
[10May2026 14:08:21.799] [Render thread/INFO] [net.minecraft.client.gui.components.ChatComponent/]: [System] [CHAT] [@: Summoned new Minecart with TNT]
[10May2026 14:08:21.842] [Server thread/INFO] [net.minecraft.server.MinecraftServer/]: [@: Summoned new Minecart with TNT]
[10May2026 14:08:21.847] [Render thread/INFO] [net.minecraft.client.gui.components.ChatComponent/]: [System] [CHAT] [@: Summoned new Minecart with TNT]
[10May2026 14:08:21.891] [Server thread/INFO] [net.minecraft.server.MinecraftServer/]: [@: Summoned new Minecart with TNT]
[10May2026 14:08:21.899] [Render thread/INFO] [net.minecraft.client.gui.components.ChatComponent/]: [System] [CHAT] [@: Summoned new Minecart with TNT]
[10May2026 14:08:21.940] [Server thread/INFO] [net.minecraft.server.MinecraftServer/]: [@: Summoned new Minecart with TNT]
[10May2026 14:08:21.943] [Render thread/INFO] [net.minecraft.client.gui.components.ChatComponent/]: [System] [CHAT] [@: Summoned new Minecart with TNT]
[10May2026 14:08:21.992] [Server thread/INFO] [net.minecraft.server.MinecraftServer/]: [@: Summoned new Minecart with TNT]
[10May2026 14:08:21.996] [Render thread/INFO] [net.minecraft.client.gui.components.ChatComponent/]: [System] [CHAT] [@: Summoned new Minecart with TNT]
[10May2026 14:08:22.040] [Server thread/INFO] [net.minecraft.server.MinecraftServer/]: [@: Summoned new Minecart with TNT]
[10May2026 14:08:22.043] [Render thread/INFO] [net.minecraft.client.gui.components.ChatComponent/]: [System] [CHAT] [@: Summoned new Minecart with TNT]
[10May2026 14:08:22.090] [Server thread/INFO] [net.minecraft.server.MinecraftServer/]: [@: Summoned new Minecart with TNT]
[10May2026 14:08:22.124] [Render thread/INFO] [net.minecraft.client.gui.components.ChatComponent/]: [System] [CHAT] [@: Summoned new Minecart with TNT]
[10May2026 14:08:22.140] [Server thread/INFO] [net.minecraft.server.MinecraftServer/]: [@: Summoned new Minecart with TNT]
[10May2026 14:08:22.146] [Render thread/INFO] [net.minecraft.client.gui.components.ChatComponent/]: [System] [CHAT] [@: Summoned new Minecart with TNT]
[10May2026 14:08:22.191] [Server thread/INFO] [net.minecraft.server.MinecraftServer/]: [@: Summoned new Minecart with TNT]
[10May2026 14:08:22.217] [Render thread/INFO] [net.minecraft.client.gui.components.ChatComponent/]: [System] [CHAT] [@: Summoned new Minecart with TNT]
[10May2026 14:08:22.241] [Server thread/INFO] [net.minecraft.server.MinecraftServer/]: [@: Summoned new Minecart with TNT]
[10May2026 14:08:22.243] [Render thread/INFO] [net.minecraft.client.gui.components.ChatComponent/]: [System] [CHAT] [@: Summoned new Minecart with TNT]
[10May2026 14:08:22.290] [Server thread/INFO] [net.minecraft.server.MinecraftServer/]: [@: Summoned new Minecart with TNT]
[10May2026 14:08:22.299] [Render thread/INFO] [net.minecraft.client.gui.components.ChatComponent/]: [System] [CHAT] [@: Summoned new Minecart with TNT]
[10May2026 14:08:22.340] [Server thread/INFO] [net.minecraft.server.MinecraftServer/]: [@: Summoned new Minecart with TNT]
[10May2026 14:08:22.349] [Render thread/INFO] [net.minecraft.client.gui.components.ChatComponent/]: [System] [CHAT] [@: Summoned new Minecart with TNT]
[10May2026 14:08:22.390] [Server thread/INFO] [net.minecraft.server.MinecraftServer/]: [@: Summoned new Minecart with TNT]
[10May2026 14:08:22.398] [Render thread/INFO] [net.minecraft.client.gui.components.ChatComponent/]: [System] [CHAT] [@: Summoned new Minecart with TNT]
[10May2026 14:08:22.441] [Server thread/INFO] [net.minecraft.server.MinecraftServer/]: [@: Summoned new Minecart with TNT]
[10May2026 14:08:22.453] [Render thread/INFO] [net.minecraft.client.gui.components.ChatComponent/]: [System] [CHAT] [@: Summoned new Minecart with TNT]
[10May2026 14:08:22.490] [Server thread/INFO] [net.minecraft.server.MinecraftServer/]: [@: Summoned new Minecart with TNT]
[10May2026 14:08:22.503] [Render thread/INFO] [net.minecraft.client.gui.components.ChatComponent/]: [System] [CHAT] [@: Summoned new Minecart with TNT]
[10May2026 14:08:22.540] [Server thread/INFO] [net.minecraft.server.MinecraftServer/]: [@: Summoned new Minecart with TNT]
[10May2026 14:08:22.550] [Render thread/INFO] [net.minecraft.client.gui.components.ChatComponent/]: [System] [CHAT] [@: Summoned new Minecart with TNT]
[10May2026 14:08:22.590] [Server thread/INFO] [net.minecraft.server.MinecraftServer/]: [@: Summoned new Minecart with TNT]
[10May2026 14:08:22.597] [Render thread/INFO] [net.minecraft.client.gui.components.ChatComponent/]: [System] [CHAT] [@: Summoned new Minecart with TNT]
[10May2026 14:08:22.641] [Server thread/INFO] [net.minecraft.server.MinecraftServer/]: [@: Summoned new Minecart with TNT]
[10May2026 14:08:22.645] [Render thread/INFO] [net.minecraft.client.gui.components.ChatComponent/]: [System] [CHAT] [@: Summoned new Minecart with TNT]
[10May2026 14:08:22.691] [Server thread/INFO] [net.minecraft.server.MinecraftServer/]: [@: Summoned new Minecart with TNT]
[10May2026 14:08:22.697] [Render thread/INFO] [net.minecraft.client.gui.components.ChatComponent/]: [System] [CHAT] [@: Summoned new Minecart with TNT]
[10May2026 14:08:22.741] [Server thread/INFO] [net.minecraft.server.MinecraftServer/]: [@: Summoned new Minecart with TNT]
[10May2026 14:08:22.747] [Render thread/INFO] [net.minecraft.client.gui.components.ChatComponent/]: [System] [CHAT] [@: Summoned new Minecart with TNT]
[10May2026 14:08:22.792] [Server thread/INFO] [net.minecraft.server.MinecraftServer/]: [@: Summoned new Minecart with TNT]
[10May2026 14:08:22.820] [Render thread/INFO] [net.minecraft.client.gui.components.ChatComponent/]: [System] [CHAT] [@: Summoned new Minecart with TNT]
[10May2026 14:08:22.842] [Server thread/INFO] [net.minecraft.server.MinecraftServer/]: [@: Summoned new Minecart with TNT]
[10May2026 14:08:22.848] [Render thread/INFO] [net.minecraft.client.gui.components.ChatComponent/]: [System] [CHAT] [@: Summoned new Minecart with TNT]
[10May2026 14:08:22.891] [Server thread/INFO] [net.minecraft.server.MinecraftServer/]: [@: Summoned new Minecart with TNT]
[10May2026 14:08:22.896] [Render thread/INFO] [net.minecraft.client.gui.components.ChatComponent/]: [System] [CHAT] [@: Summoned new Minecart with TNT]
[10May2026 14:08:22.942] [Server thread/INFO] [net.minecraft.server.MinecraftServer/]: [@: Summoned new Minecart with TNT]
[10May2026 14:08:22.950] [Render thread/INFO] [net.minecraft.client.gui.components.ChatComponent/]: [System] [CHAT] [@: Summoned new Minecart with TNT]
[10May2026 14:08:22.991] [Server thread/INFO] [net.minecraft.server.MinecraftServer/]: [@: Summoned new Minecart with TNT]
[10May2026 14:08:23.016] [Render thread/INFO] [net.minecraft.client.gui.components.ChatComponent/]: [System] [CHAT] [@: Summoned new Minecart with TNT]
[10May2026 14:08:23.043] [Server thread/INFO] [net.minecraft.server.MinecraftServer/]: [@: Summoned new Minecart with TNT]
[10May2026 14:08:23.056] [Render thread/INFO] [net.minecraft.client.gui.components.ChatComponent/]: [System] [CHAT] [@: Summoned new Minecart with TNT]
[10May2026 14:08:23.093] [Server thread/INFO] [net.minecraft.server.MinecraftServer/]: [@: Summoned new Minecart with TNT]
[10May2026 14:08:23.110] [Render thread/INFO] [net.minecraft.client.gui.components.ChatComponent/]: [System] [CHAT] [@: Summoned new Minecart with TNT]
[10May2026 14:08:23.141] [Server thread/INFO] [net.minecraft.server.MinecraftServer/]: [@: Summoned new Minecart with TNT]
[10May2026 14:08:23.166] [Render thread/INFO] [net.minecraft.client.gui.components.ChatComponent/]: [System] [CHAT] [@: Summoned new Minecart with TNT]
[10May2026 14:08:23.190] [Server thread/INFO] [net.minecraft.server.MinecraftServer/]: [@: Summoned new Minecart with TNT]
[10May2026 14:08:23.192] [Render thread/INFO] [net.minecraft.client.gui.components.ChatComponent/]: [System] [CHAT] [@: Summoned new Minecart with TNT]
[10May2026 14:08:23.241] [Server thread/INFO] [net.minecraft.server.MinecraftServer/]: [@: Summoned new Minecart with TNT]
[10May2026 14:08:23.242] [Render thread/INFO] [net.minecraft.client.gui.components.ChatComponent/]: [System] [CHAT] [@: Summoned new Minecart with TNT]
[10May2026 14:08:23.292] [Server thread/INFO] [net.minecraft.server.MinecraftServer/]: [@: Summoned new Minecart with TNT]
[10May2026 14:08:23.295] [Render thread/INFO] [net.minecraft.client.gui.components.ChatComponent/]: [System] [CHAT] [@: Summoned new Minecart with TNT]
[10May2026 14:08:23.341] [Server thread/INFO] [net.minecraft.server.MinecraftServer/]: [@: Summoned new Minecart with TNT]
[10May2026 14:08:23.366] [Render thread/INFO] [net.minecraft.client.gui.components.ChatComponent/]: [System] [CHAT] [@: Summoned new Minecart with TNT]
[10May2026 14:08:23.393] [Server thread/INFO] [net.minecraft.server.MinecraftServer/]: [@: Summoned new Minecart with TNT]
[10May2026 14:08:23.417] [Render thread/INFO] [net.minecraft.client.gui.components.ChatComponent/]: [System] [CHAT] [@: Summoned new Minecart with TNT]
[10May2026 14:08:23.441] [Server thread/INFO] [net.minecraft.server.MinecraftServer/]: [@: Summoned new Minecart with TNT]
[10May2026 14:08:23.446] [Render thread/INFO] [net.minecraft.client.gui.components.ChatComponent/]: [System] [CHAT] [@: Summoned new Minecart with TNT]
[10May2026 14:08:23.491] [Server thread/INFO] [net.minecraft.server.MinecraftServer/]: [@: Summoned new Minecart with TNT]
[10May2026 14:08:23.496] [Render thread/INFO] [net.minecraft.client.gui.components.ChatComponent/]: [System] [CHAT] [@: Summoned new Minecart with TNT]
[10May2026 14:08:23.541] [Server thread/INFO] [net.minecraft.server.MinecraftServer/]: [@: Summoned new Minecart with TNT]
[10May2026 14:08:23.566] [Render thread/INFO] [net.minecraft.client.gui.components.ChatComponent/]: [System] [CHAT] [@: Summoned new Minecart with TNT]
[10May2026 14:08:23.591] [Server thread/INFO] [net.minecraft.server.MinecraftServer/]: [@: Summoned new Minecart with TNT]
[10May2026 14:08:23.593] [Render thread/INFO] [net.minecraft.client.gui.components.ChatComponent/]: [System] [CHAT] [@: Summoned new Minecart with TNT]
[10May2026 14:08:23.641] [Server thread/INFO] [net.minecraft.server.MinecraftServer/]: [@: Summoned new Minecart with TNT]
[10May2026 14:08:23.653] [Render thread/INFO] [net.minecraft.client.gui.components.ChatComponent/]: [System] [CHAT] [@: Summoned new Minecart with TNT]
[10May2026 14:08:23.691] [Server thread/INFO] [net.minecraft.server.MinecraftServer/]: [@: Summoned new Minecart with TNT]
[10May2026 14:08:23.704] [Render thread/INFO] [net.minecraft.client.gui.components.ChatComponent/]: [System] [CHAT] [@: Summoned new Minecart with TNT]
[10May2026 14:08:23.742] [Server thread/INFO] [net.minecraft.server.MinecraftServer/]: [@: Summoned new Minecart with TNT]
[10May2026 14:08:23.748] [Render thread/INFO] [net.minecraft.client.gui.components.ChatComponent/]: [System] [CHAT] [@: Summoned new Minecart with TNT]
[10May2026 14:08:23.790] [Server thread/INFO] [net.minecraft.server.MinecraftServer/]: [@: Summoned new Minecart with TNT]
[10May2026 14:08:23.804] [Render thread/INFO] [net.minecraft.client.gui.components.ChatComponent/]: [System] [CHAT] [@: Summoned new Minecart with TNT]
[10May2026 14:08:23.840] [Server thread/INFO] [net.minecraft.server.MinecraftServer/]: [@: Summoned new Minecart with TNT]
[10May2026 14:08:23.848] [Render thread/INFO] [net.minecraft.client.gui.components.ChatComponent/]: [System] [CHAT] [@: Summoned new Minecart with TNT]
[10May2026 14:08:23.891] [Server thread/INFO] [net.minecraft.server.MinecraftServer/]: [@: Summoned new Minecart with TNT]
[10May2026 14:08:23.916] [Render thread/INFO] [net.minecraft.client.gui.components.ChatComponent/]: [System] [CHAT] [@: Summoned new Minecart with TNT]
[10May2026 14:08:23.942] [Server thread/INFO] [net.minecraft.server.MinecraftServer/]: [@: Summoned new Minecart with TNT]
[10May2026 14:08:23.960] [Render thread/INFO] [net.minecraft.client.gui.components.ChatComponent/]: [System] [CHAT] [@: Summoned new Minecart with TNT]
[10May2026 14:08:24.003] [Server thread/INFO] [net.minecraft.server.MinecraftServer/]: [@: Summoned new Minecart with TNT]
[10May2026 14:08:24.007] [Render thread/INFO] [net.minecraft.client.gui.components.ChatComponent/]: [System] [CHAT] [@: Summoned new Minecart with TNT]
[10May2026 14:08:24.062] [Server thread/INFO] [net.minecraft.server.MinecraftServer/]: [@: Summoned new Minecart with TNT]
[10May2026 14:08:24.072] [Render thread/INFO] [net.minecraft.client.gui.components.ChatComponent/]: [System] [CHAT] [@: Summoned new Minecart with TNT]
[10May2026 14:08:24.110] [Server thread/INFO] [net.minecraft.server.MinecraftServer/]: [@: Summoned new Minecart with TNT]
[10May2026 14:08:24.115] [Render thread/INFO] [net.minecraft.client.gui.components.ChatComponent/]: [System] [CHAT] [@: Summoned new Minecart with TNT]
[10May2026 14:08:24.151] [Server thread/INFO] [net.minecraft.server.MinecraftServer/]: [@: Summoned new Minecart with TNT]
[10May2026 14:08:24.163] [Render thread/INFO] [net.minecraft.client.gui.components.ChatComponent/]: [System] [CHAT] [@: Summoned new Minecart with TNT]
[10May2026 14:08:24.190] [Server thread/INFO] [net.minecraft.server.MinecraftServer/]: [@: Summoned new Minecart with TNT]
[10May2026 14:08:24.202] [Render thread/INFO] [net.minecraft.client.gui.components.ChatComponent/]: [System] [CHAT] [@: Summoned new Minecart with TNT]
[10May2026 14:08:24.243] [Server thread/INFO] [net.minecraft.server.MinecraftServer/]: [@: Summoned new Minecart with TNT]
[10May2026 14:08:24.269] [Render thread/INFO] [net.minecraft.client.gui.components.ChatComponent/]: [System] [CHAT] [@: Summoned new Minecart with TNT]
[10May2026 14:08:24.296] [Server thread/INFO] [net.minecraft.server.MinecraftServer/]: [@: Summoned new Minecart with TNT]
[10May2026 14:08:24.298] [Render thread/INFO] [net.minecraft.client.gui.components.ChatComponent/]: [System] [CHAT] [@: Summoned new Minecart with TNT]
[10May2026 14:08:24.340] [Server thread/INFO] [net.minecraft.server.MinecraftServer/]: [@: Summoned new Minecart with TNT]
[10May2026 14:08:24.342] [Render thread/INFO] [net.minecraft.client.gui.components.ChatComponent/]: [System] [CHAT] [@: Summoned new Minecart with TNT]
[10May2026 14:08:24.390] [Server thread/INFO] [net.minecraft.server.MinecraftServer/]: [@: Summoned new Minecart with TNT]
[10May2026 14:08:24.399] [Render thread/INFO] [net.minecraft.client.gui.components.ChatComponent/]: [System] [CHAT] [@: Summoned new Minecart with TNT]
[10May2026 14:08:24.440] [Server thread/INFO] [net.minecraft.server.MinecraftServer/]: [@: Summoned new Minecart with TNT]
[10May2026 14:08:24.450] [Render thread/INFO] [net.minecraft.client.gui.components.ChatComponent/]: [System] [CHAT] [@: Summoned new Minecart with TNT]
[10May2026 14:08:24.493] [Server thread/INFO] [net.minecraft.server.MinecraftServer/]: [@: Summoned new Minecart with TNT]
[10May2026 14:08:24.495] [Render thread/INFO] [net.minecraft.client.gui.components.ChatComponent/]: [System] [CHAT] [@: Summoned new Minecart with TNT]
[10May2026 14:08:24.542] [Server thread/INFO] [net.minecraft.server.MinecraftServer/]: [@: Summoned new Minecart with TNT]
[10May2026 14:08:24.564] [Render thread/INFO] [net.minecraft.client.gui.components.ChatComponent/]: [System] [CHAT] [@: Summoned new Minecart with TNT]
[10May2026 14:08:24.592] [Server thread/INFO] [net.minecraft.server.MinecraftServer/]: [@: Summoned new Minecart with TNT]
[10May2026 14:08:24.602] [Render thread/INFO] [net.minecraft.client.gui.components.ChatComponent/]: [System] [CHAT] [@: Summoned new Minecart with TNT]
[10May2026 14:08:24.640] [Server thread/INFO] [net.minecraft.server.MinecraftServer/]: [@: Summoned new Minecart with TNT]
[10May2026 14:08:24.644] [Render thread/INFO] [net.minecraft.client.gui.components.ChatComponent/]: [System] [CHAT] [@: Summoned new Minecart with TNT]
[10May2026 14:08:24.691] [Server thread/INFO] [net.minecraft.server.MinecraftServer/]: [@: Summoned new Minecart with TNT]
[10May2026 14:08:24.697] [Render thread/INFO] [net.minecraft.client.gui.components.ChatComponent/]: [System] [CHAT] [@: Summoned new Minecart with TNT]
[10May2026 14:08:24.740] [Server thread/INFO] [net.minecraft.server.MinecraftServer/]: [@: Summoned new Minecart with TNT]
[10May2026 14:08:24.747] [Render thread/INFO] [net.minecraft.client.gui.components.ChatComponent/]: [System] [CHAT] [@: Summoned new Minecart with TNT]
[10May2026 14:08:24.790] [Server thread/INFO] [net.minecraft.server.MinecraftServer/]: [@: Summoned new Minecart with TNT]
[10May2026 14:08:24.797] [Render thread/INFO] [net.minecraft.client.gui.components.ChatComponent/]: [System] [CHAT] [@: Summoned new Minecart with TNT]
[10May2026 14:08:24.840] [Server thread/INFO] [net.minecraft.server.MinecraftServer/]: [@: Summoned new Minecart with TNT]
[10May2026 14:08:24.847] [Render thread/INFO] [net.minecraft.client.gui.components.ChatComponent/]: [System] [CHAT] [@: Summoned new Minecart with TNT]
[10May2026 14:08:24.890] [Server thread/INFO] [net.minecraft.server.MinecraftServer/]: [@: Summoned new Minecart with TNT]
[10May2026 14:08:24.915] [Render thread/INFO] [net.minecraft.client.gui.components.ChatComponent/]: [System] [CHAT] [@: Summoned new Minecart with TNT]
[10May2026 14:08:24.940] [Server thread/INFO] [net.minecraft.server.MinecraftServer/]: [@: Summoned new Minecart with TNT]
[10May2026 14:08:24.943] [Render thread/INFO] [net.minecraft.client.gui.components.ChatComponent/]: [System] [CHAT] [@: Summoned new Minecart with TNT]
[10May2026 14:08:24.990] [Server thread/INFO] [net.minecraft.server.MinecraftServer/]: [@: Summoned new Minecart with TNT]
[10May2026 14:08:24.997] [Render thread/INFO] [net.minecraft.client.gui.components.ChatComponent/]: [System] [CHAT] [@: Summoned new Minecart with TNT]
[10May2026 14:08:25.041] [Server thread/INFO] [net.minecraft.server.MinecraftServer/]: [@: Summoned new Minecart with TNT]
[10May2026 14:08:25.041] [Render thread/INFO] [net.minecraft.client.gui.components.ChatComponent/]: [System] [CHAT] [@: Summoned new Minecart with TNT]
[10May2026 14:08:25.090] [Server thread/INFO] [net.minecraft.server.MinecraftServer/]: [@: Summoned new Minecart with TNT]
[10May2026 14:08:25.092] [Render thread/INFO] [net.minecraft.client.gui.components.ChatComponent/]: [System] [CHAT] [@: Summoned new Minecart with TNT]
[10May2026 14:08:25.140] [Server thread/INFO] [net.minecraft.server.MinecraftServer/]: [@: Summoned new Minecart with TNT]
[10May2026 14:08:25.164] [Render thread/INFO] [net.minecraft.client.gui.components.ChatComponent/]: [System] [CHAT] [@: Summoned new Minecart with TNT]
[10May2026 14:08:25.191] [Server thread/INFO] [net.minecraft.server.MinecraftServer/]: [@: Summoned new Minecart with TNT]
[10May2026 14:08:25.215] [Render thread/INFO] [net.minecraft.client.gui.components.ChatComponent/]: [System] [CHAT] [@: Summoned new Minecart with TNT]
[10May2026 14:08:25.241] [Server thread/INFO] [net.minecraft.server.MinecraftServer/]: [@: Summoned new Minecart with TNT]
[10May2026 14:08:25.246] [Render thread/INFO] [net.minecraft.client.gui.components.ChatComponent/]: [System] [CHAT] [@: Summoned new Minecart with TNT]
[10May2026 14:08:25.292] [Server thread/INFO] [net.minecraft.server.MinecraftServer/]: [@: Summoned new Minecart with TNT]
[10May2026 14:08:25.302] [Render thread/INFO] [net.minecraft.client.gui.components.ChatComponent/]: [System] [CHAT] [@: Summoned new Minecart with TNT]
[10May2026 14:08:25.341] [Server thread/INFO] [net.minecraft.server.MinecraftServer/]: [@: Summoned new Minecart with TNT]
[10May2026 14:08:25.343] [Render thread/INFO] [net.minecraft.client.gui.components.ChatComponent/]: [System] [CHAT] [@: Summoned new Minecart with TNT]
[10May2026 14:08:25.390] [Server thread/INFO] [net.minecraft.server.MinecraftServer/]: [@: Summoned new Minecart with TNT]
[10May2026 14:08:25.398] [Render thread/INFO] [net.minecraft.client.gui.components.ChatComponent/]: [System] [CHAT] [@: Summoned new Minecart with TNT]
[10May2026 14:08:25.443] [Server thread/INFO] [net.minecraft.server.MinecraftServer/]: [@: Summoned new Minecart with TNT]
[10May2026 14:08:25.446] [Render thread/INFO] [net.minecraft.client.gui.components.ChatComponent/]: [System] [CHAT] [@: Summoned new Minecart with TNT]
[10May2026 14:08:25.492] [Server thread/INFO] [net.minecraft.server.MinecraftServer/]: [@: Summoned new Minecart with TNT]
[10May2026 14:08:25.497] [Render thread/INFO] [net.minecraft.client.gui.components.ChatComponent/]: [System] [CHAT] [@: Summoned new Minecart with TNT]
[10May2026 14:08:25.541] [Server thread/INFO] [net.minecraft.server.MinecraftServer/]: [@: Summoned new Minecart with TNT]
[10May2026 14:08:25.549] [Render thread/INFO] [net.minecraft.client.gui.components.ChatComponent/]: [System] [CHAT] [@: Summoned new Minecart with TNT]
[10May2026 14:08:25.591] [Server thread/INFO] [net.minecraft.server.MinecraftServer/]: [@: Summoned new Minecart with TNT]
[10May2026 14:08:25.614] [Render thread/INFO] [net.minecraft.client.gui.components.ChatComponent/]: [System] [CHAT] [@: Summoned new Minecart with TNT]
[10May2026 14:08:25.642] [Server thread/INFO] [net.minecraft.server.MinecraftServer/]: [@: Summoned new Minecart with TNT]
[10May2026 14:08:25.665] [Render thread/INFO] [net.minecraft.client.gui.components.ChatComponent/]: [System] [CHAT] [@: Summoned new Minecart with TNT]
[10May2026 14:08:25.691] [Server thread/INFO] [net.minecraft.server.MinecraftServer/]: [@: Summoned new Minecart with TNT]
[10May2026 14:08:25.714] [Render thread/INFO] [net.minecraft.client.gui.components.ChatComponent/]: [System] [CHAT] [@: Summoned new Minecart with TNT]
[10May2026 14:08:25.741] [Server thread/INFO] [net.minecraft.server.MinecraftServer/]: [@: Summoned new Minecart with TNT]
[10May2026 14:08:25.752] [Render thread/INFO] [net.minecraft.client.gui.components.ChatComponent/]: [System] [CHAT] [@: Summoned new Minecart with TNT]
[10May2026 14:08:25.791] [Server thread/INFO] [net.minecraft.server.MinecraftServer/]: [@: Summoned new Minecart with TNT]
[10May2026 14:08:25.809] [Render thread/INFO] [net.minecraft.client.gui.components.ChatComponent/]: [System] [CHAT] [@: Summoned new Minecart with TNT]
[10May2026 14:08:25.840] [Server thread/INFO] [net.minecraft.server.MinecraftServer/]: [@: Summoned new Minecart with TNT]
[10May2026 14:08:25.865] [Render thread/INFO] [net.minecraft.client.gui.components.ChatComponent/]: [System] [CHAT] [@: Summoned new Minecart with TNT]
[10May2026 14:08:25.890] [Server thread/INFO] [net.minecraft.server.MinecraftServer/]: [@: Summoned new Minecart with TNT]
[10May2026 14:08:25.914] [Render thread/INFO] [net.minecraft.client.gui.components.ChatComponent/]: [System] [CHAT] [@: Summoned new Minecart with TNT]
[10May2026 14:08:25.941] [Server thread/INFO] [net.minecraft.server.MinecraftServer/]: [@: Summoned new Minecart with TNT]
[10May2026 14:08:25.964] [Render thread/INFO] [net.minecraft.client.gui.components.ChatComponent/]: [System] [CHAT] [@: Summoned new Minecart with TNT]
[10May2026 14:08:25.991] [Server thread/INFO] [net.minecraft.server.MinecraftServer/]: [@: Summoned new Minecart with TNT]
[10May2026 14:08:26.014] [Render thread/INFO] [net.minecraft.client.gui.components.ChatComponent/]: [System] [CHAT] [@: Summoned new Minecart with TNT]
[10May2026 14:08:26.043] [Server thread/INFO] [net.minecraft.server.MinecraftServer/]: [@: Summoned new Minecart with TNT]
[10May2026 14:08:26.048] [Render thread/INFO] [net.minecraft.client.gui.components.ChatComponent/]: [System] [CHAT] [@: Summoned new Minecart with TNT]
[10May2026 14:08:26.091] [Server thread/INFO] [net.minecraft.server.MinecraftServer/]: [@: Summoned new Minecart with TNT]
[10May2026 14:08:26.100] [Render thread/INFO] [net.minecraft.client.gui.components.ChatComponent/]: [System] [CHAT] [@: Summoned new Minecart with TNT]
[10May2026 14:08:26.140] [Server thread/INFO] [net.minecraft.server.MinecraftServer/]: [@: Summoned new Minecart with TNT]
[10May2026 14:08:26.147] [Render thread/INFO] [net.minecraft.client.gui.components.ChatComponent/]: [System] [CHAT] [@: Summoned new Minecart with TNT]
[10May2026 14:08:26.191] [Server thread/INFO] [net.minecraft.server.MinecraftServer/]: [@: Summoned new Minecart with TNT]
[10May2026 14:08:26.209] [Render thread/INFO] [net.minecraft.client.gui.components.ChatComponent/]: [System] [CHAT] [@: Summoned new Minecart with TNT]
[10May2026 14:08:26.241] [Server thread/INFO] [net.minecraft.server.MinecraftServer/]: [@: Summoned new Minecart with TNT]
[10May2026 14:08:26.244] [Render thread/INFO] [net.minecraft.client.gui.components.ChatComponent/]: [System] [CHAT] [@: Summoned new Minecart with TNT]
[10May2026 14:08:26.291] [Server thread/INFO] [net.minecraft.server.MinecraftServer/]: [@: Summoned new Minecart with TNT]
[10May2026 14:08:26.314] [Render thread/INFO] [net.minecraft.client.gui.components.ChatComponent/]: [System] [CHAT] [@: Summoned new Minecart with TNT]
[10May2026 14:08:26.342] [Server thread/INFO] [net.minecraft.server.MinecraftServer/]: [@: Summoned new Minecart with TNT]
[10May2026 14:08:26.364] [Render thread/INFO] [net.minecraft.client.gui.components.ChatComponent/]: [System] [CHAT] [@: Summoned new Minecart with TNT]
[10May2026 14:08:26.391] [Server thread/INFO] [net.minecraft.server.MinecraftServer/]: [@: Summoned new Minecart with TNT]
[10May2026 14:08:26.397] [Render thread/INFO] [net.minecraft.client.gui.components.ChatComponent/]: [System] [CHAT] [@: Summoned new Minecart with TNT]
[10May2026 14:08:26.441] [Server thread/INFO] [net.minecraft.server.MinecraftServer/]: [@: Summoned new Minecart with TNT]
[10May2026 14:08:26.449] [Render thread/INFO] [net.minecraft.client.gui.components.ChatComponent/]: [System] [CHAT] [@: Summoned new Minecart with TNT]
[10May2026 14:08:26.492] [Server thread/INFO] [net.minecraft.server.MinecraftServer/]: [@: Summoned new Minecart with TNT]
[10May2026 14:08:26.513] [Render thread/INFO] [net.minecraft.client.gui.components.ChatComponent/]: [System] [CHAT] [@: Summoned new Minecart with TNT]
[10May2026 14:08:26.540] [Server thread/INFO] [net.minecraft.server.MinecraftServer/]: [@: Summoned new Minecart with TNT]
[10May2026 14:08:26.563] [Render thread/INFO] [net.minecraft.client.gui.components.ChatComponent/]: [System] [CHAT] [@: Summoned new Minecart with TNT]
[10May2026 14:08:26.591] [Server thread/INFO] [net.minecraft.server.MinecraftServer/]: [@: Summoned new Minecart with TNT]
[10May2026 14:08:26.615] [Render thread/INFO] [net.minecraft.client.gui.components.ChatComponent/]: [System] [CHAT] [@: Summoned new Minecart with TNT]
[10May2026 14:08:26.640] [Server thread/INFO] [net.minecraft.server.MinecraftServer/]: [@: Summoned new Minecart with TNT]
[10May2026 14:08:26.643] [Render thread/INFO] [net.minecraft.client.gui.components.ChatComponent/]: [System] [CHAT] [@: Summoned new Minecart with TNT]
[10May2026 14:08:26.691] [Server thread/INFO] [net.minecraft.server.MinecraftServer/]: [@: Summoned new Minecart with TNT]
[10May2026 14:08:26.714] [Render thread/INFO] [net.minecraft.client.gui.components.ChatComponent/]: [System] [CHAT] [@: Summoned new Minecart with TNT]
[10May2026 14:08:26.741] [Server thread/INFO] [net.minecraft.server.MinecraftServer/]: [@: Summoned new Minecart with TNT]
[10May2026 14:08:26.741] [Render thread/INFO] [net.minecraft.client.gui.components.ChatComponent/]: [System] [CHAT] [@: Summoned new Minecart with TNT]
[10May2026 14:08:26.790] [Server thread/INFO] [net.minecraft.server.MinecraftServer/]: [@: Summoned new Minecart with TNT]
[10May2026 14:08:26.799] [Render thread/INFO] [net.minecraft.client.gui.components.ChatComponent/]: [System] [CHAT] [@: Summoned new Minecart with TNT]
[10May2026 14:08:26.840] [Server thread/INFO] [net.minecraft.server.MinecraftServer/]: [@: Summoned new Minecart with TNT]
[10May2026 14:08:26.847] [Render thread/INFO] [net.minecraft.client.gui.components.ChatComponent/]: [System] [CHAT] [@: Summoned new Minecart with TNT]
[10May2026 14:08:26.891] [Server thread/INFO] [net.minecraft.server.MinecraftServer/]: [@: Summoned new Minecart with TNT]
[10May2026 14:08:26.898] [Render thread/INFO] [net.minecraft.client.gui.components.ChatComponent/]: [System] [CHAT] [@: Summoned new Minecart with TNT]
[10May2026 14:08:26.940] [Server thread/INFO] [net.minecraft.server.MinecraftServer/]: [@: Summoned new Minecart with TNT]
[10May2026 14:08:26.965] [Render thread/INFO] [net.minecraft.client.gui.components.ChatComponent/]: [System] [CHAT] [@: Summoned new Minecart with TNT]
[10May2026 14:08:26.991] [Server thread/INFO] [net.minecraft.server.MinecraftServer/]: [@: Summoned new Minecart with TNT]
[10May2026 14:08:26.996] [Render thread/INFO] [net.minecraft.client.gui.components.ChatComponent/]: [System] [CHAT] [@: Summoned new Minecart with TNT]
[10May2026 14:08:27.040] [Server thread/INFO] [net.minecraft.server.MinecraftServer/]: [@: Summoned new Minecart with TNT]
[10May2026 14:08:27.059] [Render thread/INFO] [net.minecraft.client.gui.components.ChatComponent/]: [System] [CHAT] [@: Summoned new Minecart with TNT]
[10May2026 14:08:27.090] [Server thread/INFO] [net.minecraft.server.MinecraftServer/]: [@: Summoned new Minecart with TNT]
[10May2026 14:08:27.114] [Render thread/INFO] [net.minecraft.client.gui.components.ChatComponent/]: [System] [CHAT] [@: Summoned new Minecart with TNT]
[10May2026 14:08:27.141] [Server thread/INFO] [net.minecraft.server.MinecraftServer/]: [@: Summoned new Minecart with TNT]
[10May2026 14:08:27.153] [Render thread/INFO] [net.minecraft.client.gui.components.ChatComponent/]: [System] [CHAT] [@: Summoned new Minecart with TNT]
[10May2026 14:08:27.190] [Server thread/INFO] [net.minecraft.server.MinecraftServer/]: [@: Summoned new Minecart with TNT]
[10May2026 14:08:27.211] [Render thread/INFO] [net.minecraft.client.gui.components.ChatComponent/]: [System] [CHAT] [@: Summoned new Minecart with TNT]
[10May2026 14:08:27.241] [Server thread/INFO] [net.minecraft.server.MinecraftServer/]: [@: Summoned new Minecart with TNT]
[10May2026 14:08:27.265] [Render thread/INFO] [net.minecraft.client.gui.components.ChatComponent/]: [System] [CHAT] [@: Summoned new Minecart with TNT]
[10May2026 14:08:27.291] [Server thread/INFO] [net.minecraft.server.MinecraftServer/]: [@: Summoned new Minecart with TNT]
[10May2026 14:08:27.298] [Render thread/INFO] [net.minecraft.client.gui.components.ChatComponent/]: [System] [CHAT] [@: Summoned new Minecart with TNT]
[10May2026 14:08:27.340] [Server thread/INFO] [net.minecraft.server.MinecraftServer/]: [@: Summoned new Minecart with TNT]
[10May2026 14:08:27.363] [Render thread/INFO] [net.minecraft.client.gui.components.ChatComponent/]: [System] [CHAT] [@: Summoned new Minecart with TNT]
[10May2026 14:08:27.390] [Server thread/INFO] [net.minecraft.server.MinecraftServer/]: [@: Summoned new Minecart with TNT]
[10May2026 14:08:27.395] [Render thread/INFO] [net.minecraft.client.gui.components.ChatComponent/]: [System] [CHAT] [@: Summoned new Minecart with TNT]
[10May2026 14:08:27.440] [Server thread/INFO] [net.minecraft.server.MinecraftServer/]: [@: Summoned new Minecart with TNT]
[10May2026 14:08:27.464] [Render thread/INFO] [net.minecraft.client.gui.components.ChatComponent/]: [System] [CHAT] [@: Summoned new Minecart with TNT]
[10May2026 14:08:27.491] [Server thread/INFO] [net.minecraft.server.MinecraftServer/]: [@: Summoned new Minecart with TNT]
[10May2026 14:08:27.496] [Render thread/INFO] [net.minecraft.client.gui.components.ChatComponent/]: [System] [CHAT] [@: Summoned new Minecart with TNT]
[10May2026 14:08:27.540] [Server thread/INFO] [net.minecraft.server.MinecraftServer/]: [@: Summoned new Minecart with TNT]
[10May2026 14:08:27.547] [Render thread/INFO] [net.minecraft.client.gui.components.ChatComponent/]: [System] [CHAT] [@: Summoned new Minecart with TNT]
[10May2026 14:08:27.590] [Server thread/INFO] [net.minecraft.server.MinecraftServer/]: [@: Summoned new Minecart with TNT]
[10May2026 14:08:27.615] [Render thread/INFO] [net.minecraft.client.gui.components.ChatComponent/]: [System] [CHAT] [@: Summoned new Minecart with TNT]
[10May2026 14:08:27.641] [Server thread/INFO] [net.minecraft.server.MinecraftServer/]: [@: Summoned new Minecart with TNT]
[10May2026 14:08:27.647] [Render thread/INFO] [net.minecraft.client.gui.components.ChatComponent/]: [System] [CHAT] [@: Summoned new Minecart with TNT]
[10May2026 14:08:27.691] [Server thread/INFO] [net.minecraft.server.MinecraftServer/]: [@: Summoned new Minecart with TNT]
[10May2026 14:08:27.710] [Render thread/INFO] [net.minecraft.client.gui.components.ChatComponent/]: [System] [CHAT] [@: Summoned new Minecart with TNT]
[10May2026 14:08:27.742] [Server thread/INFO] [net.minecraft.server.MinecraftServer/]: [@: Summoned new Minecart with TNT]
[10May2026 14:08:27.746] [Render thread/INFO] [net.minecraft.client.gui.components.ChatComponent/]: [System] [CHAT] [@: Summoned new Minecart with TNT]
[10May2026 14:08:27.792] [Server thread/INFO] [net.minecraft.server.MinecraftServer/]: [@: Summoned new Minecart with TNT]
[10May2026 14:08:27.799] [Render thread/INFO] [net.minecraft.client.gui.components.ChatComponent/]: [System] [CHAT] [@: Summoned new Minecart with TNT]
[10May2026 14:08:27.840] [Server thread/INFO] [net.minecraft.server.MinecraftServer/]: [@: Summoned new Minecart with TNT]
[10May2026 14:08:27.865] [Render thread/INFO] [net.minecraft.client.gui.components.ChatComponent/]: [System] [CHAT] [@: Summoned new Minecart with TNT]
[10May2026 14:08:27.891] [Server thread/INFO] [net.minecraft.server.MinecraftServer/]: [@: Summoned new Minecart with TNT]
[10May2026 14:08:27.913] [Render thread/INFO] [net.minecraft.client.gui.components.ChatComponent/]: [System] [CHAT] [@: Summoned new Minecart with TNT]
[10May2026 14:08:27.940] [Server thread/INFO] [net.minecraft.server.MinecraftServer/]: [@: Summoned new Minecart with TNT]
[10May2026 14:08:27.969] [Render thread/INFO] [net.minecraft.client.gui.components.ChatComponent/]: [System] [CHAT] [@: Summoned new Minecart with TNT]
[10May2026 14:08:27.990] [Server thread/INFO] [net.minecraft.server.MinecraftServer/]: [@: Summoned new Minecart with TNT]
[10May2026 14:08:27.991] [Render thread/INFO] [net.minecraft.client.gui.components.ChatComponent/]: [System] [CHAT] [@: Summoned new Minecart with TNT]
[10May2026 14:08:28.041] [Server thread/INFO] [net.minecraft.server.MinecraftServer/]: [@: Summoned new Minecart with TNT]
[10May2026 14:08:28.044] [Render thread/INFO] [net.minecraft.client.gui.components.ChatComponent/]: [System] [CHAT] [@: Summoned new Minecart with TNT]
[10May2026 14:08:28.091] [Server thread/INFO] [net.minecraft.server.MinecraftServer/]: [@: Summoned new Minecart with TNT]
[10May2026 14:08:28.114] [Render thread/INFO] [net.minecraft.client.gui.components.ChatComponent/]: [System] [CHAT] [@: Summoned new Minecart with TNT]
[10May2026 14:08:28.140] [Server thread/INFO] [net.minecraft.server.MinecraftServer/]: [@: Summoned new Minecart with TNT]
[10May2026 14:08:28.165] [Render thread/INFO] [net.minecraft.client.gui.components.ChatComponent/]: [System] [CHAT] [@: Summoned new Minecart with TNT]
[10May2026 14:08:28.190] [Server thread/INFO] [net.minecraft.server.MinecraftServer/]: [@: Summoned new Minecart with TNT]
[10May2026 14:08:28.193] [Render thread/INFO] [net.minecraft.client.gui.components.ChatComponent/]: [System] [CHAT] [@: Summoned new Minecart with TNT]
[10May2026 14:08:28.240] [Server thread/INFO] [net.minecraft.server.MinecraftServer/]: [@: Summoned new Minecart with TNT]
[10May2026 14:08:28.246] [Render thread/INFO] [net.minecraft.client.gui.components.ChatComponent/]: [System] [CHAT] [@: Summoned new Minecart with TNT]
[10May2026 14:08:28.292] [Server thread/INFO] [net.minecraft.server.MinecraftServer/]: [@: Summoned new Minecart with TNT]
[10May2026 14:08:28.298] [Render thread/INFO] [net.minecraft.client.gui.components.ChatComponent/]: [System] [CHAT] [@: Summoned new Minecart with TNT]
[10May2026 14:08:28.340] [Server thread/INFO] [net.minecraft.server.MinecraftServer/]: [@: Summoned new Minecart with TNT]
[10May2026 14:08:28.348] [Render thread/INFO] [net.minecraft.client.gui.components.ChatComponent/]: [System] [CHAT] [@: Summoned new Minecart with TNT]
[10May2026 14:08:28.392] [Server thread/INFO] [net.minecraft.server.MinecraftServer/]: [@: Summoned new Minecart with TNT]
[10May2026 14:08:28.402] [Render thread/INFO] [net.minecraft.client.gui.components.ChatComponent/]: [System] [CHAT] [@: Summoned new Minecart with TNT]
[10May2026 14:08:28.443] [Server thread/INFO] [net.minecraft.server.MinecraftServer/]: [@: Summoned new Minecart with TNT]
[10May2026 14:08:28.469] [Render thread/INFO] [net.minecraft.client.gui.components.ChatComponent/]: [System] [CHAT] [@: Summoned new Minecart with TNT]
[10May2026 14:08:28.490] [Server thread/INFO] [net.minecraft.server.MinecraftServer/]: [@: Summoned new Minecart with TNT]
[10May2026 14:08:28.505] [Render thread/INFO] [net.minecraft.client.gui.components.ChatComponent/]: [System] [CHAT] [@: Summoned new Minecart with TNT]
[10May2026 14:08:28.542] [Server thread/INFO] [net.minecraft.server.MinecraftServer/]: [@: Summoned new Minecart with TNT]
[10May2026 14:08:28.566] [Render thread/INFO] [net.minecraft.client.gui.components.ChatComponent/]: [System] [CHAT] [@: Summoned new Minecart with TNT]
[10May2026 14:08:28.590] [Server thread/INFO] [net.minecraft.server.MinecraftServer/]: [@: Summoned new Minecart with TNT]
[10May2026 14:08:28.608] [Render thread/INFO] [net.minecraft.client.gui.components.ChatComponent/]: [System] [CHAT] [@: Summoned new Minecart with TNT]
[10May2026 14:08:28.641] [Server thread/INFO] [net.minecraft.server.MinecraftServer/]: [@: Summoned new Minecart with TNT]
[10May2026 14:08:28.650] [Render thread/INFO] [net.minecraft.client.gui.components.ChatComponent/]: [System] [CHAT] [@: Summoned new Minecart with TNT]
[10May2026 14:08:28.692] [Server thread/INFO] [net.minecraft.server.MinecraftServer/]: [@: Summoned new Minecart with TNT]
[10May2026 14:08:28.740] [Server thread/INFO] [net.minecraft.server.MinecraftServer/]: [@: Summoned new Minecart with TNT]
[10May2026 14:08:28.742] [Render thread/INFO] [net.minecraft.client.gui.components.ChatComponent/]: [System] [CHAT] [@: Summoned new Minecart with TNT]
[10May2026 14:08:28.743] [Render thread/INFO] [net.minecraft.client.gui.components.ChatComponent/]: [System] [CHAT] [@: Summoned new Minecart with TNT]
[10May2026 14:08:28.792] [Server thread/INFO] [net.minecraft.server.MinecraftServer/]: [@: Summoned new Minecart with TNT]
[10May2026 14:08:28.820] [Render thread/INFO] [net.minecraft.client.gui.components.ChatComponent/]: [System] [CHAT] [@: Summoned new Minecart with TNT]
[10May2026 14:08:28.840] [Server thread/INFO] [net.minecraft.server.MinecraftServer/]: [@: Summoned new Minecart with TNT]
[10May2026 14:08:28.857] [Render thread/INFO] [net.minecraft.client.gui.components.ChatComponent/]: [System] [CHAT] [@: Summoned new Minecart with TNT]
[10May2026 14:08:28.892] [Server thread/INFO] [net.minecraft.server.MinecraftServer/]: [@: Summoned new Minecart with TNT]
[10May2026 14:08:28.893] [Render thread/INFO] [net.minecraft.client.gui.components.ChatComponent/]: [System] [CHAT] [@: Summoned new Minecart with TNT]
[10May2026 14:08:28.941] [Server thread/INFO] [net.minecraft.server.MinecraftServer/]: [@: Summoned new Minecart with TNT]
[10May2026 14:08:28.956] [Render thread/INFO] [net.minecraft.client.gui.components.ChatComponent/]: [System] [CHAT] [@: Summoned new Minecart with TNT]
[10May2026 14:08:28.991] [Server thread/INFO] [net.minecraft.server.MinecraftServer/]: [@: Summoned new Minecart with TNT]
[10May2026 14:08:29.018] [Render thread/INFO] [net.minecraft.client.gui.components.ChatComponent/]: [System] [CHAT] [@: Summoned new Minecart with TNT]
[10May2026 14:08:29.041] [Server thread/INFO] [net.minecraft.server.MinecraftServer/]: [@: Summoned new Minecart with TNT]
[10May2026 14:08:29.047] [Render thread/INFO] [net.minecraft.client.gui.components.ChatComponent/]: [System] [CHAT] [@: Summoned new Minecart with TNT]
[10May2026 14:08:29.090] [Server thread/INFO] [net.minecraft.server.MinecraftServer/]: [@: Summoned new Minecart with TNT]
[10May2026 14:08:29.097] [Render thread/INFO] [net.minecraft.client.gui.components.ChatComponent/]: [System] [CHAT] [@: Summoned new Minecart with TNT]
[10May2026 14:08:29.140] [Server thread/INFO] [net.minecraft.server.MinecraftServer/]: [@: Summoned new Minecart with TNT]
[10May2026 14:08:29.173] [Render thread/INFO] [net.minecraft.client.gui.components.ChatComponent/]: [System] [CHAT] [@: Summoned new Minecart with TNT]
[10May2026 14:08:29.190] [Server thread/INFO] [net.minecraft.server.MinecraftServer/]: [@: Summoned new Minecart with TNT]
[10May2026 14:08:29.214] [Render thread/INFO] [net.minecraft.client.gui.components.ChatComponent/]: [System] [CHAT] [@: Summoned new Minecart with TNT]
[10May2026 14:08:29.243] [Server thread/INFO] [net.minecraft.server.MinecraftServer/]: [@: Summoned new Minecart with TNT]
[10May2026 14:08:29.251] [Render thread/INFO] [net.minecraft.client.gui.components.ChatComponent/]: [System] [CHAT] [@: Summoned new Minecart with TNT]
[10May2026 14:08:29.292] [Server thread/INFO] [net.minecraft.server.MinecraftServer/]: [@: Summoned new Minecart with TNT]
[10May2026 14:08:29.306] [Render thread/INFO] [net.minecraft.client.gui.components.ChatComponent/]: [System] [CHAT] [@: Summoned new Minecart with TNT]
[10May2026 14:08:29.342] [Server thread/INFO] [net.minecraft.server.MinecraftServer/]: [@: Summoned new Minecart with TNT]
[10May2026 14:08:29.344] [Render thread/INFO] [net.minecraft.client.gui.components.ChatComponent/]: [System] [CHAT] [@: Summoned new Minecart with TNT]
[10May2026 14:08:29.391] [Server thread/INFO] [net.minecraft.server.MinecraftServer/]: [@: Summoned new Minecart with TNT]
[10May2026 14:08:29.412] [Render thread/INFO] [net.minecraft.client.gui.components.ChatComponent/]: [System] [CHAT] [@: Summoned new Minecart with TNT]
[10May2026 14:08:29.440] [Server thread/INFO] [net.minecraft.server.MinecraftServer/]: [@: Summoned new Minecart with TNT]
[10May2026 14:08:29.454] [Render thread/INFO] [net.minecraft.client.gui.components.ChatComponent/]: [System] [CHAT] [@: Summoned new Minecart with TNT]
[10May2026 14:08:29.492] [Server thread/INFO] [net.minecraft.server.MinecraftServer/]: [@: Summoned new Minecart with TNT]
[10May2026 14:08:29.529] [Render thread/INFO] [net.minecraft.client.gui.components.ChatComponent/]: [System] [CHAT] [@: Summoned new Minecart with TNT]
[10May2026 14:08:29.540] [Server thread/INFO] [net.minecraft.server.MinecraftServer/]: [@: Summoned new Minecart with TNT]
[10May2026 14:08:29.563] [Render thread/INFO] [net.minecraft.client.gui.components.ChatComponent/]: [System] [CHAT] [@: Summoned new Minecart with TNT]
[10May2026 14:08:29.592] [Server thread/INFO] [net.minecraft.server.MinecraftServer/]: [@: Summoned new Minecart with TNT]
[10May2026 14:08:29.599] [Render thread/INFO] [net.minecraft.client.gui.components.ChatComponent/]: [System] [CHAT] [@: Summoned new Minecart with TNT]
[10May2026 14:08:29.640] [Server thread/INFO] [net.minecraft.server.MinecraftServer/]: [@: Summoned new Minecart with TNT]
[10May2026 14:08:29.663] [Render thread/INFO] [net.minecraft.client.gui.components.ChatComponent/]: [System] [CHAT] [@: Summoned new Minecart with TNT]
[10May2026 14:08:29.691] [Server thread/INFO] [net.minecraft.server.MinecraftServer/]: [@: Summoned new Minecart with TNT]
[10May2026 14:08:29.714] [Render thread/INFO] [net.minecraft.client.gui.components.ChatComponent/]: [System] [CHAT] [@: Summoned new Minecart with TNT]
[10May2026 14:08:29.741] [Server thread/INFO] [net.minecraft.server.MinecraftServer/]: [@: Summoned new Minecart with TNT]
[10May2026 14:08:29.765] [Render thread/INFO] [net.minecraft.client.gui.components.ChatComponent/]: [System] [CHAT] [@: Summoned new Minecart with TNT]
[10May2026 14:08:29.790] [Server thread/INFO] [net.minecraft.server.MinecraftServer/]: [@: Summoned new Minecart with TNT]
[10May2026 14:08:29.795] [Render thread/INFO] [net.minecraft.client.gui.components.ChatComponent/]: [System] [CHAT] [@: Summoned new Minecart with TNT]
[10May2026 14:08:29.840] [Server thread/INFO] [net.minecraft.server.MinecraftServer/]: [@: Summoned new Minecart with TNT]
[10May2026 14:08:29.849] [Render thread/INFO] [net.minecraft.client.gui.components.ChatComponent/]: [System] [CHAT] [@: Summoned new Minecart with TNT]
[10May2026 14:08:29.891] [Server thread/INFO] [net.minecraft.server.MinecraftServer/]: [@: Summoned new Minecart with TNT]
[10May2026 14:08:29.914] [Render thread/INFO] [net.minecraft.client.gui.components.ChatComponent/]: [System] [CHAT] [@: Summoned new Minecart with TNT]
[10May2026 14:08:29.941] [Server thread/INFO] [net.minecraft.server.MinecraftServer/]: [@: Summoned new Minecart with TNT]
[10May2026 14:08:29.948] [Render thread/INFO] [net.minecraft.client.gui.components.ChatComponent/]: [System] [CHAT] [@: Summoned new Minecart with TNT]
[10May2026 14:08:29.992] [Server thread/INFO] [net.minecraft.server.MinecraftServer/]: [@: Summoned new Minecart with TNT]
[10May2026 14:08:30.006] [Render thread/INFO] [net.minecraft.client.gui.components.ChatComponent/]: [System] [CHAT] [@: Summoned new Minecart with TNT]
[10May2026 14:08:30.042] [Server thread/INFO] [net.minecraft.server.MinecraftServer/]: [@: Summoned new Minecart with TNT]
[10May2026 14:08:30.064] [Render thread/INFO] [net.minecraft.client.gui.components.ChatComponent/]: [System] [CHAT] [@: Summoned new Minecart with TNT]
[10May2026 14:08:30.090] [Server thread/INFO] [net.minecraft.server.MinecraftServer/]: [@: Summoned new Minecart with TNT]
[10May2026 14:08:30.097] [Render thread/INFO] [net.minecraft.client.gui.components.ChatComponent/]: [System] [CHAT] [@: Summoned new Minecart with TNT]
[10May2026 14:08:30.142] [Server thread/INFO] [net.minecraft.server.MinecraftServer/]: [@: Summoned new Minecart with TNT]
[10May2026 14:08:30.165] [Render thread/INFO] [net.minecraft.client.gui.components.ChatComponent/]: [System] [CHAT] [@: Summoned new Minecart with TNT]
[10May2026 14:08:30.191] [Server thread/INFO] [net.minecraft.server.MinecraftServer/]: [@: Summoned new Minecart with TNT]
[10May2026 14:08:30.198] [Render thread/INFO] [net.minecraft.client.gui.components.ChatComponent/]: [System] [CHAT] [@: Summoned new Minecart with TNT]
[10May2026 14:08:30.242] [Server thread/INFO] [net.minecraft.server.MinecraftServer/]: [@: Summoned new Minecart with TNT]
[10May2026 14:08:30.264] [Render thread/INFO] [net.minecraft.client.gui.components.ChatComponent/]: [System] [CHAT] [@: Summoned new Minecart with TNT]
[10May2026 14:08:30.290] [Server thread/INFO] [net.minecraft.server.MinecraftServer/]: [@: Summoned new Minecart with TNT]
[10May2026 14:08:30.297] [Render thread/INFO] [net.minecraft.client.gui.components.ChatComponent/]: [System] [CHAT] [@: Summoned new Minecart with TNT]
[10May2026 14:08:30.341] [Server thread/INFO] [net.minecraft.server.MinecraftServer/]: [@: Summoned new Minecart with TNT]
[10May2026 14:08:30.373] [Render thread/INFO] [net.minecraft.client.gui.components.ChatComponent/]: [System] [CHAT] [@: Summoned new Minecart with TNT]
[10May2026 14:08:30.390] [Server thread/INFO] [net.minecraft.server.MinecraftServer/]: [@: Summoned new Minecart with TNT]
[10May2026 14:08:30.413] [Render thread/INFO] [net.minecraft.client.gui.components.ChatComponent/]: [System] [CHAT] [@: Summoned new Minecart with TNT]
[10May2026 14:08:30.443] [Server thread/INFO] [net.minecraft.server.MinecraftServer/]: [@: Summoned new Minecart with TNT]
[10May2026 14:08:30.448] [Render thread/INFO] [net.minecraft.client.gui.components.ChatComponent/]: [System] [CHAT] [@: Summoned new Minecart with TNT]
[10May2026 14:08:30.491] [Server thread/INFO] [net.minecraft.server.MinecraftServer/]: [@: Summoned new Minecart with TNT]
[10May2026 14:08:30.513] [Render thread/INFO] [net.minecraft.client.gui.components.ChatComponent/]: [System] [CHAT] [@: Summoned new Minecart with TNT]
[10May2026 14:08:30.541] [Server thread/INFO] [net.minecraft.server.MinecraftServer/]: [@: Summoned new Minecart with TNT]
[10May2026 14:08:30.549] [Render thread/INFO] [net.minecraft.client.gui.components.ChatComponent/]: [System] [CHAT] [@: Summoned new Minecart with TNT]
[10May2026 14:08:30.593] [Server thread/INFO] [net.minecraft.server.MinecraftServer/]: [@: Summoned new Minecart with TNT]
[10May2026 14:08:30.621] [Render thread/INFO] [net.minecraft.client.gui.components.ChatComponent/]: [System] [CHAT] [@: Summoned new Minecart with TNT]
[10May2026 14:08:30.642] [Server thread/INFO] [net.minecraft.server.MinecraftServer/]: [@: Summoned new Minecart with TNT]
[10May2026 14:08:30.654] [Render thread/INFO] [net.minecraft.client.gui.components.ChatComponent/]: [System] [CHAT] [@: Summoned new Minecart with TNT]
[10May2026 14:08:30.691] [Server thread/INFO] [net.minecraft.server.MinecraftServer/]: [@: Summoned new Minecart with TNT]
[10May2026 14:08:30.709] [Render thread/INFO] [net.minecraft.client.gui.components.ChatComponent/]: [System] [CHAT] [@: Summoned new Minecart with TNT]
[10May2026 14:08:30.740] [Server thread/INFO] [net.minecraft.server.MinecraftServer/]: [@: Summoned new Minecart with TNT]
[10May2026 14:08:30.763] [Render thread/INFO] [net.minecraft.client.gui.components.ChatComponent/]: [System] [CHAT] [@: Summoned new Minecart with TNT]
[10May2026 14:08:30.790] [Server thread/INFO] [net.minecraft.server.MinecraftServer/]: [@: Summoned new Minecart with TNT]
[10May2026 14:08:30.813] [Render thread/INFO] [net.minecraft.client.gui.components.ChatComponent/]: [System] [CHAT] [@: Summoned new Minecart with TNT]
[10May2026 14:08:30.840] [Server thread/INFO] [net.minecraft.server.MinecraftServer/]: [@: Summoned new Minecart with TNT]
[10May2026 14:08:30.847] [Render thread/INFO] [net.minecraft.client.gui.components.ChatComponent/]: [System] [CHAT] [@: Summoned new Minecart with TNT]
[10May2026 14:08:30.890] [Server thread/INFO] [net.minecraft.server.MinecraftServer/]: [@: Summoned new Minecart with TNT]
[10May2026 14:08:30.901] [Render thread/INFO] [net.minecraft.client.gui.components.ChatComponent/]: [System] [CHAT] [@: Summoned new Minecart with TNT]
[10May2026 14:08:30.940] [Server thread/INFO] [net.minecraft.server.MinecraftServer/]: [@: Summoned new Minecart with TNT]
[10May2026 14:08:30.965] [Render thread/INFO] [net.minecraft.client.gui.components.ChatComponent/]: [System] [CHAT] [@: Summoned new Minecart with TNT]
[10May2026 14:08:30.991] [Server thread/INFO] [net.minecraft.server.MinecraftServer/]: [@: Summoned new Minecart with TNT]
[10May2026 14:08:31.000] [Render thread/INFO] [net.minecraft.client.gui.components.ChatComponent/]: [System] [CHAT] [@: Summoned new Minecart with TNT]
[10May2026 14:08:31.041] [Server thread/INFO] [net.minecraft.server.MinecraftServer/]: [@: Summoned new Minecart with TNT]
[10May2026 14:08:31.063] [Render thread/INFO] [net.minecraft.client.gui.components.ChatComponent/]: [System] [CHAT] [@: Summoned new Minecart with TNT]
[10May2026 14:08:31.090] [Server thread/INFO] [net.minecraft.server.MinecraftServer/]: [@: Summoned new Minecart with TNT]
[10May2026 14:08:31.120] [Render thread/INFO] [net.minecraft.client.gui.components.ChatComponent/]: [System] [CHAT] [@: Summoned new Minecart with TNT]
[10May2026 14:08:31.140] [Server thread/INFO] [net.minecraft.server.MinecraftServer/]: [@: Summoned new Minecart with TNT]
[10May2026 14:08:31.151] [Render thread/INFO] [net.minecraft.client.gui.components.ChatComponent/]: [System] [CHAT] [@: Summoned new Minecart with TNT]
[10May2026 14:08:31.190] [Server thread/INFO] [net.minecraft.server.MinecraftServer/]: [@: Summoned new Minecart with TNT]
[10May2026 14:08:31.196] [Render thread/INFO] [net.minecraft.client.gui.components.ChatComponent/]: [System] [CHAT] [@: Summoned new Minecart with TNT]
[10May2026 14:08:31.240] [Server thread/INFO] [net.minecraft.server.MinecraftServer/]: [@: Summoned new Minecart with TNT]
[10May2026 14:08:31.264] [Render thread/INFO] [net.minecraft.client.gui.components.ChatComponent/]: [System] [CHAT] [@: Summoned new Minecart with TNT]
[10May2026 14:08:31.290] [Server thread/INFO] [net.minecraft.server.MinecraftServer/]: [@: Summoned new Minecart with TNT]
[10May2026 14:08:31.294] [Render thread/INFO] [net.minecraft.client.gui.components.ChatComponent/]: [System] [CHAT] [@: Summoned new Minecart with TNT]
[10May2026 14:08:31.341] [Server thread/INFO] [net.minecraft.server.MinecraftServer/]: [@: Summoned new Minecart with TNT]
[10May2026 14:08:31.374] [Render thread/INFO] [net.minecraft.client.gui.components.ChatComponent/]: [System] [CHAT] [@: Summoned new Minecart with TNT]
[10May2026 14:08:31.392] [Server thread/INFO] [net.minecraft.server.MinecraftServer/]: [@: Summoned new Minecart with TNT]
[10May2026 14:08:31.407] [Render thread/INFO] [net.minecraft.client.gui.components.ChatComponent/]: [System] [CHAT] [@: Summoned new Minecart with TNT]
[10May2026 14:08:31.441] [Server thread/INFO] [net.minecraft.server.MinecraftServer/]: [@: Summoned new Minecart with TNT]
[10May2026 14:08:31.442] [Render thread/INFO] [net.minecraft.client.gui.components.ChatComponent/]: [System] [CHAT] [@: Summoned new Minecart with TNT]
[10May2026 14:08:31.491] [Server thread/INFO] [net.minecraft.server.MinecraftServer/]: [@: Summoned new Minecart with TNT]
[10May2026 14:08:31.513] [Render thread/INFO] [net.minecraft.client.gui.components.ChatComponent/]: [System] [CHAT] [@: Summoned new Minecart with TNT]
[10May2026 14:08:31.542] [Server thread/INFO] [net.minecraft.server.MinecraftServer/]: [@: Summoned new Minecart with TNT]
[10May2026 14:08:31.559] [Render thread/INFO] [net.minecraft.client.gui.components.ChatComponent/]: [System] [CHAT] [@: Summoned new Minecart with TNT]
[10May2026 14:08:31.590] [Server thread/INFO] [net.minecraft.server.MinecraftServer/]: [@: Summoned new Minecart with TNT]
[10May2026 14:08:31.613] [Render thread/INFO] [net.minecraft.client.gui.components.ChatComponent/]: [System] [CHAT] [@: Summoned new Minecart with TNT]
[10May2026 14:08:31.642] [Server thread/INFO] [net.minecraft.server.MinecraftServer/]: [@: Summoned new Minecart with TNT]
[10May2026 14:08:31.644] [Render thread/INFO] [net.minecraft.client.gui.components.ChatComponent/]: [System] [CHAT] [@: Summoned new Minecart with TNT]
[10May2026 14:08:31.692] [Server thread/INFO] [net.minecraft.server.MinecraftServer/]: [@: Summoned new Minecart with TNT]
[10May2026 14:08:31.708] [Render thread/INFO] [net.minecraft.client.gui.components.ChatComponent/]: [System] [CHAT] [@: Summoned new Minecart with TNT]
[10May2026 14:08:31.740] [Server thread/INFO] [net.minecraft.server.MinecraftServer/]: [@: Summoned new Minecart with TNT]
[10May2026 14:08:31.742] [Render thread/INFO] [net.minecraft.client.gui.components.ChatComponent/]: [System] [CHAT] [@: Summoned new Minecart with TNT]
[10May2026 14:08:31.791] [Server thread/INFO] [net.minecraft.server.MinecraftServer/]: [@: Summoned new Minecart with TNT]
[10May2026 14:08:31.811] [Render thread/INFO] [net.minecraft.client.gui.components.ChatComponent/]: [System] [CHAT] [@: Summoned new Minecart with TNT]
[10May2026 14:08:31.841] [Server thread/INFO] [net.minecraft.server.MinecraftServer/]: [@: Summoned new Minecart with TNT]
[10May2026 14:08:31.845] [Render thread/INFO] [net.minecraft.client.gui.components.ChatComponent/]: [System] [CHAT] [@: Summoned new Minecart with TNT]
[10May2026 14:08:31.891] [Server thread/INFO] [net.minecraft.server.MinecraftServer/]: [@: Summoned new Minecart with TNT]
[10May2026 14:08:31.924] [Render thread/INFO] [net.minecraft.client.gui.components.ChatComponent/]: [System] [CHAT] [@: Summoned new Minecart with TNT]
[10May2026 14:08:31.943] [Server thread/INFO] [net.minecraft.server.MinecraftServer/]: [@: Summoned new Minecart with TNT]
[10May2026 14:08:31.956] [Render thread/INFO] [net.minecraft.client.gui.components.ChatComponent/]: [System] [CHAT] [@: Summoned new Minecart with TNT]
[10May2026 14:08:31.990] [Server thread/INFO] [net.minecraft.server.MinecraftServer/]: [@: Summoned new Minecart with TNT]
[10May2026 14:08:32.026] [Render thread/INFO] [net.minecraft.client.gui.components.ChatComponent/]: [System] [CHAT] [@: Summoned new Minecart with TNT]
[10May2026 14:08:32.041] [Server thread/INFO] [net.minecraft.server.MinecraftServer/]: [@: Summoned new Minecart with TNT]
[10May2026 14:08:32.064] [Render thread/INFO] [net.minecraft.client.gui.components.ChatComponent/]: [System] [CHAT] [@: Summoned new Minecart with TNT]
[10May2026 14:08:32.091] [Server thread/INFO] [net.minecraft.server.MinecraftServer/]: [@: Summoned new Minecart with TNT]
[10May2026 14:08:32.097] [Render thread/INFO] [net.minecraft.client.gui.components.ChatComponent/]: [System] [CHAT] [@: Summoned new Minecart with TNT]
[10May2026 14:08:32.141] [Server thread/INFO] [net.minecraft.server.MinecraftServer/]: [@: Summoned new Minecart with TNT]
[10May2026 14:08:32.164] [Render thread/INFO] [net.minecraft.client.gui.components.ChatComponent/]: [System] [CHAT] [@: Summoned new Minecart with TNT]
[10May2026 14:08:32.190] [Server thread/INFO] [net.minecraft.server.MinecraftServer/]: [@: Summoned new Minecart with TNT]
[10May2026 14:08:32.191] [Render thread/INFO] [net.minecraft.client.gui.components.ChatComponent/]: [System] [CHAT] [@: Summoned new Minecart with TNT]
[10May2026 14:08:32.240] [Server thread/INFO] [net.minecraft.server.MinecraftServer/]: [@: Summoned new Minecart with TNT]
[10May2026 14:08:32.242] [Render thread/INFO] [net.minecraft.client.gui.components.ChatComponent/]: [System] [CHAT] [@: Summoned new Minecart with TNT]
[10May2026 14:08:32.290] [Server thread/INFO] [net.minecraft.server.MinecraftServer/]: [@: Summoned new Minecart with TNT]
[10May2026 14:08:32.293] [Render thread/INFO] [net.minecraft.client.gui.components.ChatComponent/]: [System] [CHAT] [@: Summoned new Minecart with TNT]
[10May2026 14:08:32.340] [Server thread/INFO] [net.minecraft.server.MinecraftServer/]: [@: Summoned new Minecart with TNT]
[10May2026 14:08:32.363] [Render thread/INFO] [net.minecraft.client.gui.components.ChatComponent/]: [System] [CHAT] [@: Summoned new Minecart with TNT]
[10May2026 14:08:32.392] [Server thread/INFO] [net.minecraft.server.MinecraftServer/]: [@: Summoned new Minecart with TNT]
[10May2026 14:08:32.401] [Render thread/INFO] [net.minecraft.client.gui.components.ChatComponent/]: [System] [CHAT] [@: Summoned new Minecart with TNT]
[10May2026 14:08:32.440] [Server thread/INFO] [net.minecraft.server.MinecraftServer/]: [@: Summoned new Minecart with TNT]
[10May2026 14:08:32.469] [Render thread/INFO] [net.minecraft.client.gui.components.ChatComponent/]: [System] [CHAT] [@: Summoned new Minecart with TNT]
[10May2026 14:08:32.492] [Server thread/INFO] [net.minecraft.server.MinecraftServer/]: [@: Summoned new Minecart with TNT]
[10May2026 14:08:32.513] [Render thread/INFO] [net.minecraft.client.gui.components.ChatComponent/]: [System] [CHAT] [@: Summoned new Minecart with TNT]
[10May2026 14:08:32.540] [Server thread/INFO] [net.minecraft.server.MinecraftServer/]: [@: Summoned new Minecart with TNT]
[10May2026 14:08:32.543] [Render thread/INFO] [net.minecraft.client.gui.components.ChatComponent/]: [System] [CHAT] [@: Summoned new Minecart with TNT]
[10May2026 14:08:32.591] [Server thread/INFO] [net.minecraft.server.MinecraftServer/]: [@: Summoned new Minecart with TNT]
[10May2026 14:08:32.596] [Render thread/INFO] [net.minecraft.client.gui.components.ChatComponent/]: [System] [CHAT] [@: Summoned new Minecart with TNT]
[10May2026 14:08:32.641] [Server thread/INFO] [net.minecraft.server.MinecraftServer/]: [@: Summoned new Minecart with TNT]
[10May2026 14:08:32.654] [Render thread/INFO] [net.minecraft.client.gui.components.ChatComponent/]: [System] [CHAT] [@: Summoned new Minecart with TNT]
[10May2026 14:08:32.690] [Server thread/INFO] [net.minecraft.server.MinecraftServer/]: [@: Summoned new Minecart with TNT]
[10May2026 14:08:32.729] [Render thread/INFO] [net.minecraft.client.gui.components.ChatComponent/]: [System] [CHAT] [@: Summoned new Minecart with TNT]
[10May2026 14:08:32.742] [Server thread/INFO] [net.minecraft.server.MinecraftServer/]: [@: Summoned new Minecart with TNT]
[10May2026 14:08:32.781] [Render thread/INFO] [net.minecraft.client.gui.components.ChatComponent/]: [System] [CHAT] [@: Summoned new Minecart with TNT]
[10May2026 14:08:32.791] [Server thread/INFO] [net.minecraft.server.MinecraftServer/]: [@: Summoned new Minecart with TNT]
[10May2026 14:08:32.812] [Render thread/INFO] [net.minecraft.client.gui.components.ChatComponent/]: [System] [CHAT] [@: Summoned new Minecart with TNT]
[10May2026 14:08:32.841] [Server thread/INFO] [net.minecraft.server.MinecraftServer/]: [@: Summoned new Minecart with TNT]
[10May2026 14:08:32.884] [Render thread/INFO] [net.minecraft.client.gui.components.ChatComponent/]: [System] [CHAT] [@: Summoned new Minecart with TNT]
[10May2026 14:08:32.894] [Server thread/INFO] [net.minecraft.server.MinecraftServer/]: [@: Summoned new Minecart with TNT]
[10May2026 14:08:32.934] [Render thread/INFO] [net.minecraft.client.gui.components.ChatComponent/]: [System] [CHAT] [@: Summoned new Minecart with TNT]
[10May2026 14:08:32.942] [Server thread/INFO] [net.minecraft.server.MinecraftServer/]: [@: Summoned new Minecart with TNT]
[10May2026 14:08:32.964] [Render thread/INFO] [net.minecraft.client.gui.components.ChatComponent/]: [System] [CHAT] [@: Summoned new Minecart with TNT]
[10May2026 14:08:32.991] [Server thread/INFO] [net.minecraft.server.MinecraftServer/]: [@: Summoned new Minecart with TNT]
[10May2026 14:08:32.997] [Render thread/INFO] [net.minecraft.client.gui.components.ChatComponent/]: [System] [CHAT] [@: Summoned new Minecart with TNT]
[10May2026 14:08:33.042] [Server thread/INFO] [net.minecraft.server.MinecraftServer/]: [@: Summoned new Minecart with TNT]
[10May2026 14:08:33.082] [Render thread/INFO] [net.minecraft.client.gui.components.ChatComponent/]: [System] [CHAT] [@: Summoned new Minecart with TNT]
[10May2026 14:08:33.090] [Server thread/INFO] [net.minecraft.server.MinecraftServer/]: [@: Summoned new Minecart with TNT]
[10May2026 14:08:33.126] [Render thread/INFO] [net.minecraft.client.gui.components.ChatComponent/]: [System] [CHAT] [@: Summoned new Minecart with TNT]
[10May2026 14:08:33.140] [Server thread/INFO] [net.minecraft.server.MinecraftServer/]: [@: Summoned new Minecart with TNT]
[10May2026 14:08:33.160] [Render thread/INFO] [net.minecraft.client.gui.components.ChatComponent/]: [System] [CHAT] [@: Summoned new Minecart with TNT]
[10May2026 14:08:33.191] [Server thread/INFO] [net.minecraft.server.MinecraftServer/]: [@: Summoned new Minecart with TNT]
[10May2026 14:08:33.191] [Render thread/INFO] [net.minecraft.client.gui.components.ChatComponent/]: [System] [CHAT] [@: Summoned new Minecart with TNT]
[10May2026 14:08:33.240] [Server thread/INFO] [net.minecraft.server.MinecraftServer/]: [@: Summoned new Minecart with TNT]
[10May2026 14:08:33.274] [Render thread/INFO] [net.minecraft.client.gui.components.ChatComponent/]: [System] [CHAT] [@: Summoned new Minecart with TNT]
[10May2026 14:08:33.291] [Server thread/INFO] [net.minecraft.server.MinecraftServer/]: [@: Summoned new Minecart with TNT]
[10May2026 14:08:33.314] [Render thread/INFO] [net.minecraft.client.gui.components.ChatComponent/]: [System] [CHAT] [@: Summoned new Minecart with TNT]
[10May2026 14:08:33.342] [Server thread/INFO] [net.minecraft.server.MinecraftServer/]: [@: Summoned new Minecart with TNT]
[10May2026 14:08:33.355] [Render thread/INFO] [net.minecraft.client.gui.components.ChatComponent/]: [System] [CHAT] [@: Summoned new Minecart with TNT]
[10May2026 14:08:33.393] [Server thread/INFO] [net.minecraft.server.MinecraftServer/]: [@: Summoned new Minecart with TNT]
[10May2026 14:08:33.423] [Render thread/INFO] [net.minecraft.client.gui.components.ChatComponent/]: [System] [CHAT] [@: Summoned new Minecart with TNT]
[10May2026 14:08:33.441] [Server thread/INFO] [net.minecraft.server.MinecraftServer/]: [@: Summoned new Minecart with TNT]
[10May2026 14:08:33.475] [Render thread/INFO] [net.minecraft.client.gui.components.ChatComponent/]: [System] [CHAT] [@: Summoned new Minecart with TNT]
[10May2026 14:08:33.490] [Server thread/INFO] [net.minecraft.server.MinecraftServer/]: [@: Summoned new Minecart with TNT]
[10May2026 14:08:33.514] [Render thread/INFO] [net.minecraft.client.gui.components.ChatComponent/]: [System] [CHAT] [@: Summoned new Minecart with TNT]
[10May2026 14:08:33.540] [Server thread/INFO] [net.minecraft.server.MinecraftServer/]: [@: Summoned new Minecart with TNT]
[10May2026 14:08:33.545] [Render thread/INFO] [net.minecraft.client.gui.components.ChatComponent/]: [System] [CHAT] [@: Summoned new Minecart with TNT]
[10May2026 14:08:33.591] [Server thread/INFO] [net.minecraft.server.MinecraftServer/]: [@: Summoned new Minecart with TNT]
[10May2026 14:08:33.604] [Render thread/INFO] [net.minecraft.client.gui.components.ChatComponent/]: [System] [CHAT] [@: Summoned new Minecart with TNT]
[10May2026 14:08:33.642] [Server thread/INFO] [net.minecraft.server.MinecraftServer/]: [@: Summoned new Minecart with TNT]
[10May2026 14:08:33.680] [Render thread/INFO] [net.minecraft.client.gui.components.ChatComponent/]: [System] [CHAT] [@: Summoned new Minecart with TNT]
[10May2026 14:08:33.693] [Server thread/INFO] [net.minecraft.server.MinecraftServer/]: [@: Summoned new Minecart with TNT]
[10May2026 14:08:33.723] [Render thread/INFO] [net.minecraft.client.gui.components.ChatComponent/]: [System] [CHAT] [@: Summoned new Minecart with TNT]
[10May2026 14:08:33.741] [Server thread/INFO] [net.minecraft.server.MinecraftServer/]: [@: Summoned new Minecart with TNT]
[10May2026 14:08:33.756] [Render thread/INFO] [net.minecraft.client.gui.components.ChatComponent/]: [System] [CHAT] [@: Summoned new Minecart with TNT]
[10May2026 14:08:33.790] [Server thread/INFO] [net.minecraft.server.MinecraftServer/]: [@: Summoned new Minecart with TNT]
[10May2026 14:08:33.802] [Render thread/INFO] [net.minecraft.client.gui.components.ChatComponent/]: [System] [CHAT] [@: Summoned new Minecart with TNT]
[10May2026 14:08:33.841] [Server thread/INFO] [net.minecraft.server.MinecraftServer/]: [@: Summoned new Minecart with TNT]
[10May2026 14:08:33.864] [Render thread/INFO] [net.minecraft.client.gui.components.ChatComponent/]: [System] [CHAT] [@: Summoned new Minecart with TNT]
[10May2026 14:08:33.890] [Server thread/INFO] [net.minecraft.server.MinecraftServer/]: [@: Summoned new Minecart with TNT]
[10May2026 14:08:33.900] [Render thread/INFO] [net.minecraft.client.gui.components.ChatComponent/]: [System] [CHAT] [@: Summoned new Minecart with TNT]
[10May2026 14:08:33.940] [Server thread/INFO] [net.minecraft.server.MinecraftServer/]: [@: Summoned new Minecart with TNT]
[10May2026 14:08:33.981] [Render thread/INFO] [net.minecraft.client.gui.components.ChatComponent/]: [System] [CHAT] [@: Summoned new Minecart with TNT]
[10May2026 14:08:33.990] [Server thread/INFO] [net.minecraft.server.MinecraftServer/]: [@: Summoned new Minecart with TNT]
[10May2026 14:08:34.013] [Render thread/INFO] [net.minecraft.client.gui.components.ChatComponent/]: [System] [CHAT] [@: Summoned new Minecart with TNT]
[10May2026 14:08:34.041] [Server thread/INFO] [net.minecraft.server.MinecraftServer/]: [@: Summoned new Minecart with TNT]
[10May2026 14:08:34.059] [Render thread/INFO] [net.minecraft.client.gui.components.ChatComponent/]: [System] [CHAT] [@: Summoned new Minecart with TNT]
[10May2026 14:08:34.090] [Server thread/INFO] [net.minecraft.server.MinecraftServer/]: [@: Summoned new Minecart with TNT]
[10May2026 14:08:34.097] [Render thread/INFO] [net.minecraft.client.gui.components.ChatComponent/]: [System] [CHAT] [@: Summoned new Minecart with TNT]
[10May2026 14:08:34.140] [Server thread/INFO] [net.minecraft.server.MinecraftServer/]: [@: Summoned new Minecart with TNT]
[10May2026 14:08:34.172] [Render thread/INFO] [net.minecraft.client.gui.components.ChatComponent/]: [System] [CHAT] [@: Summoned new Minecart with TNT]
[10May2026 14:08:34.191] [Server thread/INFO] [net.minecraft.server.MinecraftServer/]: [@: Summoned new Minecart with TNT]
[10May2026 14:08:34.206] [Render thread/INFO] [net.minecraft.client.gui.components.ChatComponent/]: [System] [CHAT] [@: Summoned new Minecart with TNT]
[10May2026 14:08:34.240] [Server thread/INFO] [net.minecraft.server.MinecraftServer/]: [@: Summoned new Minecart with TNT]
[10May2026 14:08:34.244] [Render thread/INFO] [net.minecraft.client.gui.components.ChatComponent/]: [System] [CHAT] [@: Summoned new Minecart with TNT]
[10May2026 14:08:34.290] [Server thread/INFO] [net.minecraft.server.MinecraftServer/]: [@: Summoned new Minecart with TNT]
[10May2026 14:08:34.297] [Render thread/INFO] [net.minecraft.client.gui.components.ChatComponent/]: [System] [CHAT] [@: Summoned new Minecart with TNT]
[10May2026 14:08:34.340] [Server thread/INFO] [net.minecraft.server.MinecraftServer/]: [@: Summoned new Minecart with TNT]
[10May2026 14:08:34.350] [Render thread/INFO] [net.minecraft.client.gui.components.ChatComponent/]: [System] [CHAT] [@: Summoned new Minecart with TNT]
[10May2026 14:08:34.391] [Server thread/INFO] [net.minecraft.server.MinecraftServer/]: [@: Summoned new Minecart with TNT]
[10May2026 14:08:34.410] [Render thread/INFO] [net.minecraft.client.gui.components.ChatComponent/]: [System] [CHAT] [@: Summoned new Minecart with TNT]
[10May2026 14:08:34.442] [Server thread/INFO] [net.minecraft.server.MinecraftServer/]: [@: Summoned new Minecart with TNT]
[10May2026 14:08:34.444] [Render thread/INFO] [net.minecraft.client.gui.components.ChatComponent/]: [System] [CHAT] [@: Summoned new Minecart with TNT]
[10May2026 14:08:34.490] [Server thread/INFO] [net.minecraft.server.MinecraftServer/]: [@: Summoned new Minecart with TNT]
[10May2026 14:08:34.499] [Render thread/INFO] [net.minecraft.client.gui.components.ChatComponent/]: [System] [CHAT] [@: Summoned new Minecart with TNT]
[10May2026 14:08:34.541] [Server thread/INFO] [net.minecraft.server.MinecraftServer/]: [@: Summoned new Minecart with TNT]
[10May2026 14:08:34.579] [Render thread/INFO] [net.minecraft.client.gui.components.ChatComponent/]: [System] [CHAT] [@: Summoned new Minecart with TNT]
[10May2026 14:08:34.590] [Server thread/INFO] [net.minecraft.server.MinecraftServer/]: [@: Summoned new Minecart with TNT]
[10May2026 14:08:34.625] [Render thread/INFO] [net.minecraft.client.gui.components.ChatComponent/]: [System] [CHAT] [@: Summoned new Minecart with TNT]
[10May2026 14:08:34.641] [Server thread/INFO] [net.minecraft.server.MinecraftServer/]: [@: Summoned new Minecart with TNT]
[10May2026 14:08:34.665] [Render thread/INFO] [net.minecraft.client.gui.components.ChatComponent/]: [System] [CHAT] [@: Summoned new Minecart with TNT]
[10May2026 14:08:34.691] [Server thread/INFO] [net.minecraft.server.MinecraftServer/]: [@: Summoned new Minecart with TNT]
[10May2026 14:08:34.699] [Render thread/INFO] [net.minecraft.client.gui.components.ChatComponent/]: [System] [CHAT] [@: Summoned new Minecart with TNT]
[10May2026 14:08:34.741] [Server thread/INFO] [net.minecraft.server.MinecraftServer/]: [@: Summoned new Minecart with TNT]
[10May2026 14:08:34.762] [Render thread/INFO] [net.minecraft.client.gui.components.ChatComponent/]: [System] [CHAT] [@: Summoned new Minecart with TNT]
[10May2026 14:08:34.790] [Server thread/INFO] [net.minecraft.server.MinecraftServer/]: [@: Summoned new Minecart with TNT]
[10May2026 14:08:34.797] [Render thread/INFO] [net.minecraft.client.gui.components.ChatComponent/]: [System] [CHAT] [@: Summoned new Minecart with TNT]
[10May2026 14:08:34.841] [Server thread/INFO] [net.minecraft.server.MinecraftServer/]: [@: Summoned new Minecart with TNT]
[10May2026 14:08:34.858] [Render thread/INFO] [net.minecraft.client.gui.components.ChatComponent/]: [System] [CHAT] [@: Summoned new Minecart with TNT]
[10May2026 14:08:34.892] [Server thread/INFO] [net.minecraft.server.MinecraftServer/]: [@: Summoned new Minecart with TNT]
[10May2026 14:08:34.898] [Render thread/INFO] [net.minecraft.client.gui.components.ChatComponent/]: [System] [CHAT] [@: Summoned new Minecart with TNT]
[10May2026 14:08:34.941] [Server thread/INFO] [net.minecraft.server.MinecraftServer/]: [@: Summoned new Minecart with TNT]
[10May2026 14:08:34.963] [Render thread/INFO] [net.minecraft.client.gui.components.ChatComponent/]: [System] [CHAT] [@: Summoned new Minecart with TNT]
[10May2026 14:08:34.991] [Server thread/INFO] [net.minecraft.server.MinecraftServer/]: [@: Summoned new Minecart with TNT]
[10May2026 14:08:34.996] [Render thread/INFO] [net.minecraft.client.gui.components.ChatComponent/]: [System] [CHAT] [@: Summoned new Minecart with TNT]
[10May2026 14:08:35.040] [Server thread/INFO] [net.minecraft.server.MinecraftServer/]: [@: Summoned new Minecart with TNT]
[10May2026 14:08:35.049] [Render thread/INFO] [net.minecraft.client.gui.components.ChatComponent/]: [System] [CHAT] [@: Summoned new Minecart with TNT]
[10May2026 14:08:35.091] [Server thread/INFO] [net.minecraft.server.MinecraftServer/]: [@: Summoned new Minecart with TNT]
[10May2026 14:08:35.109] [Render thread/INFO] [net.minecraft.client.gui.components.ChatComponent/]: [System] [CHAT] [@: Summoned new Minecart with TNT]
[10May2026 14:08:35.140] [Server thread/INFO] [net.minecraft.server.MinecraftServer/]: [@: Summoned new Minecart with TNT]
[10May2026 14:08:35.158] [Render thread/INFO] [net.minecraft.client.gui.components.ChatComponent/]: [System] [CHAT] [@: Summoned new Minecart with TNT]
[10May2026 14:08:35.192] [Server thread/INFO] [net.minecraft.server.MinecraftServer/]: [@: Summoned new Minecart with TNT]
[10May2026 14:08:35.220] [Render thread/INFO] [net.minecraft.client.gui.components.ChatComponent/]: [System] [CHAT] [@: Summoned new Minecart with TNT]
[10May2026 14:08:35.240] [Server thread/INFO] [net.minecraft.server.MinecraftServer/]: [@: Summoned new Minecart with TNT]
[10May2026 14:08:35.253] [Render thread/INFO] [net.minecraft.client.gui.components.ChatComponent/]: [System] [CHAT] [@: Summoned new Minecart with TNT]
[10May2026 14:08:35.290] [Server thread/INFO] [net.minecraft.server.MinecraftServer/]: [@: Summoned new Minecart with TNT]
[10May2026 14:08:35.328] [Render thread/INFO] [net.minecraft.client.gui.components.ChatComponent/]: [System] [CHAT] [@: Summoned new Minecart with TNT]
[10May2026 14:08:35.340] [Server thread/INFO] [net.minecraft.server.MinecraftServer/]: [@: Summoned new Minecart with TNT]
[10May2026 14:08:35.364] [Render thread/INFO] [net.minecraft.client.gui.components.ChatComponent/]: [System] [CHAT] [@: Summoned new Minecart with TNT]
[10May2026 14:08:35.391] [Server thread/INFO] [net.minecraft.server.MinecraftServer/]: [@: Summoned new Minecart with TNT]
[10May2026 14:08:35.396] [Render thread/INFO] [net.minecraft.client.gui.components.ChatComponent/]: [System] [CHAT] [@: Summoned new Minecart with TNT]
[10May2026 14:08:35.441] [Server thread/INFO] [net.minecraft.server.MinecraftServer/]: [@: Summoned new Minecart with TNT]
[10May2026 14:08:35.473] [Render thread/INFO] [net.minecraft.client.gui.components.ChatComponent/]: [System] [CHAT] [@: Summoned new Minecart with TNT]
[10May2026 14:08:35.492] [Server thread/INFO] [net.minecraft.server.MinecraftServer/]: [@: Summoned new Minecart with TNT]
[10May2026 14:08:35.510] [Render thread/INFO] [net.minecraft.client.gui.components.ChatComponent/]: [System] [CHAT] [@: Summoned new Minecart with TNT]
[10May2026 14:08:35.541] [Server thread/INFO] [net.minecraft.server.MinecraftServer/]: [@: Summoned new Minecart with TNT]
[10May2026 14:08:35.547] [Render thread/INFO] [net.minecraft.client.gui.components.ChatComponent/]: [System] [CHAT] [@: Summoned new Minecart with TNT]
[10May2026 14:08:35.590] [Server thread/INFO] [net.minecraft.server.MinecraftServer/]: [@: Summoned new Minecart with TNT]
[10May2026 14:08:35.613] [Render thread/INFO] [net.minecraft.client.gui.components.ChatComponent/]: [System] [CHAT] [@: Summoned new Minecart with TNT]
[10May2026 14:08:35.640] [Server thread/INFO] [net.minecraft.server.MinecraftServer/]: [@: Summoned new Minecart with TNT]
[10May2026 14:08:35.662] [Render thread/INFO] [net.minecraft.client.gui.components.ChatComponent/]: [System] [CHAT] [@: Summoned new Minecart with TNT]
[10May2026 14:08:35.691] [Server thread/INFO] [net.minecraft.server.MinecraftServer/]: [@: Summoned new Minecart with TNT]
[10May2026 14:08:35.714] [Render thread/INFO] [net.minecraft.client.gui.components.ChatComponent/]: [System] [CHAT] [@: Summoned new Minecart with TNT]
[10May2026 14:08:35.740] [Server thread/INFO] [net.minecraft.server.MinecraftServer/]: [@: Summoned new Minecart with TNT]
[10May2026 14:08:35.763] [Render thread/INFO] [net.minecraft.client.gui.components.ChatComponent/]: [System] [CHAT] [@: Summoned new Minecart with TNT]
[10May2026 14:08:35.790] [Server thread/INFO] [net.minecraft.server.MinecraftServer/]: [@: Summoned new Minecart with TNT]
[10May2026 14:08:35.792] [Render thread/INFO] [net.minecraft.client.gui.components.ChatComponent/]: [System] [CHAT] [@: Summoned new Minecart with TNT]
[10May2026 14:08:35.840] [Server thread/INFO] [net.minecraft.server.MinecraftServer/]: [@: Summoned new Minecart with TNT]
[10May2026 14:08:35.846] [Render thread/INFO] [net.minecraft.client.gui.components.ChatComponent/]: [System] [CHAT] [@: Summoned new Minecart with TNT]
[10May2026 14:08:35.892] [Server thread/INFO] [net.minecraft.server.MinecraftServer/]: [@: Summoned new Minecart with TNT]
[10May2026 14:08:35.897] [Render thread/INFO] [net.minecraft.client.gui.components.ChatComponent/]: [System] [CHAT] [@: Summoned new Minecart with TNT]
[10May2026 14:08:35.941] [Server thread/INFO] [net.minecraft.server.MinecraftServer/]: [@: Summoned new Minecart with TNT]
[10May2026 14:08:35.946] [Render thread/INFO] [net.minecraft.client.gui.components.ChatComponent/]: [System] [CHAT] [@: Summoned new Minecart with TNT]
[10May2026 14:08:35.992] [Server thread/INFO] [net.minecraft.server.MinecraftServer/]: [@: Summoned new Minecart with TNT]
[10May2026 14:08:35.993] [Render thread/INFO] [net.minecraft.client.gui.components.ChatComponent/]: [System] [CHAT] [@: Summoned new Minecart with TNT]
[10May2026 14:08:36.040] [Server thread/INFO] [net.minecraft.server.MinecraftServer/]: [@: Summoned new Minecart with TNT]
[10May2026 14:08:36.046] [Render thread/INFO] [net.minecraft.client.gui.components.ChatComponent/]: [System] [CHAT] [@: Summoned new Minecart with TNT]
[10May2026 14:08:36.092] [Server thread/INFO] [net.minecraft.server.MinecraftServer/]: [@: Summoned new Minecart with TNT]
[10May2026 14:08:36.102] [Render thread/INFO] [net.minecraft.client.gui.components.ChatComponent/]: [System] [CHAT] [@: Summoned new Minecart with TNT]
[10May2026 14:08:36.141] [Server thread/INFO] [net.minecraft.server.MinecraftServer/]: [@: Summoned new Minecart with TNT]
[10May2026 14:08:36.146] [Render thread/INFO] [net.minecraft.client.gui.components.ChatComponent/]: [System] [CHAT] [@: Summoned new Minecart with TNT]
[10May2026 14:08:36.190] [Server thread/INFO] [net.minecraft.server.MinecraftServer/]: [@: Summoned new Minecart with TNT]
[10May2026 14:08:36.195] [Render thread/INFO] [net.minecraft.client.gui.components.ChatComponent/]: [System] [CHAT] [@: Summoned new Minecart with TNT]
[10May2026 14:08:36.241] [Server thread/INFO] [net.minecraft.server.MinecraftServer/]: [@: Summoned new Minecart with TNT]
[10May2026 14:08:36.263] [Render thread/INFO] [net.minecraft.client.gui.components.ChatComponent/]: [System] [CHAT] [@: Summoned new Minecart with TNT]
[10May2026 14:08:36.291] [Server thread/INFO] [net.minecraft.server.MinecraftServer/]: [@: Summoned new Minecart with TNT]
[10May2026 14:08:36.316] [Render thread/INFO] [net.minecraft.client.gui.components.ChatComponent/]: [System] [CHAT] [@: Summoned new Minecart with TNT]
[10May2026 14:08:36.342] [Server thread/INFO] [net.minecraft.server.MinecraftServer/]: [@: Summoned new Minecart with TNT]
[10May2026 14:08:36.349] [Render thread/INFO] [net.minecraft.client.gui.components.ChatComponent/]: [System] [CHAT] [@: Summoned new Minecart with TNT]
[10May2026 14:08:36.390] [Server thread/INFO] [net.minecraft.server.MinecraftServer/]: [@: Summoned new Minecart with TNT]
[10May2026 14:08:36.405] [Render thread/INFO] [net.minecraft.client.gui.components.ChatComponent/]: [System] [CHAT] [@: Summoned new Minecart with TNT]
[10May2026 14:08:36.441] [Server thread/INFO] [net.minecraft.server.MinecraftServer/]: [@: Summoned new Minecart with TNT]
[10May2026 14:08:36.468] [Render thread/INFO] [net.minecraft.client.gui.components.ChatComponent/]: [System] [CHAT] [@: Summoned new Minecart with TNT]
[10May2026 14:08:36.491] [Server thread/INFO] [net.minecraft.server.MinecraftServer/]: [@: Summoned new Minecart with TNT]
[10May2026 14:08:36.513] [Render thread/INFO] [net.minecraft.client.gui.components.ChatComponent/]: [System] [CHAT] [@: Summoned new Minecart with TNT]
[10May2026 14:08:36.548] [Server thread/INFO] [net.minecraft.server.MinecraftServer/]: [@: Summoned new Minecart with TNT]
[10May2026 14:08:36.564] [Render thread/INFO] [net.minecraft.client.gui.components.ChatComponent/]: [System] [CHAT] [@: Summoned new Minecart with TNT]
[10May2026 14:08:36.595] [Server thread/INFO] [net.minecraft.server.MinecraftServer/]: [@: Summoned new Minecart with TNT]
[10May2026 14:08:36.603] [Render thread/INFO] [net.minecraft.client.gui.components.ChatComponent/]: [System] [CHAT] [@: Summoned new Minecart with TNT]
[10May2026 14:08:36.640] [Server thread/INFO] [net.minecraft.server.MinecraftServer/]: [@: Summoned new Minecart with TNT]
[10May2026 14:08:36.657] [Render thread/INFO] [net.minecraft.client.gui.components.ChatComponent/]: [System] [CHAT] [@: Summoned new Minecart with TNT]
[10May2026 14:08:36.690] [Server thread/INFO] [net.minecraft.server.MinecraftServer/]: [@: Summoned new Minecart with TNT]
[10May2026 14:08:36.692] [Render thread/INFO] [net.minecraft.client.gui.components.ChatComponent/]: [System] [CHAT] [@: Summoned new Minecart with TNT]
[10May2026 14:08:36.740] [Server thread/INFO] [net.minecraft.server.MinecraftServer/]: [@: Summoned new Minecart with TNT]
[10May2026 14:08:36.756] [Render thread/INFO] [net.minecraft.client.gui.components.ChatComponent/]: [System] [CHAT] [@: Summoned new Minecart with TNT]
[10May2026 14:08:36.790] [Server thread/INFO] [net.minecraft.server.MinecraftServer/]: [@: Summoned new Minecart with TNT]
[10May2026 14:08:36.791] [Render thread/INFO] [net.minecraft.client.gui.components.ChatComponent/]: [System] [CHAT] [@: Summoned new Minecart with TNT]
[10May2026 14:08:36.842] [Server thread/INFO] [net.minecraft.server.MinecraftServer/]: [@: Summoned new Minecart with TNT]
[10May2026 14:08:36.866] [Render thread/INFO] [net.minecraft.client.gui.components.ChatComponent/]: [System] [CHAT] [@: Summoned new Minecart with TNT]
[10May2026 14:08:36.891] [Server thread/INFO] [net.minecraft.server.MinecraftServer/]: [@: Summoned new Minecart with TNT]
[10May2026 14:08:36.893] [Render thread/INFO] [net.minecraft.client.gui.components.ChatComponent/]: [System] [CHAT] [@: Summoned new Minecart with TNT]
[10May2026 14:08:36.941] [Server thread/INFO] [net.minecraft.server.MinecraftServer/]: [@: Summoned new Minecart with TNT]
[10May2026 14:08:36.951] [Render thread/INFO] [net.minecraft.client.gui.components.ChatComponent/]: [System] [CHAT] [@: Summoned new Minecart with TNT]
[10May2026 14:08:36.990] [Server thread/INFO] [net.minecraft.server.MinecraftServer/]: [@: Summoned new Minecart with TNT]
[10May2026 14:08:37.006] [Render thread/INFO] [net.minecraft.client.gui.components.ChatComponent/]: [System] [CHAT] [@: Summoned new Minecart with TNT]
[10May2026 14:08:37.040] [Server thread/INFO] [net.minecraft.server.MinecraftServer/]: [@: Summoned new Minecart with TNT]
[10May2026 14:08:37.064] [Render thread/INFO] [net.minecraft.client.gui.components.ChatComponent/]: [System] [CHAT] [@: Summoned new Minecart with TNT]
[10May2026 14:08:37.090] [Server thread/INFO] [net.minecraft.server.MinecraftServer/]: [@: Summoned new Minecart with TNT]
[10May2026 14:08:37.095] [Render thread/INFO] [net.minecraft.client.gui.components.ChatComponent/]: [System] [CHAT] [@: Summoned new Minecart with TNT]
[10May2026 14:08:37.140] [Server thread/INFO] [net.minecraft.server.MinecraftServer/]: [@: Summoned new Minecart with TNT]
[10May2026 14:08:37.146] [Render thread/INFO] [net.minecraft.client.gui.components.ChatComponent/]: [System] [CHAT] [@: Summoned new Minecart with TNT]
[10May2026 14:08:37.191] [Server thread/INFO] [net.minecraft.server.MinecraftServer/]: [@: Summoned new Minecart with TNT]
[10May2026 14:08:37.220] [Render thread/INFO] [net.minecraft.client.gui.components.ChatComponent/]: [System] [CHAT] [@: Summoned new Minecart with TNT]
[10May2026 14:08:37.242] [Server thread/INFO] [net.minecraft.server.MinecraftServer/]: [@: Summoned new Minecart with TNT]
[10May2026 14:08:37.259] [Render thread/INFO] [net.minecraft.client.gui.components.ChatComponent/]: [System] [CHAT] [@: Summoned new Minecart with TNT]
[10May2026 14:08:37.290] [Server thread/INFO] [net.minecraft.server.MinecraftServer/]: [@: Summoned new Minecart with TNT]
[10May2026 14:08:37.313] [Render thread/INFO] [net.minecraft.client.gui.components.ChatComponent/]: [System] [CHAT] [@: Summoned new Minecart with TNT]
[10May2026 14:08:37.341] [Server thread/INFO] [net.minecraft.server.MinecraftServer/]: [@: Summoned new Minecart with TNT]
[10May2026 14:08:37.341] [Render thread/INFO] [net.minecraft.client.gui.components.ChatComponent/]: [System] [CHAT] [@: Summoned new Minecart with TNT]
[10May2026 14:08:37.390] [Server thread/INFO] [net.minecraft.server.MinecraftServer/]: [@: Summoned new Minecart with TNT]
[10May2026 14:08:37.396] [Render thread/INFO] [net.minecraft.client.gui.components.ChatComponent/]: [System] [CHAT] [@: Summoned new Minecart with TNT]
[10May2026 14:08:37.440] [Server thread/INFO] [net.minecraft.server.MinecraftServer/]: [@: Summoned new Minecart with TNT]
[10May2026 14:08:37.459] [Render thread/INFO] [net.minecraft.client.gui.components.ChatComponent/]: [System] [CHAT] [@: Summoned new Minecart with TNT]
[10May2026 14:08:37.490] [Server thread/INFO] [net.minecraft.server.MinecraftServer/]: [@: Summoned new Minecart with TNT]
[10May2026 14:08:37.493] [Render thread/INFO] [net.minecraft.client.gui.components.ChatComponent/]: [System] [CHAT] [@: Summoned new Minecart with TNT]
[10May2026 14:08:37.540] [Server thread/INFO] [net.minecraft.server.MinecraftServer/]: [@: Summoned new Minecart with TNT]
[10May2026 14:08:37.542] [Render thread/INFO] [net.minecraft.client.gui.components.ChatComponent/]: [System] [CHAT] [@: Summoned new Minecart with TNT]
[10May2026 14:08:37.590] [Server thread/INFO] [net.minecraft.server.MinecraftServer/]: [@: Summoned new Minecart with TNT]
[10May2026 14:08:37.596] [Render thread/INFO] [net.minecraft.client.gui.components.ChatComponent/]: [System] [CHAT] [@: Summoned new Minecart with TNT]
[10May2026 14:08:37.640] [Server thread/INFO] [net.minecraft.server.MinecraftServer/]: [@: Summoned new Minecart with TNT]
[10May2026 14:08:37.648] [Render thread/INFO] [net.minecraft.client.gui.components.ChatComponent/]: [System] [CHAT] [@: Summoned new Minecart with TNT]
[10May2026 14:08:37.690] [Server thread/INFO] [net.minecraft.server.MinecraftServer/]: [@: Summoned new Minecart with TNT]
[10May2026 14:08:37.711] [Render thread/INFO] [net.minecraft.client.gui.components.ChatComponent/]: [System] [CHAT] [@: Summoned new Minecart with TNT]
[10May2026 14:08:37.741] [Server thread/INFO] [net.minecraft.server.MinecraftServer/]: [@: Summoned new Minecart with TNT]
[10May2026 14:08:37.743] [Render thread/INFO] [net.minecraft.client.gui.components.ChatComponent/]: [System] [CHAT] [@: Summoned new Minecart with TNT]
[10May2026 14:08:37.790] [Server thread/INFO] [net.minecraft.server.MinecraftServer/]: [@: Summoned new Minecart with TNT]
[10May2026 14:08:37.798] [Render thread/INFO] [net.minecraft.client.gui.components.ChatComponent/]: [System] [CHAT] [@: Summoned new Minecart with TNT]
[10May2026 14:08:37.840] [Server thread/INFO] [net.minecraft.server.MinecraftServer/]: [@: Summoned new Minecart with TNT]
[10May2026 14:08:37.846] [Render thread/INFO] [net.minecraft.client.gui.components.ChatComponent/]: [System] [CHAT] [@: Summoned new Minecart with TNT]
[10May2026 14:08:37.890] [Server thread/INFO] [net.minecraft.server.MinecraftServer/]: [@: Summoned new Minecart with TNT]
[10May2026 14:08:37.921] [Render thread/INFO] [net.minecraft.client.gui.components.ChatComponent/]: [System] [CHAT] [@: Summoned new Minecart with TNT]
[10May2026 14:08:37.964] [Server thread/INFO] [net.minecraft.server.MinecraftServer/]: [@: Summoned new Minecart with TNT]
[10May2026 14:08:37.975] [Render thread/INFO] [net.minecraft.client.gui.components.ChatComponent/]: [System] [CHAT] [@: Summoned new Minecart with TNT]
[10May2026 14:08:38.016] [Server thread/INFO] [net.minecraft.server.MinecraftServer/]: [@: Summoned new Minecart with TNT]
[10May2026 14:08:38.045] [Render thread/INFO] [net.minecraft.client.gui.components.ChatComponent/]: [System] [CHAT] [@: Summoned new Minecart with TNT]
[10May2026 14:08:38.056] [Server thread/INFO] [net.minecraft.server.MinecraftServer/]: [@: Summoned new Minecart with TNT]
[10May2026 14:08:38.067] [Render thread/INFO] [net.minecraft.client.gui.components.ChatComponent/]: [System] [CHAT] [@: Summoned new Minecart with TNT]
[10May2026 14:08:38.090] [Server thread/INFO] [net.minecraft.server.MinecraftServer/]: [@: Summoned new Minecart with TNT]
[10May2026 14:08:38.091] [Render thread/INFO] [net.minecraft.client.gui.components.ChatComponent/]: [System] [CHAT] [@: Summoned new Minecart with TNT]
[10May2026 14:08:38.141] [Server thread/INFO] [net.minecraft.server.MinecraftServer/]: [@: Summoned new Minecart with TNT]
[10May2026 14:08:38.156] [Render thread/INFO] [net.minecraft.client.gui.components.ChatComponent/]: [System] [CHAT] [@: Summoned new Minecart with TNT]
[10May2026 14:08:38.192] [Server thread/INFO] [net.minecraft.server.MinecraftServer/]: [@: Summoned new Minecart with TNT]
[10May2026 14:08:38.220] [Render thread/INFO] [net.minecraft.client.gui.components.ChatComponent/]: [System] [CHAT] [@: Summoned new Minecart with TNT]
[10May2026 14:08:38.249] [Server thread/INFO] [net.minecraft.server.MinecraftServer/]: [@: Summoned new Minecart with TNT]
[10May2026 14:08:38.263] [Render thread/INFO] [net.minecraft.client.gui.components.ChatComponent/]: [System] [CHAT] [@: Summoned new Minecart with TNT]
[10May2026 14:08:38.296] [Server thread/INFO] [net.minecraft.server.MinecraftServer/]: [@: Summoned new Minecart with TNT]
[10May2026 14:08:38.299] [Render thread/INFO] [net.minecraft.client.gui.components.ChatComponent/]: [System] [CHAT] [@: Summoned new Minecart with TNT]
[10May2026 14:08:38.340] [Server thread/INFO] [net.minecraft.server.MinecraftServer/]: [@: Summoned new Minecart with TNT]
[10May2026 14:08:38.359] [Render thread/INFO] [net.minecraft.client.gui.components.ChatComponent/]: [System] [CHAT] [@: Summoned new Minecart with TNT]
[10May2026 14:08:38.391] [Server thread/INFO] [net.minecraft.server.MinecraftServer/]: [@: Summoned new Minecart with TNT]
[10May2026 14:08:38.423] [Render thread/INFO] [net.minecraft.client.gui.components.ChatComponent/]: [System] [CHAT] [@: Summoned new Minecart with TNT]
[10May2026 14:08:38.439] [Server thread/INFO] [net.minecraft.server.MinecraftServer/]: [@: Summoned new Minecart with TNT]
[10May2026 14:08:38.461] [Render thread/INFO] [net.minecraft.client.gui.components.ChatComponent/]: [System] [CHAT] [@: Summoned new Minecart with TNT]
[10May2026 14:08:38.491] [Server thread/INFO] [net.minecraft.server.MinecraftServer/]: [@: Summoned new Minecart with TNT]
[10May2026 14:08:38.518] [Render thread/INFO] [net.minecraft.client.gui.components.ChatComponent/]: [System] [CHAT] [@: Summoned new Minecart with TNT]
[10May2026 14:08:38.542] [Server thread/INFO] [net.minecraft.server.MinecraftServer/]: [@: Summoned new Minecart with TNT]
[10May2026 14:08:38.561] [Render thread/INFO] [net.minecraft.client.gui.components.ChatComponent/]: [System] [CHAT] [@: Summoned new Minecart with TNT]
[10May2026 14:08:38.590] [Server thread/INFO] [net.minecraft.server.MinecraftServer/]: [@: Summoned new Minecart with TNT]
[10May2026 14:08:38.596] [Render thread/INFO] [net.minecraft.client.gui.components.ChatComponent/]: [System] [CHAT] [@: Summoned new Minecart with TNT]
[10May2026 14:08:38.641] [Server thread/INFO] [net.minecraft.server.MinecraftServer/]: [@: Summoned new Minecart with TNT]
[10May2026 14:08:38.675] [Render thread/INFO] [net.minecraft.client.gui.components.ChatComponent/]: [System] [CHAT] [@: Summoned new Minecart with TNT]
[10May2026 14:08:38.696] [Server thread/INFO] [net.minecraft.server.MinecraftServer/]: [@: Summoned new Minecart with TNT]
[10May2026 14:08:38.716] [Render thread/INFO] [net.minecraft.client.gui.components.ChatComponent/]: [System] [CHAT] [@: Summoned new Minecart with TNT]
[10May2026 14:08:38.740] [Server thread/INFO] [net.minecraft.server.MinecraftServer/]: [Dev: Killed 492 entities]
[10May2026 14:08:38.740] [Server thread/INFO] [net.minecraft.server.MinecraftServer/]: [@: Summoned new Minecart with TNT]
[10May2026 14:08:38.746] [Render thread/INFO] [net.minecraft.client.gui.components.ChatComponent/]: [System] [CHAT] Killed 492 entities
[10May2026 14:08:38.747] [Render thread/INFO] [net.minecraft.client.gui.components.ChatComponent/]: [System] [CHAT] [@: Summoned new Minecart with TNT]
[10May2026 14:08:38.790] [Server thread/INFO] [net.minecraft.server.MinecraftServer/]: [@: Summoned new Minecart with TNT]
[10May2026 14:08:38.797] [Render thread/INFO] [net.minecraft.client.gui.components.ChatComponent/]: [System] [CHAT] [@: Summoned new Minecart with TNT]
[10May2026 14:08:38.840] [Server thread/INFO] [net.minecraft.server.MinecraftServer/]: [@: Summoned new Minecart with TNT]
[10May2026 14:08:38.847] [Render thread/INFO] [net.minecraft.client.gui.components.ChatComponent/]: [System] [CHAT] [@: Summoned new Minecart with TNT]
[10May2026 14:08:38.891] [Server thread/INFO] [net.minecraft.server.MinecraftServer/]: [@: Summoned new Minecart with TNT]
[10May2026 14:08:38.897] [Render thread/INFO] [net.minecraft.client.gui.components.ChatComponent/]: [System] [CHAT] [@: Summoned new Minecart with TNT]
[10May2026 14:08:38.941] [Server thread/INFO] [net.minecraft.server.MinecraftServer/]: [@: Summoned new Minecart with TNT]
[10May2026 14:08:38.945] [Render thread/INFO] [net.minecraft.client.gui.components.ChatComponent/]: [System] [CHAT] [@: Summoned new Minecart with TNT]
[10May2026 14:08:38.992] [Server thread/INFO] [net.minecraft.server.MinecraftServer/]: [@: Summoned new Minecart with TNT]
[10May2026 14:08:38.997] [Render thread/INFO] [net.minecraft.client.gui.components.ChatComponent/]: [System] [CHAT] [@: Summoned new Minecart with TNT]
[10May2026 14:08:39.041] [Server thread/INFO] [net.minecraft.server.MinecraftServer/]: [@: Summoned new Minecart with TNT]
[10May2026 14:08:39.046] [Render thread/INFO] [net.minecraft.client.gui.components.ChatComponent/]: [System] [CHAT] [@: Summoned new Minecart with TNT]
[10May2026 14:08:39.090] [Server thread/INFO] [net.minecraft.server.MinecraftServer/]: [@: Summoned new Minecart with TNT]
[10May2026 14:08:39.096] [Render thread/INFO] [net.minecraft.client.gui.components.ChatComponent/]: [System] [CHAT] [@: Summoned new Minecart with TNT]
[10May2026 14:08:39.141] [Server thread/INFO] [net.minecraft.server.MinecraftServer/]: [@: Summoned new Minecart with TNT]
[10May2026 14:08:39.149] [Render thread/INFO] [net.minecraft.client.gui.components.ChatComponent/]: [System] [CHAT] [@: Summoned new Minecart with TNT]
[10May2026 14:08:39.192] [Server thread/INFO] [net.minecraft.server.MinecraftServer/]: [@: Summoned new Minecart with TNT]
[10May2026 14:08:39.196] [Render thread/INFO] [net.minecraft.client.gui.components.ChatComponent/]: [System] [CHAT] [@: Summoned new Minecart with TNT]
[10May2026 14:08:39.241] [Server thread/INFO] [net.minecraft.server.MinecraftServer/]: [@: Summoned new Minecart with TNT]
[10May2026 14:08:39.246] [Render thread/INFO] [net.minecraft.client.gui.components.ChatComponent/]: [System] [CHAT] [@: Summoned new Minecart with TNT]
[10May2026 14:08:39.291] [Server thread/INFO] [net.minecraft.server.MinecraftServer/]: [@: Summoned new Minecart with TNT]
[10May2026 14:08:39.299] [Render thread/INFO] [net.minecraft.client.gui.components.ChatComponent/]: [System] [CHAT] [@: Summoned new Minecart with TNT]
[10May2026 14:08:39.340] [Server thread/INFO] [net.minecraft.server.MinecraftServer/]: [@: Summoned new Minecart with TNT]
[10May2026 14:08:39.347] [Render thread/INFO] [net.minecraft.client.gui.components.ChatComponent/]: [System] [CHAT] [@: Summoned new Minecart with TNT]
[10May2026 14:08:39.390] [Server thread/INFO] [net.minecraft.server.MinecraftServer/]: [@: Summoned new Minecart with TNT]
[10May2026 14:08:39.396] [Render thread/INFO] [net.minecraft.client.gui.components.ChatComponent/]: [System] [CHAT] [@: Summoned new Minecart with TNT]
[10May2026 14:08:39.440] [Server thread/INFO] [net.minecraft.server.MinecraftServer/]: [@: Summoned new Minecart with TNT]
[10May2026 14:08:39.448] [Render thread/INFO] [net.minecraft.client.gui.components.ChatComponent/]: [System] [CHAT] [@: Summoned new Minecart with TNT]
[10May2026 14:08:39.492] [Server thread/INFO] [net.minecraft.server.MinecraftServer/]: [@: Summoned new Minecart with TNT]
[10May2026 14:08:39.496] [Render thread/INFO] [net.minecraft.client.gui.components.ChatComponent/]: [System] [CHAT] [@: Summoned new Minecart with TNT]
[10May2026 14:08:39.541] [Server thread/INFO] [net.minecraft.server.MinecraftServer/]: [@: Summoned new Minecart with TNT]
[10May2026 14:08:39.547] [Render thread/INFO] [net.minecraft.client.gui.components.ChatComponent/]: [System] [CHAT] [@: Summoned new Minecart with TNT]
[10May2026 14:08:39.590] [Server thread/INFO] [net.minecraft.server.MinecraftServer/]: [@: Summoned new Minecart with TNT]
[10May2026 14:08:39.597] [Render thread/INFO] [net.minecraft.client.gui.components.ChatComponent/]: [System] [CHAT] [@: Summoned new Minecart with TNT]
[10May2026 14:08:39.642] [Server thread/INFO] [net.minecraft.server.MinecraftServer/]: [@: Summoned new Minecart with TNT]
[10May2026 14:08:39.646] [Render thread/INFO] [net.minecraft.client.gui.components.ChatComponent/]: [System] [CHAT] [@: Summoned new Minecart with TNT]
[10May2026 14:08:39.691] [Server thread/INFO] [net.minecraft.server.MinecraftServer/]: [@: Summoned new Minecart with TNT]
[10May2026 14:08:39.696] [Render thread/INFO] [net.minecraft.client.gui.components.ChatComponent/]: [System] [CHAT] [@: Summoned new Minecart with TNT]
[10May2026 14:08:39.742] [Server thread/INFO] [net.minecraft.server.MinecraftServer/]: [@: Summoned new Minecart with TNT]
[10May2026 14:08:39.749] [Render thread/INFO] [net.minecraft.client.gui.components.ChatComponent/]: [System] [CHAT] [@: Summoned new Minecart with TNT]
[10May2026 14:08:39.790] [Server thread/INFO] [net.minecraft.server.MinecraftServer/]: [@: Summoned new Minecart with TNT]
[10May2026 14:08:39.797] [Render thread/INFO] [net.minecraft.client.gui.components.ChatComponent/]: [System] [CHAT] [@: Summoned new Minecart with TNT]
[10May2026 14:08:39.840] [Server thread/INFO] [net.minecraft.server.MinecraftServer/]: [@: Summoned new Minecart with TNT]
[10May2026 14:08:39.846] [Render thread/INFO] [net.minecraft.client.gui.components.ChatComponent/]: [System] [CHAT] [@: Summoned new Minecart with TNT]
[10May2026 14:08:39.890] [Server thread/INFO] [net.minecraft.server.MinecraftServer/]: [@: Summoned new Minecart with TNT]
[10May2026 14:08:39.896] [Render thread/INFO] [net.minecraft.client.gui.components.ChatComponent/]: [System] [CHAT] [@: Summoned new Minecart with TNT]
[10May2026 14:08:39.941] [Server thread/INFO] [net.minecraft.server.MinecraftServer/]: [@: Summoned new Minecart with TNT]
[10May2026 14:08:39.946] [Render thread/INFO] [net.minecraft.client.gui.components.ChatComponent/]: [System] [CHAT] [@: Summoned new Minecart with TNT]
[10May2026 14:08:39.990] [Server thread/INFO] [net.minecraft.server.MinecraftServer/]: [@: Summoned new Minecart with TNT]
[10May2026 14:08:39.998] [Render thread/INFO] [net.minecraft.client.gui.components.ChatComponent/]: [System] [CHAT] [@: Summoned new Minecart with TNT]
[10May2026 14:08:40.040] [Server thread/INFO] [net.minecraft.server.MinecraftServer/]: [@: Summoned new Minecart with TNT]
[10May2026 14:08:40.046] [Render thread/INFO] [net.minecraft.client.gui.components.ChatComponent/]: [System] [CHAT] [@: Summoned new Minecart with TNT]
[10May2026 14:08:40.090] [Server thread/INFO] [net.minecraft.server.MinecraftServer/]: [@: Summoned new Minecart with TNT]
[10May2026 14:08:40.096] [Render thread/INFO] [net.minecraft.client.gui.components.ChatComponent/]: [System] [CHAT] [@: Summoned new Minecart with TNT]
[10May2026 14:08:40.141] [Server thread/INFO] [net.minecraft.server.MinecraftServer/]: [@: Summoned new Minecart with TNT]
[10May2026 14:08:40.145] [Render thread/INFO] [net.minecraft.client.gui.components.ChatComponent/]: [System] [CHAT] [@: Summoned new Minecart with TNT]
[10May2026 14:08:40.191] [Server thread/INFO] [net.minecraft.server.MinecraftServer/]: [@: Summoned new Minecart with TNT]
[10May2026 14:08:40.197] [Render thread/INFO] [net.minecraft.client.gui.components.ChatComponent/]: [System] [CHAT] [@: Summoned new Minecart with TNT]
[10May2026 14:08:40.240] [Server thread/INFO] [net.minecraft.server.MinecraftServer/]: [@: Summoned new Minecart with TNT]
[10May2026 14:08:40.246] [Render thread/INFO] [net.minecraft.client.gui.components.ChatComponent/]: [System] [CHAT] [@: Summoned new Minecart with TNT]
[10May2026 14:08:40.290] [Server thread/INFO] [net.minecraft.server.MinecraftServer/]: [@: Summoned new Minecart with TNT]
[10May2026 14:08:40.298] [Render thread/INFO] [net.minecraft.client.gui.components.ChatComponent/]: [System] [CHAT] [@: Summoned new Minecart with TNT]
[10May2026 14:08:40.340] [Server thread/INFO] [net.minecraft.server.MinecraftServer/]: [@: Summoned new Minecart with TNT]
[10May2026 14:08:40.348] [Render thread/INFO] [net.minecraft.client.gui.components.ChatComponent/]: [System] [CHAT] [@: Summoned new Minecart with TNT]
[10May2026 14:08:40.392] [Server thread/INFO] [net.minecraft.server.MinecraftServer/]: [@: Summoned new Minecart with TNT]
[10May2026 14:08:40.396] [Render thread/INFO] [net.minecraft.client.gui.components.ChatComponent/]: [System] [CHAT] [@: Summoned new Minecart with TNT]
[10May2026 14:08:40.441] [Server thread/INFO] [net.minecraft.server.MinecraftServer/]: [@: Summoned new Minecart with TNT]
[10May2026 14:08:40.446] [Render thread/INFO] [net.minecraft.client.gui.components.ChatComponent/]: [System] [CHAT] [@: Summoned new Minecart with TNT]
[10May2026 14:08:40.490] [Server thread/INFO] [net.minecraft.server.MinecraftServer/]: [@: Summoned new Minecart with TNT]
[10May2026 14:08:40.497] [Render thread/INFO] [net.minecraft.client.gui.components.ChatComponent/]: [System] [CHAT] [@: Summoned new Minecart with TNT]
[10May2026 14:08:40.542] [Server thread/INFO] [net.minecraft.server.MinecraftServer/]: [@: Summoned new Minecart with TNT]
[10May2026 14:08:40.546] [Render thread/INFO] [net.minecraft.client.gui.components.ChatComponent/]: [System] [CHAT] [@: Summoned new Minecart with TNT]
[10May2026 14:08:40.590] [Server thread/INFO] [net.minecraft.server.MinecraftServer/]: [@: Summoned new Minecart with TNT]
[10May2026 14:08:40.595] [Render thread/INFO] [net.minecraft.client.gui.components.ChatComponent/]: [System] [CHAT] [@: Summoned new Minecart with TNT]
[10May2026 14:08:40.640] [Server thread/INFO] [net.minecraft.server.MinecraftServer/]: [@: Summoned new Minecart with TNT]
[10May2026 14:08:40.646] [Render thread/INFO] [net.minecraft.client.gui.components.ChatComponent/]: [System] [CHAT] [@: Summoned new Minecart with TNT]
[10May2026 14:08:40.690] [Server thread/INFO] [net.minecraft.server.MinecraftServer/]: [@: Summoned new Minecart with TNT]
[10May2026 14:08:40.696] [Render thread/INFO] [net.minecraft.client.gui.components.ChatComponent/]: [System] [CHAT] [@: Summoned new Minecart with TNT]
[10May2026 14:08:40.740] [Server thread/INFO] [net.minecraft.server.MinecraftServer/]: [@: Summoned new Minecart with TNT]
[10May2026 14:08:40.746] [Render thread/INFO] [net.minecraft.client.gui.components.ChatComponent/]: [System] [CHAT] [@: Summoned new Minecart with TNT]
[10May2026 14:08:40.791] [Server thread/INFO] [net.minecraft.server.MinecraftServer/]: [@: Summoned new Minecart with TNT]
[10May2026 14:08:40.796] [Render thread/INFO] [net.minecraft.client.gui.components.ChatComponent/]: [System] [CHAT] [@: Summoned new Minecart with TNT]
[10May2026 14:08:40.841] [Server thread/INFO] [net.minecraft.server.MinecraftServer/]: [@: Summoned new Minecart with TNT]
[10May2026 14:08:40.845] [Render thread/INFO] [net.minecraft.client.gui.components.ChatComponent/]: [System] [CHAT] [@: Summoned new Minecart with TNT]
[10May2026 14:08:40.891] [Server thread/INFO] [net.minecraft.server.MinecraftServer/]: [@: Summoned new Minecart with TNT]
[10May2026 14:08:40.896] [Render thread/INFO] [net.minecraft.client.gui.components.ChatComponent/]: [System] [CHAT] [@: Summoned new Minecart with TNT]
[10May2026 14:08:40.904] [Server thread/INFO] [net.minecraft.server.MinecraftServer/]: [Dev: Killed 44 entities]
[10May2026 14:08:40.913] [Render thread/INFO] [net.minecraft.client.gui.components.ChatComponent/]: [System] [CHAT] Killed 44 entities
[10May2026 14:08:40.940] [Server thread/INFO] [net.minecraft.server.MinecraftServer/]: [@: Summoned new Minecart with TNT]
[10May2026 14:08:40.946] [Render thread/INFO] [net.minecraft.client.gui.components.ChatComponent/]: [System] [CHAT] [@: Summoned new Minecart with TNT]
[10May2026 14:08:40.992] [Server thread/INFO] [net.minecraft.server.MinecraftServer/]: [@: Summoned new Minecart with TNT]
[10May2026 14:08:40.998] [Render thread/INFO] [net.minecraft.client.gui.components.ChatComponent/]: [System] [CHAT] [@: Summoned new Minecart with TNT]
[10May2026 14:08:41.040] [Server thread/INFO] [net.minecraft.server.MinecraftServer/]: [@: Summoned new Minecart with TNT]
[10May2026 14:08:41.047] [Render thread/INFO] [net.minecraft.client.gui.components.ChatComponent/]: [System] [CHAT] [@: Summoned new Minecart with TNT]
[10May2026 14:08:41.090] [Server thread/INFO] [net.minecraft.server.MinecraftServer/]: [@: Summoned new Minecart with TNT]
[10May2026 14:08:41.097] [Render thread/INFO] [net.minecraft.client.gui.components.ChatComponent/]: [System] [CHAT] [@: Summoned new Minecart with TNT]
[10May2026 14:08:41.140] [Server thread/INFO] [net.minecraft.server.MinecraftServer/]: [@: Summoned new Minecart with TNT]
[10May2026 14:08:41.146] [Render thread/INFO] [net.minecraft.client.gui.components.ChatComponent/]: [System] [CHAT] [@: Summoned new Minecart with TNT]
[10May2026 14:08:41.190] [Server thread/INFO] [net.minecraft.server.MinecraftServer/]: [@: Summoned new Minecart with TNT]
[10May2026 14:08:41.198] [Render thread/INFO] [net.minecraft.client.gui.components.ChatComponent/]: [System] [CHAT] [@: Summoned new Minecart with TNT]
[10May2026 14:08:41.241] [Server thread/INFO] [net.minecraft.server.MinecraftServer/]: [@: Summoned new Minecart with TNT]
[10May2026 14:08:41.250] [Render thread/INFO] [net.minecraft.client.gui.components.ChatComponent/]: [System] [CHAT] [@: Summoned new Minecart with TNT]
[10May2026 14:08:41.290] [Server thread/INFO] [net.minecraft.server.MinecraftServer/]: [@: Summoned new Minecart with TNT]
[10May2026 14:08:41.298] [Render thread/INFO] [net.minecraft.client.gui.components.ChatComponent/]: [System] [CHAT] [@: Summoned new Minecart with TNT]
[10May2026 14:08:46.999] [Server thread/INFO] [net.minecraft.server.MinecraftServer/]: [Dev: Killed 3 entities]
[10May2026 14:08:47.012] [Render thread/INFO] [net.minecraft.client.gui.components.ChatComponent/]: [System] [CHAT] Killed 3 entities
[10May2026 14:08:51.990] [Server thread/INFO] [net.minecraft.client.server.IntegratedServer/]: Saving and pausing game...
[10May2026 14:08:51.999] [Server thread/INFO] [net.minecraft.server.MinecraftServer/]: Saving chunks for level 'ServerLevel[New World]'/minecraft:overworld
[10May2026 14:08:52.008] [Server thread/INFO] [net.minecraft.server.MinecraftServer/]: Saving chunks for level 'ServerLevel[New World]'/minecraft:the_nether
[10May2026 14:08:52.010] [Server thread/INFO] [net.minecraft.server.MinecraftServer/]: Saving chunks for level 'ServerLevel[New World]'/minecraft:the_end
[10May2026 14:08:52.012] [Server thread/DEBUG] [net.minecraftforge.common.ForgeHooks/WP]: Gathering id map for writing to world save New World
[10May2026 14:08:52.016] [Server thread/DEBUG] [net.minecraftforge.common.ForgeHooks/WP]: ID Map collection complete New World
[10May2026 14:08:55.263] [Render thread/INFO] [net.minecraft.client.gui.components.ChatComponent/]: [System] [CHAT] Command set: summon minecraft:tnt_minecart ~ ~1 ~
[10May2026 14:08:57.991] [Server thread/INFO] [net.minecraft.server.MinecraftServer/]: [@: Summoned new Minecart with TNT]
[10May2026 14:08:57.996] [Render thread/INFO] [net.minecraft.client.gui.components.ChatComponent/]: [System] [CHAT] [@: Summoned new Minecart with TNT]
[10May2026 14:08:58.040] [Server thread/INFO] [net.minecraft.server.MinecraftServer/]: [@: Summoned new Minecart with TNT]
[10May2026 14:08:58.047] [Render thread/INFO] [net.minecraft.client.gui.components.ChatComponent/]: [System] [CHAT] [@: Summoned new Minecart with TNT]
[10May2026 14:08:58.090] [Server thread/INFO] [net.minecraft.server.MinecraftServer/]: [@: Summoned new Minecart with TNT]
[10May2026 14:08:58.099] [Render thread/INFO] [net.minecraft.client.gui.components.ChatComponent/]: [System] [CHAT] [@: Summoned new Minecart with TNT]
[10May2026 14:08:58.140] [Server thread/INFO] [net.minecraft.server.MinecraftServer/]: [@: Summoned new Minecart with TNT]
[10May2026 14:08:58.148] [Render thread/INFO] [net.minecraft.client.gui.components.ChatComponent/]: [System] [CHAT] [@: Summoned new Minecart with TNT]
[10May2026 14:08:58.191] [Server thread/INFO] [net.minecraft.server.MinecraftServer/]: [@: Summoned new Minecart with TNT]
[10May2026 14:08:58.197] [Render thread/INFO] [net.minecraft.client.gui.components.ChatComponent/]: [System] [CHAT] [@: Summoned new Minecart with TNT]
[10May2026 14:08:58.241] [Server thread/INFO] [net.minecraft.server.MinecraftServer/]: [@: Summoned new Minecart with TNT]
[10May2026 14:08:58.248] [Render thread/INFO] [net.minecraft.client.gui.components.ChatComponent/]: [System] [CHAT] [@: Summoned new Minecart with TNT]
[10May2026 14:08:58.290] [Server thread/INFO] [net.minecraft.server.MinecraftServer/]: [@: Summoned new Minecart with TNT]
[10May2026 14:08:58.295] [Render thread/INFO] [net.minecraft.client.gui.components.ChatComponent/]: [System] [CHAT] [@: Summoned new Minecart with TNT]
[10May2026 14:08:58.342] [Server thread/INFO] [net.minecraft.server.MinecraftServer/]: [@: Summoned new Minecart with TNT]
[10May2026 14:08:58.347] [Render thread/INFO] [net.minecraft.client.gui.components.ChatComponent/]: [System] [CHAT] [@: Summoned new Minecart with TNT]
[10May2026 14:08:58.391] [Server thread/INFO] [net.minecraft.server.MinecraftServer/]: [@: Summoned new Minecart with TNT]
[10May2026 14:08:58.397] [Render thread/INFO] [net.minecraft.client.gui.components.ChatComponent/]: [System] [CHAT] [@: Summoned new Minecart with TNT]
[10May2026 14:08:58.443] [Server thread/INFO] [net.minecraft.server.MinecraftServer/]: [@: Summoned new Minecart with TNT]
[10May2026 14:08:58.447] [Render thread/INFO] [net.minecraft.client.gui.components.ChatComponent/]: [System] [CHAT] [@: Summoned new Minecart with TNT]
[10May2026 14:08:58.490] [Server thread/INFO] [net.minecraft.server.MinecraftServer/]: [@: Summoned new Minecart with TNT]
[10May2026 14:08:58.496] [Render thread/INFO] [net.minecraft.client.gui.components.ChatComponent/]: [System] [CHAT] [@: Summoned new Minecart with TNT]
[10May2026 14:08:58.540] [Server thread/INFO] [net.minecraft.server.MinecraftServer/]: [@: Summoned new Minecart with TNT]
[10May2026 14:08:58.554] [Render thread/INFO] [net.minecraft.client.gui.components.ChatComponent/]: [System] [CHAT] [@: Summoned new Minecart with TNT]
[10May2026 14:08:58.590] [Server thread/INFO] [net.minecraft.server.MinecraftServer/]: [@: Summoned new Minecart with TNT]
[10May2026 14:08:58.596] [Render thread/INFO] [net.minecraft.client.gui.components.ChatComponent/]: [System] [CHAT] [@: Summoned new Minecart with TNT]
[10May2026 14:08:58.640] [Server thread/INFO] [net.minecraft.server.MinecraftServer/]: [@: Summoned new Minecart with TNT]
[10May2026 14:08:58.647] [Render thread/INFO] [net.minecraft.client.gui.components.ChatComponent/]: [System] [CHAT] [@: Summoned new Minecart with TNT]
[10May2026 14:08:58.692] [Server thread/INFO] [net.minecraft.server.MinecraftServer/]: [@: Summoned new Minecart with TNT]
[10May2026 14:08:58.696] [Render thread/INFO] [net.minecraft.client.gui.components.ChatComponent/]: [System] [CHAT] [@: Summoned new Minecart with TNT]
[10May2026 14:08:58.740] [Server thread/INFO] [net.minecraft.server.MinecraftServer/]: [@: Summoned new Minecart with TNT]
[10May2026 14:08:58.747] [Render thread/INFO] [net.minecraft.client.gui.components.ChatComponent/]: [System] [CHAT] [@: Summoned new Minecart with TNT]
[10May2026 14:08:58.790] [Server thread/INFO] [net.minecraft.server.MinecraftServer/]: [@: Summoned new Minecart with TNT]
[10May2026 14:08:58.797] [Render thread/INFO] [net.minecraft.client.gui.components.ChatComponent/]: [System] [CHAT] [@: Summoned new Minecart with TNT]
[10May2026 14:08:58.841] [Server thread/INFO] [net.minecraft.server.MinecraftServer/]: [@: Summoned new Minecart with TNT]
[10May2026 14:08:58.847] [Render thread/INFO] [net.minecraft.client.gui.components.ChatComponent/]: [System] [CHAT] [@: Summoned new Minecart with TNT]
[10May2026 14:08:58.890] [Server thread/INFO] [net.minecraft.server.MinecraftServer/]: [@: Summoned new Minecart with TNT]
[10May2026 14:08:58.897] [Render thread/INFO] [net.minecraft.client.gui.components.ChatComponent/]: [System] [CHAT] [@: Summoned new Minecart with TNT]
[10May2026 14:08:58.943] [Server thread/INFO] [net.minecraft.server.MinecraftServer/]: [@: Summoned new Minecart with TNT]
[10May2026 14:08:58.946] [Render thread/INFO] [net.minecraft.client.gui.components.ChatComponent/]: [System] [CHAT] [@: Summoned new Minecart with TNT]
[10May2026 14:08:58.990] [Server thread/INFO] [net.minecraft.server.MinecraftServer/]: [@: Summoned new Minecart with TNT]
[10May2026 14:08:58.996] [Render thread/INFO] [net.minecraft.client.gui.components.ChatComponent/]: [System] [CHAT] [@: Summoned new Minecart with TNT]
[10May2026 14:08:59.042] [Server thread/INFO] [net.minecraft.server.MinecraftServer/]: [@: Summoned new Minecart with TNT]
[10May2026 14:08:59.045] [Render thread/INFO] [net.minecraft.client.gui.components.ChatComponent/]: [System] [CHAT] [@: Summoned new Minecart with TNT]
[10May2026 14:08:59.092] [Server thread/INFO] [net.minecraft.server.MinecraftServer/]: [@: Summoned new Minecart with TNT]
[10May2026 14:08:59.096] [Render thread/INFO] [net.minecraft.client.gui.components.ChatComponent/]: [System] [CHAT] [@: Summoned new Minecart with TNT]
[10May2026 14:08:59.141] [Server thread/INFO] [net.minecraft.server.MinecraftServer/]: [@: Summoned new Minecart with TNT]
[10May2026 14:08:59.146] [Render thread/INFO] [net.minecraft.client.gui.components.ChatComponent/]: [System] [CHAT] [@: Summoned new Minecart with TNT]
[10May2026 14:08:59.190] [Server thread/INFO] [net.minecraft.server.MinecraftServer/]: [@: Summoned new Minecart with TNT]
[10May2026 14:08:59.196] [Render thread/INFO] [net.minecraft.client.gui.components.ChatComponent/]: [System] [CHAT] [@: Summoned new Minecart with TNT]
[10May2026 14:08:59.241] [Server thread/INFO] [net.minecraft.server.MinecraftServer/]: [@: Summoned new Minecart with TNT]
[10May2026 14:08:59.246] [Render thread/INFO] [net.minecraft.client.gui.components.ChatComponent/]: [System] [CHAT] [@: Summoned new Minecart with TNT]
[10May2026 14:08:59.290] [Server thread/INFO] [net.minecraft.server.MinecraftServer/]: [@: Summoned new Minecart with TNT]
[10May2026 14:08:59.296] [Render thread/INFO] [net.minecraft.client.gui.components.ChatComponent/]: [System] [CHAT] [@: Summoned new Minecart with TNT]
[10May2026 14:08:59.341] [Server thread/INFO] [net.minecraft.server.MinecraftServer/]: [@: Summoned new Minecart with TNT]
[10May2026 14:08:59.348] [Render thread/INFO] [net.minecraft.client.gui.components.ChatComponent/]: [System] [CHAT] [@: Summoned new Minecart with TNT]
[10May2026 14:08:59.391] [Server thread/INFO] [net.minecraft.server.MinecraftServer/]: [@: Summoned new Minecart with TNT]
[10May2026 14:08:59.401] [Render thread/INFO] [net.minecraft.client.gui.components.ChatComponent/]: [System] [CHAT] [@: Summoned new Minecart with TNT]
[10May2026 14:08:59.440] [Server thread/INFO] [net.minecraft.server.MinecraftServer/]: [@: Summoned new Minecart with TNT]
[10May2026 14:08:59.446] [Render thread/INFO] [net.minecraft.client.gui.components.ChatComponent/]: [System] [CHAT] [@: Summoned new Minecart with TNT]
[10May2026 14:08:59.491] [Server thread/INFO] [net.minecraft.server.MinecraftServer/]: [@: Summoned new Minecart with TNT]
[10May2026 14:08:59.496] [Render thread/INFO] [net.minecraft.client.gui.components.ChatComponent/]: [System] [CHAT] [@: Summoned new Minecart with TNT]
[10May2026 14:08:59.541] [Server thread/INFO] [net.minecraft.server.MinecraftServer/]: [@: Summoned new Minecart with TNT]
[10May2026 14:08:59.546] [Render thread/INFO] [net.minecraft.client.gui.components.ChatComponent/]: [System] [CHAT] [@: Summoned new Minecart with TNT]
[10May2026 14:08:59.591] [Server thread/INFO] [net.minecraft.server.MinecraftServer/]: [@: Summoned new Minecart with TNT]
[10May2026 14:08:59.598] [Render thread/INFO] [net.minecraft.client.gui.components.ChatComponent/]: [System] [CHAT] [@: Summoned new Minecart with TNT]
[10May2026 14:08:59.642] [Server thread/INFO] [net.minecraft.server.MinecraftServer/]: [@: Summoned new Minecart with TNT]
[10May2026 14:08:59.646] [Render thread/INFO] [net.minecraft.client.gui.components.ChatComponent/]: [System] [CHAT] [@: Summoned new Minecart with TNT]
[10May2026 14:08:59.691] [Server thread/INFO] [net.minecraft.server.MinecraftServer/]: [@: Summoned new Minecart with TNT]
[10May2026 14:08:59.696] [Render thread/INFO] [net.minecraft.client.gui.components.ChatComponent/]: [System] [CHAT] [@: Summoned new Minecart with TNT]
[10May2026 14:08:59.740] [Server thread/INFO] [net.minecraft.server.MinecraftServer/]: [@: Summoned new Minecart with TNT]
[10May2026 14:08:59.747] [Render thread/INFO] [net.minecraft.client.gui.components.ChatComponent/]: [System] [CHAT] [@: Summoned new Minecart with TNT]
[10May2026 14:08:59.790] [Server thread/INFO] [net.minecraft.server.MinecraftServer/]: [@: Summoned new Minecart with TNT]
[10May2026 14:08:59.800] [Render thread/INFO] [net.minecraft.client.gui.components.ChatComponent/]: [System] [CHAT] [@: Summoned new Minecart with TNT]
[10May2026 14:08:59.841] [Server thread/INFO] [net.minecraft.server.MinecraftServer/]: [@: Summoned new Minecart with TNT]
[10May2026 14:08:59.847] [Render thread/INFO] [net.minecraft.client.gui.components.ChatComponent/]: [System] [CHAT] [@: Summoned new Minecart with TNT]
[10May2026 14:08:59.890] [Server thread/INFO] [net.minecraft.server.MinecraftServer/]: [@: Summoned new Minecart with TNT]
[10May2026 14:08:59.896] [Render thread/INFO] [net.minecraft.client.gui.components.ChatComponent/]: [System] [CHAT] [@: Summoned new Minecart with TNT]
[10May2026 14:08:59.940] [Server thread/INFO] [net.minecraft.server.MinecraftServer/]: [@: Summoned new Minecart with TNT]
[10May2026 14:08:59.946] [Render thread/INFO] [net.minecraft.client.gui.components.ChatComponent/]: [System] [CHAT] [@: Summoned new Minecart with TNT]
[10May2026 14:08:59.991] [Server thread/INFO] [net.minecraft.server.MinecraftServer/]: [@: Summoned new Minecart with TNT]
[10May2026 14:08:59.997] [Render thread/INFO] [net.minecraft.client.gui.components.ChatComponent/]: [System] [CHAT] [@: Summoned new Minecart with TNT]
[10May2026 14:09:00.041] [Server thread/INFO] [net.minecraft.server.MinecraftServer/]: [@: Summoned new Minecart with TNT]
[10May2026 14:09:00.046] [Render thread/INFO] [net.minecraft.client.gui.components.ChatComponent/]: [System] [CHAT] [@: Summoned new Minecart with TNT]
[10May2026 14:09:00.091] [Server thread/INFO] [net.minecraft.server.MinecraftServer/]: [@: Summoned new Minecart with TNT]
[10May2026 14:09:00.099] [Render thread/INFO] [net.minecraft.client.gui.components.ChatComponent/]: [System] [CHAT] [@: Summoned new Minecart with TNT]
[10May2026 14:09:00.140] [Server thread/INFO] [net.minecraft.server.MinecraftServer/]: [@: Summoned new Minecart with TNT]
[10May2026 14:09:00.146] [Render thread/INFO] [net.minecraft.client.gui.components.ChatComponent/]: [System] [CHAT] [@: Summoned new Minecart with TNT]
[10May2026 14:09:00.190] [Server thread/INFO] [net.minecraft.server.MinecraftServer/]: [@: Summoned new Minecart with TNT]
[10May2026 14:09:00.196] [Render thread/INFO] [net.minecraft.client.gui.components.ChatComponent/]: [System] [CHAT] [@: Summoned new Minecart with TNT]
[10May2026 14:09:00.240] [Server thread/INFO] [net.minecraft.server.MinecraftServer/]: [@: Summoned new Minecart with TNT]
[10May2026 14:09:00.246] [Render thread/INFO] [net.minecraft.client.gui.components.ChatComponent/]: [System] [CHAT] [@: Summoned new Minecart with TNT]
[10May2026 14:09:00.290] [Server thread/INFO] [net.minecraft.server.MinecraftServer/]: [@: Summoned new Minecart with TNT]
[10May2026 14:09:00.296] [Render thread/INFO] [net.minecraft.client.gui.components.ChatComponent/]: [System] [CHAT] [@: Summoned new Minecart with TNT]
[10May2026 14:09:00.340] [Server thread/INFO] [net.minecraft.server.MinecraftServer/]: [@: Summoned new Minecart with TNT]
[10May2026 14:09:00.346] [Render thread/INFO] [net.minecraft.client.gui.components.ChatComponent/]: [System] [CHAT] [@: Summoned new Minecart with TNT]
[10May2026 14:09:00.390] [Server thread/INFO] [net.minecraft.server.MinecraftServer/]: [@: Summoned new Minecart with TNT]
[10May2026 14:09:00.396] [Render thread/INFO] [net.minecraft.client.gui.components.ChatComponent/]: [System] [CHAT] [@: Summoned new Minecart with TNT]
[10May2026 14:09:00.442] [Server thread/INFO] [net.minecraft.server.MinecraftServer/]: [@: Summoned new Minecart with TNT]
[10May2026 14:09:00.448] [Render thread/INFO] [net.minecraft.client.gui.components.ChatComponent/]: [System] [CHAT] [@: Summoned new Minecart with TNT]
[10May2026 14:09:00.490] [Server thread/INFO] [net.minecraft.server.MinecraftServer/]: [@: Summoned new Minecart with TNT]
[10May2026 14:09:00.499] [Render thread/INFO] [net.minecraft.client.gui.components.ChatComponent/]: [System] [CHAT] [@: Summoned new Minecart with TNT]
[10May2026 14:09:00.540] [Server thread/INFO] [net.minecraft.server.MinecraftServer/]: [@: Summoned new Minecart with TNT]
[10May2026 14:09:00.549] [Render thread/INFO] [net.minecraft.client.gui.components.ChatComponent/]: [System] [CHAT] [@: Summoned new Minecart with TNT]
[10May2026 14:09:00.591] [Server thread/INFO] [net.minecraft.server.MinecraftServer/]: [@: Summoned new Minecart with TNT]
[10May2026 14:09:00.597] [Render thread/INFO] [net.minecraft.client.gui.components.ChatComponent/]: [System] [CHAT] [@: Summoned new Minecart with TNT]
[10May2026 14:09:00.641] [Server thread/INFO] [net.minecraft.server.MinecraftServer/]: [@: Summoned new Minecart with TNT]
[10May2026 14:09:00.647] [Render thread/INFO] [net.minecraft.client.gui.components.ChatComponent/]: [System] [CHAT] [@: Summoned new Minecart with TNT]
[10May2026 14:09:00.692] [Server thread/INFO] [net.minecraft.server.MinecraftServer/]: [@: Summoned new Minecart with TNT]
[10May2026 14:09:00.696] [Render thread/INFO] [net.minecraft.client.gui.components.ChatComponent/]: [System] [CHAT] [@: Summoned new Minecart with TNT]
[10May2026 14:09:00.741] [Server thread/INFO] [net.minecraft.server.MinecraftServer/]: [@: Summoned new Minecart with TNT]
[10May2026 14:09:00.747] [Render thread/INFO] [net.minecraft.client.gui.components.ChatComponent/]: [System] [CHAT] [@: Summoned new Minecart with TNT]
[10May2026 14:09:00.792] [Server thread/INFO] [net.minecraft.server.MinecraftServer/]: [@: Summoned new Minecart with TNT]
[10May2026 14:09:00.796] [Render thread/INFO] [net.minecraft.client.gui.components.ChatComponent/]: [System] [CHAT] [@: Summoned new Minecart with TNT]
[10May2026 14:09:00.840] [Server thread/INFO] [net.minecraft.server.MinecraftServer/]: [@: Summoned new Minecart with TNT]
[10May2026 14:09:00.846] [Render thread/INFO] [net.minecraft.client.gui.components.ChatComponent/]: [System] [CHAT] [@: Summoned new Minecart with TNT]
[10May2026 14:09:00.892] [Server thread/INFO] [net.minecraft.server.MinecraftServer/]: [@: Summoned new Minecart with TNT]
[10May2026 14:09:00.896] [Render thread/INFO] [net.minecraft.client.gui.components.ChatComponent/]: [System] [CHAT] [@: Summoned new Minecart with TNT]
[10May2026 14:09:00.941] [Server thread/INFO] [net.minecraft.server.MinecraftServer/]: [@: Summoned new Minecart with TNT]
[10May2026 14:09:00.948] [Render thread/INFO] [net.minecraft.client.gui.components.ChatComponent/]: [System] [CHAT] [@: Summoned new Minecart with TNT]
[10May2026 14:09:00.992] [Server thread/INFO] [net.minecraft.server.MinecraftServer/]: [@: Summoned new Minecart with TNT]
[10May2026 14:09:00.996] [Render thread/INFO] [net.minecraft.client.gui.components.ChatComponent/]: [System] [CHAT] [@: Summoned new Minecart with TNT]
[10May2026 14:09:01.042] [Server thread/INFO] [net.minecraft.server.MinecraftServer/]: [@: Summoned new Minecart with TNT]
[10May2026 14:09:01.048] [Render thread/INFO] [net.minecraft.client.gui.components.ChatComponent/]: [System] [CHAT] [@: Summoned new Minecart with TNT]
[10May2026 14:09:01.090] [Server thread/INFO] [net.minecraft.server.MinecraftServer/]: [@: Summoned new Minecart with TNT]
[10May2026 14:09:01.098] [Render thread/INFO] [net.minecraft.client.gui.components.ChatComponent/]: [System] [CHAT] [@: Summoned new Minecart with TNT]
[10May2026 14:09:01.141] [Server thread/INFO] [net.minecraft.server.MinecraftServer/]: [@: Summoned new Minecart with TNT]
[10May2026 14:09:01.147] [Render thread/INFO] [net.minecraft.client.gui.components.ChatComponent/]: [System] [CHAT] [@: Summoned new Minecart with TNT]
[10May2026 14:09:01.190] [Server thread/INFO] [net.minecraft.server.MinecraftServer/]: [@: Summoned new Minecart with TNT]
[10May2026 14:09:01.198] [Render thread/INFO] [net.minecraft.client.gui.components.ChatComponent/]: [System] [CHAT] [@: Summoned new Minecart with TNT]
[10May2026 14:09:01.241] [Server thread/INFO] [net.minecraft.server.MinecraftServer/]: [@: Summoned new Minecart with TNT]
[10May2026 14:09:01.246] [Render thread/INFO] [net.minecraft.client.gui.components.ChatComponent/]: [System] [CHAT] [@: Summoned new Minecart with TNT]
[10May2026 14:09:01.291] [Server thread/INFO] [net.minecraft.server.MinecraftServer/]: [@: Summoned new Minecart with TNT]
[10May2026 14:09:01.297] [Render thread/INFO] [net.minecraft.client.gui.components.ChatComponent/]: [System] [CHAT] [@: Summoned new Minecart with TNT]
[10May2026 14:09:01.340] [Server thread/INFO] [net.minecraft.server.MinecraftServer/]: [@: Summoned new Minecart with TNT]
[10May2026 14:09:01.346] [Render thread/INFO] [net.minecraft.client.gui.components.ChatComponent/]: [System] [CHAT] [@: Summoned new Minecart with TNT]
[10May2026 14:09:01.390] [Server thread/INFO] [net.minecraft.server.MinecraftServer/]: [@: Summoned new Minecart with TNT]
[10May2026 14:09:01.398] [Render thread/INFO] [net.minecraft.client.gui.components.ChatComponent/]: [System] [CHAT] [@: Summoned new Minecart with TNT]
[10May2026 14:09:01.442] [Server thread/INFO] [net.minecraft.server.MinecraftServer/]: [@: Summoned new Minecart with TNT]
[10May2026 14:09:01.448] [Render thread/INFO] [net.minecraft.client.gui.components.ChatComponent/]: [System] [CHAT] [@: Summoned new Minecart with TNT]
[10May2026 14:09:01.490] [Server thread/INFO] [net.minecraft.server.MinecraftServer/]: [@: Summoned new Minecart with TNT]
[10May2026 14:09:01.497] [Render thread/INFO] [net.minecraft.client.gui.components.ChatComponent/]: [System] [CHAT] [@: Summoned new Minecart with TNT]
[10May2026 14:09:01.542] [Server thread/INFO] [net.minecraft.server.MinecraftServer/]: [@: Summoned new Minecart with TNT]
[10May2026 14:09:01.547] [Render thread/INFO] [net.minecraft.client.gui.components.ChatComponent/]: [System] [CHAT] [@: Summoned new Minecart with TNT]
[10May2026 14:09:01.590] [Server thread/INFO] [net.minecraft.server.MinecraftServer/]: [@: Summoned new Minecart with TNT]
[10May2026 14:09:01.596] [Render thread/INFO] [net.minecraft.client.gui.components.ChatComponent/]: [System] [CHAT] [@: Summoned new Minecart with TNT]
[10May2026 14:09:01.640] [Server thread/INFO] [net.minecraft.server.MinecraftServer/]: [@: Summoned new Minecart with TNT]
[10May2026 14:09:01.646] [Render thread/INFO] [net.minecraft.client.gui.components.ChatComponent/]: [System] [CHAT] [@: Summoned new Minecart with TNT]
[10May2026 14:09:01.692] [Server thread/INFO] [net.minecraft.server.MinecraftServer/]: [@: Summoned new Minecart with TNT]
[10May2026 14:09:01.700] [Render thread/INFO] [net.minecraft.client.gui.components.ChatComponent/]: [System] [CHAT] [@: Summoned new Minecart with TNT]
[10May2026 14:09:01.740] [Server thread/INFO] [net.minecraft.server.MinecraftServer/]: [@: Summoned new Minecart with TNT]
[10May2026 14:09:01.747] [Render thread/INFO] [net.minecraft.client.gui.components.ChatComponent/]: [System] [CHAT] [@: Summoned new Minecart with TNT]
[10May2026 14:09:01.791] [Server thread/INFO] [net.minecraft.server.MinecraftServer/]: [@: Summoned new Minecart with TNT]
[10May2026 14:09:01.797] [Render thread/INFO] [net.minecraft.client.gui.components.ChatComponent/]: [System] [CHAT] [@: Summoned new Minecart with TNT]
[10May2026 14:09:01.840] [Server thread/INFO] [net.minecraft.server.MinecraftServer/]: [@: Summoned new Minecart with TNT]
[10May2026 14:09:01.848] [Render thread/INFO] [net.minecraft.client.gui.components.ChatComponent/]: [System] [CHAT] [@: Summoned new Minecart with TNT]
[10May2026 14:09:01.892] [Server thread/INFO] [net.minecraft.server.MinecraftServer/]: [@: Summoned new Minecart with TNT]
[10May2026 14:09:01.897] [Render thread/INFO] [net.minecraft.client.gui.components.ChatComponent/]: [System] [CHAT] [@: Summoned new Minecart with TNT]
[10May2026 14:09:01.941] [Server thread/INFO] [net.minecraft.server.MinecraftServer/]: [@: Summoned new Minecart with TNT]
[10May2026 14:09:01.948] [Render thread/INFO] [net.minecraft.client.gui.components.ChatComponent/]: [System] [CHAT] [@: Summoned new Minecart with TNT]
[10May2026 14:09:01.992] [Server thread/INFO] [net.minecraft.server.MinecraftServer/]: [@: Summoned new Minecart with TNT]
[10May2026 14:09:01.997] [Render thread/INFO] [net.minecraft.client.gui.components.ChatComponent/]: [System] [CHAT] [@: Summoned new Minecart with TNT]
[10May2026 14:09:02.040] [Server thread/INFO] [net.minecraft.server.MinecraftServer/]: [@: Summoned new Minecart with TNT]
[10May2026 14:09:02.047] [Render thread/INFO] [net.minecraft.client.gui.components.ChatComponent/]: [System] [CHAT] [@: Summoned new Minecart with TNT]
[10May2026 14:09:02.090] [Server thread/INFO] [net.minecraft.server.MinecraftServer/]: [@: Summoned new Minecart with TNT]
[10May2026 14:09:02.098] [Render thread/INFO] [net.minecraft.client.gui.components.ChatComponent/]: [System] [CHAT] [@: Summoned new Minecart with TNT]
[10May2026 14:09:02.142] [Server thread/INFO] [net.minecraft.server.MinecraftServer/]: [@: Summoned new Minecart with TNT]
[10May2026 14:09:02.149] [Render thread/INFO] [net.minecraft.client.gui.components.ChatComponent/]: [System] [CHAT] [@: Summoned new Minecart with TNT]
[10May2026 14:09:02.190] [Server thread/INFO] [net.minecraft.server.MinecraftServer/]: [@: Summoned new Minecart with TNT]
[10May2026 14:09:02.201] [Render thread/INFO] [net.minecraft.client.gui.components.ChatComponent/]: [System] [CHAT] [@: Summoned new Minecart with TNT]
[10May2026 14:09:02.240] [Server thread/INFO] [net.minecraft.server.MinecraftServer/]: [@: Summoned new Minecart with TNT]
[10May2026 14:09:02.245] [Render thread/INFO] [net.minecraft.client.gui.components.ChatComponent/]: [System] [CHAT] [@: Summoned new Minecart with TNT]
[10May2026 14:09:02.291] [Server thread/INFO] [net.minecraft.server.MinecraftServer/]: [@: Summoned new Minecart with TNT]
[10May2026 14:09:02.297] [Render thread/INFO] [net.minecraft.client.gui.components.ChatComponent/]: [System] [CHAT] [@: Summoned new Minecart with TNT]
[10May2026 14:09:02.341] [Server thread/INFO] [net.minecraft.server.MinecraftServer/]: [@: Summoned new Minecart with TNT]
[10May2026 14:09:02.349] [Render thread/INFO] [net.minecraft.client.gui.components.ChatComponent/]: [System] [CHAT] [@: Summoned new Minecart with TNT]
[10May2026 14:09:02.391] [Server thread/INFO] [net.minecraft.server.MinecraftServer/]: [@: Summoned new Minecart with TNT]
[10May2026 14:09:02.397] [Render thread/INFO] [net.minecraft.client.gui.components.ChatComponent/]: [System] [CHAT] [@: Summoned new Minecart with TNT]
[10May2026 14:09:02.440] [Server thread/INFO] [net.minecraft.server.MinecraftServer/]: [@: Summoned new Minecart with TNT]
[10May2026 14:09:02.447] [Render thread/INFO] [net.minecraft.client.gui.components.ChatComponent/]: [System] [CHAT] [@: Summoned new Minecart with TNT]
[10May2026 14:09:02.491] [Server thread/INFO] [net.minecraft.server.MinecraftServer/]: [@: Summoned new Minecart with TNT]
[10May2026 14:09:02.498] [Render thread/INFO] [net.minecraft.client.gui.components.ChatComponent/]: [System] [CHAT] [@: Summoned new Minecart with TNT]
[10May2026 14:09:02.542] [Server thread/INFO] [net.minecraft.server.MinecraftServer/]: [@: Summoned new Minecart with TNT]
[10May2026 14:09:02.546] [Render thread/INFO] [net.minecraft.client.gui.components.ChatComponent/]: [System] [CHAT] [@: Summoned new Minecart with TNT]
[10May2026 14:09:02.591] [Server thread/INFO] [net.minecraft.server.MinecraftServer/]: [@: Summoned new Minecart with TNT]
[10May2026 14:09:02.596] [Render thread/INFO] [net.minecraft.client.gui.components.ChatComponent/]: [System] [CHAT] [@: Summoned new Minecart with TNT]
[10May2026 14:09:02.643] [Server thread/INFO] [net.minecraft.server.MinecraftServer/]: [@: Summoned new Minecart with TNT]
[10May2026 14:09:02.647] [Render thread/INFO] [net.minecraft.client.gui.components.ChatComponent/]: [System] [CHAT] [@: Summoned new Minecart with TNT]
[10May2026 14:09:02.691] [Server thread/INFO] [net.minecraft.server.MinecraftServer/]: [@: Summoned new Minecart with TNT]
[10May2026 14:09:02.696] [Render thread/INFO] [net.minecraft.client.gui.components.ChatComponent/]: [System] [CHAT] [@: Summoned new Minecart with TNT]
[10May2026 14:09:02.740] [Server thread/INFO] [net.minecraft.server.MinecraftServer/]: [@: Summoned new Minecart with TNT]
[10May2026 14:09:02.746] [Render thread/INFO] [net.minecraft.client.gui.components.ChatComponent/]: [System] [CHAT] [@: Summoned new Minecart with TNT]
[10May2026 14:09:02.792] [Server thread/INFO] [net.minecraft.server.MinecraftServer/]: [@: Summoned new Minecart with TNT]
[10May2026 14:09:02.796] [Render thread/INFO] [net.minecraft.client.gui.components.ChatComponent/]: [System] [CHAT] [@: Summoned new Minecart with TNT]
[10May2026 14:09:02.840] [Server thread/INFO] [net.minecraft.server.MinecraftServer/]: [@: Summoned new Minecart with TNT]
[10May2026 14:09:02.846] [Render thread/INFO] [net.minecraft.client.gui.components.ChatComponent/]: [System] [CHAT] [@: Summoned new Minecart with TNT]
[10May2026 14:09:02.890] [Server thread/INFO] [net.minecraft.server.MinecraftServer/]: [@: Summoned new Minecart with TNT]
[10May2026 14:09:02.897] [Render thread/INFO] [net.minecraft.client.gui.components.ChatComponent/]: [System] [CHAT] [@: Summoned new Minecart with TNT]
[10May2026 14:09:02.942] [Server thread/INFO] [net.minecraft.server.MinecraftServer/]: [@: Summoned new Minecart with TNT]
[10May2026 14:09:02.945] [Render thread/INFO] [net.minecraft.client.gui.components.ChatComponent/]: [System] [CHAT] [@: Summoned new Minecart with TNT]
[10May2026 14:09:02.991] [Server thread/INFO] [net.minecraft.server.MinecraftServer/]: [@: Summoned new Minecart with TNT]
[10May2026 14:09:02.999] [Render thread/INFO] [net.minecraft.client.gui.components.ChatComponent/]: [System] [CHAT] [@: Summoned new Minecart with TNT]
[10May2026 14:09:03.040] [Server thread/INFO] [net.minecraft.server.MinecraftServer/]: [@: Summoned new Minecart with TNT]
[10May2026 14:09:03.047] [Render thread/INFO] [net.minecraft.client.gui.components.ChatComponent/]: [System] [CHAT] [@: Summoned new Minecart with TNT]
[10May2026 14:09:03.091] [Server thread/INFO] [net.minecraft.server.MinecraftServer/]: [@: Summoned new Minecart with TNT]
[10May2026 14:09:03.098] [Render thread/INFO] [net.minecraft.client.gui.components.ChatComponent/]: [System] [CHAT] [@: Summoned new Minecart with TNT]
[10May2026 14:09:03.141] [Server thread/INFO] [net.minecraft.server.MinecraftServer/]: [@: Summoned new Minecart with TNT]
[10May2026 14:09:03.147] [Render thread/INFO] [net.minecraft.client.gui.components.ChatComponent/]: [System] [CHAT] [@: Summoned new Minecart with TNT]
[10May2026 14:09:03.190] [Server thread/INFO] [net.minecraft.server.MinecraftServer/]: [@: Summoned new Minecart with TNT]
[10May2026 14:09:03.199] [Render thread/INFO] [net.minecraft.client.gui.components.ChatComponent/]: [System] [CHAT] [@: Summoned new Minecart with TNT]
[10May2026 14:09:03.241] [Server thread/INFO] [net.minecraft.server.MinecraftServer/]: [@: Summoned new Minecart with TNT]
[10May2026 14:09:03.255] [Render thread/INFO] [net.minecraft.client.gui.components.ChatComponent/]: [System] [CHAT] [@: Summoned new Minecart with TNT]
[10May2026 14:09:03.291] [Server thread/INFO] [net.minecraft.server.MinecraftServer/]: [@: Summoned new Minecart with TNT]
[10May2026 14:09:03.296] [Render thread/INFO] [net.minecraft.client.gui.components.ChatComponent/]: [System] [CHAT] [@: Summoned new Minecart with TNT]
[10May2026 14:09:03.341] [Server thread/INFO] [net.minecraft.server.MinecraftServer/]: [@: Summoned new Minecart with TNT]
[10May2026 14:09:03.346] [Render thread/INFO] [net.minecraft.client.gui.components.ChatComponent/]: [System] [CHAT] [@: Summoned new Minecart with TNT]
[10May2026 14:09:03.390] [Server thread/INFO] [net.minecraft.client.server.IntegratedServer/]: Saving and pausing game...
[10May2026 14:09:03.398] [Server thread/INFO] [net.minecraft.server.MinecraftServer/]: Saving chunks for level 'ServerLevel[New World]'/minecraft:overworld
[10May2026 14:09:03.406] [Server thread/INFO] [net.minecraft.server.MinecraftServer/]: Saving chunks for level 'ServerLevel[New World]'/minecraft:the_nether
[10May2026 14:09:03.408] [Server thread/INFO] [net.minecraft.server.MinecraftServer/]: Saving chunks for level 'ServerLevel[New World]'/minecraft:the_end
[10May2026 14:09:03.413] [Server thread/DEBUG] [net.minecraftforge.common.ForgeHooks/WP]: Gathering id map for writing to world save New World
[10May2026 14:09:03.418] [Server thread/DEBUG] [net.minecraftforge.common.ForgeHooks/WP]: ID Map collection complete New World
[10May2026 14:09:06.843] [Server thread/INFO] [net.minecraft.server.MinecraftServer/]: [@: Summoned new Minecart with TNT]
[10May2026 14:09:06.845] [Render thread/INFO] [net.minecraft.client.gui.components.ChatComponent/]: [System] [CHAT] [@: Summoned new Minecart with TNT]
[10May2026 14:09:06.890] [Server thread/INFO] [net.minecraft.server.MinecraftServer/]: [@: Summoned new Minecart with TNT]
[10May2026 14:09:06.896] [Render thread/INFO] [net.minecraft.client.gui.components.ChatComponent/]: [System] [CHAT] [@: Summoned new Minecart with TNT]
[10May2026 14:09:06.941] [Server thread/INFO] [net.minecraft.server.MinecraftServer/]: [@: Summoned new Minecart with TNT]
[10May2026 14:09:06.947] [Render thread/INFO] [net.minecraft.client.gui.components.ChatComponent/]: [System] [CHAT] [@: Summoned new Minecart with TNT]
[10May2026 14:09:06.993] [Server thread/INFO] [net.minecraft.server.MinecraftServer/]: [@: Summoned new Minecart with TNT]
[10May2026 14:09:06.996] [Render thread/INFO] [net.minecraft.client.gui.components.ChatComponent/]: [System] [CHAT] [@: Summoned new Minecart with TNT]
[10May2026 14:09:07.041] [Server thread/INFO] [net.minecraft.server.MinecraftServer/]: [@: Summoned new Minecart with TNT]
[10May2026 14:09:07.046] [Render thread/INFO] [net.minecraft.client.gui.components.ChatComponent/]: [System] [CHAT] [@: Summoned new Minecart with TNT]
[10May2026 14:09:07.091] [Server thread/INFO] [net.minecraft.server.MinecraftServer/]: [@: Summoned new Minecart with TNT]
[10May2026 14:09:07.096] [Render thread/INFO] [net.minecraft.client.gui.components.ChatComponent/]: [System] [CHAT] [@: Summoned new Minecart with TNT]
[10May2026 14:09:07.141] [Server thread/INFO] [net.minecraft.server.MinecraftServer/]: [@: Summoned new Minecart with TNT]
[10May2026 14:09:07.146] [Render thread/INFO] [net.minecraft.client.gui.components.ChatComponent/]: [System] [CHAT] [@: Summoned new Minecart with TNT]
[10May2026 14:09:07.190] [Server thread/INFO] [net.minecraft.server.MinecraftServer/]: [@: Summoned new Minecart with TNT]
[10May2026 14:09:07.200] [Render thread/INFO] [net.minecraft.client.gui.components.ChatComponent/]: [System] [CHAT] [@: Summoned new Minecart with TNT]
[10May2026 14:09:07.242] [Server thread/INFO] [net.minecraft.server.MinecraftServer/]: [@: Summoned new Minecart with TNT]
[10May2026 14:09:07.263] [Render thread/INFO] [net.minecraft.client.gui.components.ChatComponent/]: [System] [CHAT] [@: Summoned new Minecart with TNT]
[10May2026 14:09:07.291] [Server thread/INFO] [net.minecraft.server.MinecraftServer/]: [@: Summoned new Minecart with TNT]
[10May2026 14:09:07.312] [Render thread/INFO] [net.minecraft.client.gui.components.ChatComponent/]: [System] [CHAT] [@: Summoned new Minecart with TNT]
[10May2026 14:09:07.340] [Server thread/INFO] [net.minecraft.server.MinecraftServer/]: [@: Summoned new Minecart with TNT]
[10May2026 14:09:07.349] [Render thread/INFO] [net.minecraft.client.gui.components.ChatComponent/]: [System] [CHAT] [@: Summoned new Minecart with TNT]
[10May2026 14:09:07.391] [Server thread/INFO] [net.minecraft.server.MinecraftServer/]: [@: Summoned new Minecart with TNT]
[10May2026 14:09:07.397] [Render thread/INFO] [net.minecraft.client.gui.components.ChatComponent/]: [System] [CHAT] [@: Summoned new Minecart with TNT]
[10May2026 14:09:07.441] [Server thread/INFO] [net.minecraft.server.MinecraftServer/]: [@: Summoned new Minecart with TNT]
[10May2026 14:09:07.467] [Render thread/INFO] [net.minecraft.client.gui.components.ChatComponent/]: [System] [CHAT] [@: Summoned new Minecart with TNT]
[10May2026 14:09:07.491] [Server thread/INFO] [net.minecraft.server.MinecraftServer/]: [@: Summoned new Minecart with TNT]
[10May2026 14:09:07.514] [Render thread/INFO] [net.minecraft.client.gui.components.ChatComponent/]: [System] [CHAT] [@: Summoned new Minecart with TNT]
[10May2026 14:09:07.542] [Server thread/INFO] [net.minecraft.server.MinecraftServer/]: [@: Summoned new Minecart with TNT]
[10May2026 14:09:07.546] [Render thread/INFO] [net.minecraft.client.gui.components.ChatComponent/]: [System] [CHAT] [@: Summoned new Minecart with TNT]
[10May2026 14:09:07.590] [Server thread/INFO] [net.minecraft.server.MinecraftServer/]: [@: Summoned new Minecart with TNT]
[10May2026 14:09:07.596] [Render thread/INFO] [net.minecraft.client.gui.components.ChatComponent/]: [System] [CHAT] [@: Summoned new Minecart with TNT]
[10May2026 14:09:07.640] [Server thread/INFO] [net.minecraft.server.MinecraftServer/]: [@: Summoned new Minecart with TNT]
[10May2026 14:09:07.646] [Render thread/INFO] [net.minecraft.client.gui.components.ChatComponent/]: [System] [CHAT] [@: Summoned new Minecart with TNT]
[10May2026 14:09:07.691] [Server thread/INFO] [net.minecraft.server.MinecraftServer/]: [@: Summoned new Minecart with TNT]
[10May2026 14:09:07.697] [Render thread/INFO] [net.minecraft.client.gui.components.ChatComponent/]: [System] [CHAT] [@: Summoned new Minecart with TNT]
[10May2026 14:09:07.740] [Server thread/INFO] [net.minecraft.server.MinecraftServer/]: [@: Summoned new Minecart with TNT]
[10May2026 14:09:07.747] [Render thread/INFO] [net.minecraft.client.gui.components.ChatComponent/]: [System] [CHAT] [@: Summoned new Minecart with TNT]
[10May2026 14:09:07.790] [Server thread/INFO] [net.minecraft.server.MinecraftServer/]: [@: Summoned new Minecart with TNT]
[10May2026 14:09:07.799] [Render thread/INFO] [net.minecraft.client.gui.components.ChatComponent/]: [System] [CHAT] [@: Summoned new Minecart with TNT]
[10May2026 14:09:07.842] [Server thread/INFO] [net.minecraft.server.MinecraftServer/]: [@: Summoned new Minecart with TNT]
[10May2026 14:09:07.845] [Render thread/INFO] [net.minecraft.client.gui.components.ChatComponent/]: [System] [CHAT] [@: Summoned new Minecart with TNT]
[10May2026 14:09:07.892] [Server thread/INFO] [net.minecraft.server.MinecraftServer/]: [@: Summoned new Minecart with TNT]
[10May2026 14:09:07.896] [Render thread/INFO] [net.minecraft.client.gui.components.ChatComponent/]: [System] [CHAT] [@: Summoned new Minecart with TNT]
[10May2026 14:09:07.943] [Server thread/INFO] [net.minecraft.server.MinecraftServer/]: [@: Summoned new Minecart with TNT]
[10May2026 14:09:07.967] [Render thread/INFO] [net.minecraft.client.gui.components.ChatComponent/]: [System] [CHAT] [@: Summoned new Minecart with TNT]
[10May2026 14:09:07.990] [Server thread/INFO] [net.minecraft.server.MinecraftServer/]: [@: Summoned new Minecart with TNT]
[10May2026 14:09:07.993] [Render thread/INFO] [net.minecraft.client.gui.components.ChatComponent/]: [System] [CHAT] [@: Summoned new Minecart with TNT]
[10May2026 14:09:08.040] [Server thread/INFO] [net.minecraft.server.MinecraftServer/]: [@: Summoned new Minecart with TNT]
[10May2026 14:09:08.047] [Render thread/INFO] [net.minecraft.client.gui.components.ChatComponent/]: [System] [CHAT] [@: Summoned new Minecart with TNT]
[10May2026 14:09:08.090] [Server thread/INFO] [net.minecraft.server.MinecraftServer/]: [@: Summoned new Minecart with TNT]
[10May2026 14:09:08.098] [Render thread/INFO] [net.minecraft.client.gui.components.ChatComponent/]: [System] [CHAT] [@: Summoned new Minecart with TNT]
[10May2026 14:09:08.141] [Server thread/INFO] [net.minecraft.server.MinecraftServer/]: [@: Summoned new Minecart with TNT]
[10May2026 14:09:08.146] [Render thread/INFO] [net.minecraft.client.gui.components.ChatComponent/]: [System] [CHAT] [@: Summoned new Minecart with TNT]
[10May2026 14:09:08.190] [Server thread/INFO] [net.minecraft.server.MinecraftServer/]: [@: Summoned new Minecart with TNT]
[10May2026 14:09:08.199] [Render thread/INFO] [net.minecraft.client.gui.components.ChatComponent/]: [System] [CHAT] [@: Summoned new Minecart with TNT]
[10May2026 14:09:08.240] [Server thread/INFO] [net.minecraft.server.MinecraftServer/]: [@: Summoned new Minecart with TNT]
[10May2026 14:09:08.263] [Render thread/INFO] [net.minecraft.client.gui.components.ChatComponent/]: [System] [CHAT] [@: Summoned new Minecart with TNT]
[10May2026 14:09:08.291] [Server thread/INFO] [net.minecraft.server.MinecraftServer/]: [@: Summoned new Minecart with TNT]
[10May2026 14:09:08.296] [Render thread/INFO] [net.minecraft.client.gui.components.ChatComponent/]: [System] [CHAT] [@: Summoned new Minecart with TNT]
[10May2026 14:09:08.340] [Server thread/INFO] [net.minecraft.server.MinecraftServer/]: [@: Summoned new Minecart with TNT]
[10May2026 14:09:08.347] [Render thread/INFO] [net.minecraft.client.gui.components.ChatComponent/]: [System] [CHAT] [@: Summoned new Minecart with TNT]
[10May2026 14:09:08.391] [Server thread/INFO] [net.minecraft.server.MinecraftServer/]: [@: Summoned new Minecart with TNT]
[10May2026 14:09:08.396] [Render thread/INFO] [net.minecraft.client.gui.components.ChatComponent/]: [System] [CHAT] [@: Summoned new Minecart with TNT]
[10May2026 14:09:08.441] [Server thread/INFO] [net.minecraft.server.MinecraftServer/]: [@: Summoned new Minecart with TNT]
[10May2026 14:09:08.465] [Render thread/INFO] [net.minecraft.client.gui.components.ChatComponent/]: [System] [CHAT] [@: Summoned new Minecart with TNT]
[10May2026 14:09:08.490] [Server thread/INFO] [net.minecraft.server.MinecraftServer/]: [@: Summoned new Minecart with TNT]
[10May2026 14:09:08.513] [Render thread/INFO] [net.minecraft.client.gui.components.ChatComponent/]: [System] [CHAT] [@: Summoned new Minecart with TNT]
[10May2026 14:09:08.540] [Server thread/INFO] [net.minecraft.server.MinecraftServer/]: [@: Summoned new Minecart with TNT]
[10May2026 14:09:08.563] [Render thread/INFO] [net.minecraft.client.gui.components.ChatComponent/]: [System] [CHAT] [@: Summoned new Minecart with TNT]
[10May2026 14:09:08.590] [Server thread/INFO] [net.minecraft.server.MinecraftServer/]: [@: Summoned new Minecart with TNT]
[10May2026 14:09:08.597] [Render thread/INFO] [net.minecraft.client.gui.components.ChatComponent/]: [System] [CHAT] [@: Summoned new Minecart with TNT]
[10May2026 14:09:08.640] [Server thread/INFO] [net.minecraft.server.MinecraftServer/]: [@: Summoned new Minecart with TNT]
[10May2026 14:09:08.649] [Render thread/INFO] [net.minecraft.client.gui.components.ChatComponent/]: [System] [CHAT] [@: Summoned new Minecart with TNT]
[10May2026 14:09:08.690] [Server thread/INFO] [net.minecraft.server.MinecraftServer/]: [@: Summoned new Minecart with TNT]
[10May2026 14:09:08.696] [Render thread/INFO] [net.minecraft.client.gui.components.ChatComponent/]: [System] [CHAT] [@: Summoned new Minecart with TNT]
[10May2026 14:09:08.741] [Server thread/INFO] [net.minecraft.server.MinecraftServer/]: [@: Summoned new Minecart with TNT]
[10May2026 14:09:08.749] [Render thread/INFO] [net.minecraft.client.gui.components.ChatComponent/]: [System] [CHAT] [@: Summoned new Minecart with TNT]
[10May2026 14:09:08.791] [Server thread/INFO] [net.minecraft.server.MinecraftServer/]: [@: Summoned new Minecart with TNT]
[10May2026 14:09:08.796] [Render thread/INFO] [net.minecraft.client.gui.components.ChatComponent/]: [System] [CHAT] [@: Summoned new Minecart with TNT]
[10May2026 14:09:08.840] [Server thread/INFO] [net.minecraft.server.MinecraftServer/]: [@: Summoned new Minecart with TNT]
[10May2026 14:09:08.847] [Render thread/INFO] [net.minecraft.client.gui.components.ChatComponent/]: [System] [CHAT] [@: Summoned new Minecart with TNT]
[10May2026 14:09:08.891] [Server thread/INFO] [net.minecraft.server.MinecraftServer/]: [@: Summoned new Minecart with TNT]
[10May2026 14:09:08.896] [Render thread/INFO] [net.minecraft.client.gui.components.ChatComponent/]: [System] [CHAT] [@: Summoned new Minecart with TNT]
[10May2026 14:09:08.942] [Server thread/INFO] [net.minecraft.server.MinecraftServer/]: [@: Summoned new Minecart with TNT]
[10May2026 14:09:08.947] [Render thread/INFO] [net.minecraft.client.gui.components.ChatComponent/]: [System] [CHAT] [@: Summoned new Minecart with TNT]
[10May2026 14:09:08.991] [Server thread/INFO] [net.minecraft.server.MinecraftServer/]: [@: Summoned new Minecart with TNT]
[10May2026 14:09:08.998] [Render thread/INFO] [net.minecraft.client.gui.components.ChatComponent/]: [System] [CHAT] [@: Summoned new Minecart with TNT]
[10May2026 14:09:09.042] [Server thread/INFO] [net.minecraft.server.MinecraftServer/]: [@: Summoned new Minecart with TNT]
[10May2026 14:09:09.049] [Render thread/INFO] [net.minecraft.client.gui.components.ChatComponent/]: [System] [CHAT] [@: Summoned new Minecart with TNT]
[10May2026 14:09:09.091] [Server thread/INFO] [net.minecraft.server.MinecraftServer/]: [@: Summoned new Minecart with TNT]
[10May2026 14:09:09.097] [Render thread/INFO] [net.minecraft.client.gui.components.ChatComponent/]: [System] [CHAT] [@: Summoned new Minecart with TNT]
[10May2026 14:09:09.140] [Server thread/INFO] [net.minecraft.server.MinecraftServer/]: [@: Summoned new Minecart with TNT]
[10May2026 14:09:09.164] [Render thread/INFO] [net.minecraft.client.gui.components.ChatComponent/]: [System] [CHAT] [@: Summoned new Minecart with TNT]
[10May2026 14:09:09.191] [Server thread/INFO] [net.minecraft.server.MinecraftServer/]: [@: Summoned new Minecart with TNT]
[10May2026 14:09:09.216] [Render thread/INFO] [net.minecraft.client.gui.components.ChatComponent/]: [System] [CHAT] [@: Summoned new Minecart with TNT]
[10May2026 14:09:09.240] [Server thread/INFO] [net.minecraft.server.MinecraftServer/]: [@: Summoned new Minecart with TNT]
[10May2026 14:09:09.246] [Render thread/INFO] [net.minecraft.client.gui.components.ChatComponent/]: [System] [CHAT] [@: Summoned new Minecart with TNT]
[10May2026 14:09:09.291] [Server thread/INFO] [net.minecraft.server.MinecraftServer/]: [@: Summoned new Minecart with TNT]
[10May2026 14:09:09.295] [Render thread/INFO] [net.minecraft.client.gui.components.ChatComponent/]: [System] [CHAT] [@: Summoned new Minecart with TNT]
[10May2026 14:09:09.342] [Server thread/INFO] [net.minecraft.server.MinecraftServer/]: [@: Summoned new Minecart with TNT]
[10May2026 14:09:09.346] [Render thread/INFO] [net.minecraft.client.gui.components.ChatComponent/]: [System] [CHAT] [@: Summoned new Minecart with TNT]
[10May2026 14:09:09.390] [Server thread/INFO] [net.minecraft.server.MinecraftServer/]: [@: Summoned new Minecart with TNT]
[10May2026 14:09:09.396] [Render thread/INFO] [net.minecraft.client.gui.components.ChatComponent/]: [System] [CHAT] [@: Summoned new Minecart with TNT]
[10May2026 14:09:09.440] [Server thread/INFO] [net.minecraft.server.MinecraftServer/]: [@: Summoned new Minecart with TNT]
[10May2026 14:09:09.447] [Render thread/INFO] [net.minecraft.client.gui.components.ChatComponent/]: [System] [CHAT] [@: Summoned new Minecart with TNT]
[10May2026 14:09:09.490] [Server thread/INFO] [net.minecraft.server.MinecraftServer/]: [@: Summoned new Minecart with TNT]
[10May2026 14:09:09.496] [Render thread/INFO] [net.minecraft.client.gui.components.ChatComponent/]: [System] [CHAT] [@: Summoned new Minecart with TNT]
[10May2026 14:09:09.541] [Server thread/INFO] [net.minecraft.server.MinecraftServer/]: [@: Summoned new Minecart with TNT]
[10May2026 14:09:09.547] [Render thread/INFO] [net.minecraft.client.gui.components.ChatComponent/]: [System] [CHAT] [@: Summoned new Minecart with TNT]
[10May2026 14:09:09.591] [Server thread/INFO] [net.minecraft.server.MinecraftServer/]: [@: Summoned new Minecart with TNT]
[10May2026 14:09:09.597] [Render thread/INFO] [net.minecraft.client.gui.components.ChatComponent/]: [System] [CHAT] [@: Summoned new Minecart with TNT]
[10May2026 14:09:09.642] [Server thread/INFO] [net.minecraft.server.MinecraftServer/]: [@: Summoned new Minecart with TNT]
[10May2026 14:09:09.650] [Render thread/INFO] [net.minecraft.client.gui.components.ChatComponent/]: [System] [CHAT] [@: Summoned new Minecart with TNT]
[10May2026 14:09:09.692] [Server thread/INFO] [net.minecraft.server.MinecraftServer/]: [@: Summoned new Minecart with TNT]
[10May2026 14:09:09.701] [Render thread/INFO] [net.minecraft.client.gui.components.ChatComponent/]: [System] [CHAT] [@: Summoned new Minecart with TNT]
[10May2026 14:09:09.741] [Server thread/INFO] [net.minecraft.server.MinecraftServer/]: [@: Summoned new Minecart with TNT]
[10May2026 14:09:09.742] [Render thread/INFO] [net.minecraft.client.gui.components.ChatComponent/]: [System] [CHAT] [@: Summoned new Minecart with TNT]
[10May2026 14:09:09.791] [Server thread/INFO] [net.minecraft.server.MinecraftServer/]: [@: Summoned new Minecart with TNT]
[10May2026 14:09:09.797] [Render thread/INFO] [net.minecraft.client.gui.components.ChatComponent/]: [System] [CHAT] [@: Summoned new Minecart with TNT]
[10May2026 14:09:09.842] [Server thread/INFO] [net.minecraft.server.MinecraftServer/]: [@: Summoned new Minecart with TNT]
[10May2026 14:09:09.847] [Render thread/INFO] [net.minecraft.client.gui.components.ChatComponent/]: [System] [CHAT] [@: Summoned new Minecart with TNT]
[10May2026 14:09:09.891] [Server thread/INFO] [net.minecraft.server.MinecraftServer/]: [@: Summoned new Minecart with TNT]
[10May2026 14:09:09.898] [Render thread/INFO] [net.minecraft.client.gui.components.ChatComponent/]: [System] [CHAT] [@: Summoned new Minecart with TNT]
[10May2026 14:09:09.941] [Server thread/INFO] [net.minecraft.server.MinecraftServer/]: [@: Summoned new Minecart with TNT]
[10May2026 14:09:09.949] [Render thread/INFO] [net.minecraft.client.gui.components.ChatComponent/]: [System] [CHAT] [@: Summoned new Minecart with TNT]
[10May2026 14:09:09.990] [Server thread/INFO] [net.minecraft.server.MinecraftServer/]: [@: Summoned new Minecart with TNT]
[10May2026 14:09:09.996] [Render thread/INFO] [net.minecraft.client.gui.components.ChatComponent/]: [System] [CHAT] [@: Summoned new Minecart with TNT]
[10May2026 14:09:10.040] [Server thread/INFO] [net.minecraft.server.MinecraftServer/]: [@: Summoned new Minecart with TNT]
[10May2026 14:09:10.065] [Render thread/INFO] [net.minecraft.client.gui.components.ChatComponent/]: [System] [CHAT] [@: Summoned new Minecart with TNT]
[10May2026 14:09:10.090] [Server thread/INFO] [net.minecraft.server.MinecraftServer/]: [@: Summoned new Minecart with TNT]
[10May2026 14:09:10.096] [Render thread/INFO] [net.minecraft.client.gui.components.ChatComponent/]: [System] [CHAT] [@: Summoned new Minecart with TNT]
[10May2026 14:09:10.140] [Server thread/INFO] [net.minecraft.server.MinecraftServer/]: [@: Summoned new Minecart with TNT]
[10May2026 14:09:10.146] [Render thread/INFO] [net.minecraft.client.gui.components.ChatComponent/]: [System] [CHAT] [@: Summoned new Minecart with TNT]
[10May2026 14:09:10.192] [Server thread/INFO] [net.minecraft.server.MinecraftServer/]: [@: Summoned new Minecart with TNT]
[10May2026 14:09:10.196] [Render thread/INFO] [net.minecraft.client.gui.components.ChatComponent/]: [System] [CHAT] [@: Summoned new Minecart with TNT]
[10May2026 14:09:10.240] [Server thread/INFO] [net.minecraft.server.MinecraftServer/]: [@: Summoned new Minecart with TNT]
[10May2026 14:09:10.246] [Render thread/INFO] [net.minecraft.client.gui.components.ChatComponent/]: [System] [CHAT] [@: Summoned new Minecart with TNT]
[10May2026 14:09:10.290] [Server thread/INFO] [net.minecraft.server.MinecraftServer/]: [@: Summoned new Minecart with TNT]
[10May2026 14:09:10.297] [Render thread/INFO] [net.minecraft.client.gui.components.ChatComponent/]: [System] [CHAT] [@: Summoned new Minecart with TNT]
[10May2026 14:09:10.340] [Server thread/INFO] [net.minecraft.server.MinecraftServer/]: [@: Summoned new Minecart with TNT]
[10May2026 14:09:10.351] [Render thread/INFO] [net.minecraft.client.gui.components.ChatComponent/]: [System] [CHAT] [@: Summoned new Minecart with TNT]
[10May2026 14:09:10.391] [Server thread/INFO] [net.minecraft.server.MinecraftServer/]: [@: Summoned new Minecart with TNT]
[10May2026 14:09:10.397] [Render thread/INFO] [net.minecraft.client.gui.components.ChatComponent/]: [System] [CHAT] [@: Summoned new Minecart with TNT]
[10May2026 14:09:10.441] [Server thread/INFO] [net.minecraft.server.MinecraftServer/]: [@: Summoned new Minecart with TNT]
[10May2026 14:09:10.450] [Render thread/INFO] [net.minecraft.client.gui.components.ChatComponent/]: [System] [CHAT] [@: Summoned new Minecart with TNT]
[10May2026 14:09:10.491] [Server thread/INFO] [net.minecraft.server.MinecraftServer/]: [@: Summoned new Minecart with TNT]
[10May2026 14:09:10.497] [Render thread/INFO] [net.minecraft.client.gui.components.ChatComponent/]: [System] [CHAT] [@: Summoned new Minecart with TNT]
[10May2026 14:09:10.540] [Server thread/INFO] [net.minecraft.server.MinecraftServer/]: [@: Summoned new Minecart with TNT]
[10May2026 14:09:10.547] [Render thread/INFO] [net.minecraft.client.gui.components.ChatComponent/]: [System] [CHAT] [@: Summoned new Minecart with TNT]
[10May2026 14:09:10.591] [Server thread/INFO] [net.minecraft.server.MinecraftServer/]: [@: Summoned new Minecart with TNT]
[10May2026 14:09:10.595] [Render thread/INFO] [net.minecraft.client.gui.components.ChatComponent/]: [System] [CHAT] [@: Summoned new Minecart with TNT]
[10May2026 14:09:10.640] [Server thread/INFO] [net.minecraft.server.MinecraftServer/]: [@: Summoned new Minecart with TNT]
[10May2026 14:09:10.648] [Render thread/INFO] [net.minecraft.client.gui.components.ChatComponent/]: [System] [CHAT] [@: Summoned new Minecart with TNT]
[10May2026 14:09:10.691] [Server thread/INFO] [net.minecraft.server.MinecraftServer/]: [@: Summoned new Minecart with TNT]
[10May2026 14:09:10.696] [Render thread/INFO] [net.minecraft.client.gui.components.ChatComponent/]: [System] [CHAT] [@: Summoned new Minecart with TNT]
[10May2026 14:09:10.742] [Server thread/INFO] [net.minecraft.server.MinecraftServer/]: [@: Summoned new Minecart with TNT]
[10May2026 14:09:10.746] [Render thread/INFO] [net.minecraft.client.gui.components.ChatComponent/]: [System] [CHAT] [@: Summoned new Minecart with TNT]
[10May2026 14:09:10.792] [Server thread/INFO] [net.minecraft.server.MinecraftServer/]: [@: Summoned new Minecart with TNT]
[10May2026 14:09:10.813] [Render thread/INFO] [net.minecraft.client.gui.components.ChatComponent/]: [System] [CHAT] [@: Summoned new Minecart with TNT]
[10May2026 14:09:10.840] [Server thread/INFO] [net.minecraft.server.MinecraftServer/]: [@: Summoned new Minecart with TNT]
[10May2026 14:09:10.848] [Render thread/INFO] [net.minecraft.client.gui.components.ChatComponent/]: [System] [CHAT] [@: Summoned new Minecart with TNT]
[10May2026 14:09:10.891] [Server thread/INFO] [net.minecraft.server.MinecraftServer/]: [@: Summoned new Minecart with TNT]
[10May2026 14:09:10.892] [Render thread/INFO] [net.minecraft.client.gui.components.ChatComponent/]: [System] [CHAT] [@: Summoned new Minecart with TNT]
[10May2026 14:09:10.941] [Server thread/INFO] [net.minecraft.server.MinecraftServer/]: [@: Summoned new Minecart with TNT]
[10May2026 14:09:10.949] [Render thread/INFO] [net.minecraft.client.gui.components.ChatComponent/]: [System] [CHAT] [@: Summoned new Minecart with TNT]
[10May2026 14:09:10.991] [Server thread/INFO] [net.minecraft.server.MinecraftServer/]: [@: Summoned new Minecart with TNT]
[10May2026 14:09:10.998] [Render thread/INFO] [net.minecraft.client.gui.components.ChatComponent/]: [System] [CHAT] [@: Summoned new Minecart with TNT]
[10May2026 14:09:11.040] [Server thread/INFO] [net.minecraft.server.MinecraftServer/]: [@: Summoned new Minecart with TNT]
[10May2026 14:09:11.046] [Render thread/INFO] [net.minecraft.client.gui.components.ChatComponent/]: [System] [CHAT] [@: Summoned new Minecart with TNT]
[10May2026 14:09:11.091] [Server thread/INFO] [net.minecraft.server.MinecraftServer/]: [@: Summoned new Minecart with TNT]
[10May2026 14:09:11.096] [Render thread/INFO] [net.minecraft.client.gui.components.ChatComponent/]: [System] [CHAT] [@: Summoned new Minecart with TNT]
[10May2026 14:09:11.140] [Server thread/INFO] [net.minecraft.server.MinecraftServer/]: [@: Summoned new Minecart with TNT]
[10May2026 14:09:11.146] [Render thread/INFO] [net.minecraft.client.gui.components.ChatComponent/]: [System] [CHAT] [@: Summoned new Minecart with TNT]
[10May2026 14:09:11.190] [Server thread/INFO] [net.minecraft.server.MinecraftServer/]: [@: Summoned new Minecart with TNT]
[10May2026 14:09:11.195] [Render thread/INFO] [net.minecraft.client.gui.components.ChatComponent/]: [System] [CHAT] [@: Summoned new Minecart with TNT]
[10May2026 14:09:11.240] [Server thread/INFO] [net.minecraft.server.MinecraftServer/]: [@: Summoned new Minecart with TNT]
[10May2026 14:09:11.247] [Render thread/INFO] [net.minecraft.client.gui.components.ChatComponent/]: [System] [CHAT] [@: Summoned new Minecart with TNT]
[10May2026 14:09:11.291] [Server thread/INFO] [net.minecraft.server.MinecraftServer/]: [@: Summoned new Minecart with TNT]
[10May2026 14:09:11.297] [Render thread/INFO] [net.minecraft.client.gui.components.ChatComponent/]: [System] [CHAT] [@: Summoned new Minecart with TNT]
[10May2026 14:09:11.341] [Server thread/INFO] [net.minecraft.server.MinecraftServer/]: [@: Summoned new Minecart with TNT]
[10May2026 14:09:11.347] [Render thread/INFO] [net.minecraft.client.gui.components.ChatComponent/]: [System] [CHAT] [@: Summoned new Minecart with TNT]
[10May2026 14:09:11.392] [Server thread/INFO] [net.minecraft.server.MinecraftServer/]: [@: Summoned new Minecart with TNT]
[10May2026 14:09:11.395] [Render thread/INFO] [net.minecraft.client.gui.components.ChatComponent/]: [System] [CHAT] [@: Summoned new Minecart with TNT]
[10May2026 14:09:11.442] [Server thread/INFO] [net.minecraft.server.MinecraftServer/]: [@: Summoned new Minecart with TNT]
[10May2026 14:09:11.447] [Render thread/INFO] [net.minecraft.client.gui.components.ChatComponent/]: [System] [CHAT] [@: Summoned new Minecart with TNT]
[10May2026 14:09:11.490] [Server thread/INFO] [net.minecraft.server.MinecraftServer/]: [@: Summoned new Minecart with TNT]
[10May2026 14:09:11.495] [Render thread/INFO] [net.minecraft.client.gui.components.ChatComponent/]: [System] [CHAT] [@: Summoned new Minecart with TNT]
[10May2026 14:09:11.540] [Server thread/INFO] [net.minecraft.server.MinecraftServer/]: [@: Summoned new Minecart with TNT]
[10May2026 14:09:11.551] [Render thread/INFO] [net.minecraft.client.gui.components.ChatComponent/]: [System] [CHAT] [@: Summoned new Minecart with TNT]
[10May2026 14:09:11.593] [Server thread/INFO] [net.minecraft.server.MinecraftServer/]: [@: Summoned new Minecart with TNT]
[10May2026 14:09:11.600] [Render thread/INFO] [net.minecraft.client.gui.components.ChatComponent/]: [System] [CHAT] [@: Summoned new Minecart with TNT]
[10May2026 14:09:11.640] [Server thread/INFO] [net.minecraft.server.MinecraftServer/]: [@: Summoned new Minecart with TNT]
[10May2026 14:09:11.666] [Render thread/INFO] [net.minecraft.client.gui.components.ChatComponent/]: [System] [CHAT] [@: Summoned new Minecart with TNT]
[10May2026 14:09:11.691] [Server thread/INFO] [net.minecraft.server.MinecraftServer/]: [@: Summoned new Minecart with TNT]
[10May2026 14:09:11.702] [Render thread/INFO] [net.minecraft.client.gui.components.ChatComponent/]: [System] [CHAT] [@: Summoned new Minecart with TNT]
[10May2026 14:09:11.741] [Server thread/INFO] [net.minecraft.server.MinecraftServer/]: [@: Summoned new Minecart with TNT]
[10May2026 14:09:11.748] [Render thread/INFO] [net.minecraft.client.gui.components.ChatComponent/]: [System] [CHAT] [@: Summoned new Minecart with TNT]
[10May2026 14:09:11.790] [Server thread/INFO] [net.minecraft.server.MinecraftServer/]: [@: Summoned new Minecart with TNT]
[10May2026 14:09:11.797] [Render thread/INFO] [net.minecraft.client.gui.components.ChatComponent/]: [System] [CHAT] [@: Summoned new Minecart with TNT]
[10May2026 14:09:11.840] [Server thread/INFO] [net.minecraft.server.MinecraftServer/]: [@: Summoned new Minecart with TNT]
[10May2026 14:09:11.848] [Render thread/INFO] [net.minecraft.client.gui.components.ChatComponent/]: [System] [CHAT] [@: Summoned new Minecart with TNT]
[10May2026 14:09:11.890] [Server thread/INFO] [net.minecraft.server.MinecraftServer/]: [@: Summoned new Minecart with TNT]
[10May2026 14:09:11.897] [Render thread/INFO] [net.minecraft.client.gui.components.ChatComponent/]: [System] [CHAT] [@: Summoned new Minecart with TNT]
[10May2026 14:09:11.940] [Server thread/INFO] [net.minecraft.server.MinecraftServer/]: [@: Summoned new Minecart with TNT]
[10May2026 14:09:11.952] [Render thread/INFO] [net.minecraft.client.gui.components.ChatComponent/]: [System] [CHAT] [@: Summoned new Minecart with TNT]
[10May2026 14:09:11.992] [Server thread/INFO] [net.minecraft.server.MinecraftServer/]: [@: Summoned new Minecart with TNT]
[10May2026 14:09:11.995] [Render thread/INFO] [net.minecraft.client.gui.components.ChatComponent/]: [System] [CHAT] [@: Summoned new Minecart with TNT]
[10May2026 14:09:12.040] [Server thread/INFO] [net.minecraft.server.MinecraftServer/]: [@: Summoned new Minecart with TNT]
[10May2026 14:09:12.045] [Render thread/INFO] [net.minecraft.client.gui.components.ChatComponent/]: [System] [CHAT] [@: Summoned new Minecart with TNT]
[10May2026 14:09:12.091] [Server thread/INFO] [net.minecraft.server.MinecraftServer/]: [@: Summoned new Minecart with TNT]
[10May2026 14:09:12.097] [Render thread/INFO] [net.minecraft.client.gui.components.ChatComponent/]: [System] [CHAT] [@: Summoned new Minecart with TNT]
[10May2026 14:09:12.140] [Server thread/INFO] [net.minecraft.server.MinecraftServer/]: [@: Summoned new Minecart with TNT]
[10May2026 14:09:12.158] [Render thread/INFO] [net.minecraft.client.gui.components.ChatComponent/]: [System] [CHAT] [@: Summoned new Minecart with TNT]
[10May2026 14:09:12.190] [Server thread/INFO] [net.minecraft.server.MinecraftServer/]: [@: Summoned new Minecart with TNT]
[10May2026 14:09:12.199] [Render thread/INFO] [net.minecraft.client.gui.components.ChatComponent/]: [System] [CHAT] [@: Summoned new Minecart with TNT]
[10May2026 14:09:12.240] [Server thread/INFO] [net.minecraft.server.MinecraftServer/]: [@: Summoned new Minecart with TNT]
[10May2026 14:09:12.250] [Render thread/INFO] [net.minecraft.client.gui.components.ChatComponent/]: [System] [CHAT] [@: Summoned new Minecart with TNT]
[10May2026 14:09:12.292] [Server thread/INFO] [net.minecraft.server.MinecraftServer/]: [@: Summoned new Minecart with TNT]
[10May2026 14:09:12.312] [Render thread/INFO] [net.minecraft.client.gui.components.ChatComponent/]: [System] [CHAT] [@: Summoned new Minecart with TNT]
[10May2026 14:09:12.340] [Server thread/INFO] [net.minecraft.server.MinecraftServer/]: [@: Summoned new Minecart with TNT]
[10May2026 14:09:12.351] [Render thread/INFO] [net.minecraft.client.gui.components.ChatComponent/]: [System] [CHAT] [@: Summoned new Minecart with TNT]
[10May2026 14:09:12.390] [Server thread/INFO] [net.minecraft.server.MinecraftServer/]: [@: Summoned new Minecart with TNT]
[10May2026 14:09:12.396] [Render thread/INFO] [net.minecraft.client.gui.components.ChatComponent/]: [System] [CHAT] [@: Summoned new Minecart with TNT]
[10May2026 14:09:12.442] [Server thread/INFO] [net.minecraft.server.MinecraftServer/]: [@: Summoned new Minecart with TNT]
[10May2026 14:09:12.452] [Render thread/INFO] [net.minecraft.client.gui.components.ChatComponent/]: [System] [CHAT] [@: Summoned new Minecart with TNT]
[10May2026 14:09:12.490] [Server thread/INFO] [net.minecraft.server.MinecraftServer/]: [@: Summoned new Minecart with TNT]
[10May2026 14:09:12.514] [Render thread/INFO] [net.minecraft.client.gui.components.ChatComponent/]: [System] [CHAT] [@: Summoned new Minecart with TNT]
[10May2026 14:09:12.540] [Server thread/INFO] [net.minecraft.server.MinecraftServer/]: [@: Summoned new Minecart with TNT]
[10May2026 14:09:12.550] [Render thread/INFO] [net.minecraft.client.gui.components.ChatComponent/]: [System] [CHAT] [@: Summoned new Minecart with TNT]
[10May2026 14:09:12.590] [Server thread/INFO] [net.minecraft.server.MinecraftServer/]: [@: Summoned new Minecart with TNT]
[10May2026 14:09:12.596] [Render thread/INFO] [net.minecraft.client.gui.components.ChatComponent/]: [System] [CHAT] [@: Summoned new Minecart with TNT]
[10May2026 14:09:12.640] [Server thread/INFO] [net.minecraft.server.MinecraftServer/]: [@: Summoned new Minecart with TNT]
[10May2026 14:09:12.648] [Render thread/INFO] [net.minecraft.client.gui.components.ChatComponent/]: [System] [CHAT] [@: Summoned new Minecart with TNT]
[10May2026 14:09:12.690] [Server thread/INFO] [net.minecraft.server.MinecraftServer/]: [@: Summoned new Minecart with TNT]
[10May2026 14:09:12.699] [Render thread/INFO] [net.minecraft.client.gui.components.ChatComponent/]: [System] [CHAT] [@: Summoned new Minecart with TNT]
[10May2026 14:09:12.741] [Server thread/INFO] [net.minecraft.server.MinecraftServer/]: [@: Summoned new Minecart with TNT]
[10May2026 14:09:12.748] [Render thread/INFO] [net.minecraft.client.gui.components.ChatComponent/]: [System] [CHAT] [@: Summoned new Minecart with TNT]
[10May2026 14:09:12.792] [Server thread/INFO] [net.minecraft.server.MinecraftServer/]: [@: Summoned new Minecart with TNT]
[10May2026 14:09:12.797] [Render thread/INFO] [net.minecraft.client.gui.components.ChatComponent/]: [System] [CHAT] [@: Summoned new Minecart with TNT]
[10May2026 14:09:12.840] [Server thread/INFO] [net.minecraft.server.MinecraftServer/]: [@: Summoned new Minecart with TNT]
[10May2026 14:09:12.841] [Render thread/INFO] [net.minecraft.client.gui.components.ChatComponent/]: [System] [CHAT] [@: Summoned new Minecart with TNT]
[10May2026 14:09:12.890] [Server thread/INFO] [net.minecraft.server.MinecraftServer/]: [@: Summoned new Minecart with TNT]
[10May2026 14:09:12.897] [Render thread/INFO] [net.minecraft.client.gui.components.ChatComponent/]: [System] [CHAT] [@: Summoned new Minecart with TNT]
[10May2026 14:09:12.940] [Server thread/INFO] [net.minecraft.server.MinecraftServer/]: [@: Summoned new Minecart with TNT]
[10May2026 14:09:12.947] [Render thread/INFO] [net.minecraft.client.gui.components.ChatComponent/]: [System] [CHAT] [@: Summoned new Minecart with TNT]
[10May2026 14:09:12.991] [Server thread/INFO] [net.minecraft.server.MinecraftServer/]: [@: Summoned new Minecart with TNT]
[10May2026 14:09:12.997] [Render thread/INFO] [net.minecraft.client.gui.components.ChatComponent/]: [System] [CHAT] [@: Summoned new Minecart with TNT]
[10May2026 14:09:13.040] [Server thread/INFO] [net.minecraft.server.MinecraftServer/]: [@: Summoned new Minecart with TNT]
[10May2026 14:09:13.052] [Render thread/INFO] [net.minecraft.client.gui.components.ChatComponent/]: [System] [CHAT] [@: Summoned new Minecart with TNT]
[10May2026 14:09:13.090] [Server thread/INFO] [net.minecraft.server.MinecraftServer/]: [@: Summoned new Minecart with TNT]
[10May2026 14:09:13.099] [Render thread/INFO] [net.minecraft.client.gui.components.ChatComponent/]: [System] [CHAT] [@: Summoned new Minecart with TNT]
[10May2026 14:09:13.140] [Server thread/INFO] [net.minecraft.server.MinecraftServer/]: [@: Summoned new Minecart with TNT]
[10May2026 14:09:13.146] [Render thread/INFO] [net.minecraft.client.gui.components.ChatComponent/]: [System] [CHAT] [@: Summoned new Minecart with TNT]
[10May2026 14:09:13.192] [Server thread/INFO] [net.minecraft.server.MinecraftServer/]: [@: Summoned new Minecart with TNT]
[10May2026 14:09:13.196] [Render thread/INFO] [net.minecraft.client.gui.components.ChatComponent/]: [System] [CHAT] [@: Summoned new Minecart with TNT]
[10May2026 14:09:13.240] [Server thread/INFO] [net.minecraft.server.MinecraftServer/]: [@: Summoned new Minecart with TNT]
[10May2026 14:09:13.246] [Render thread/INFO] [net.minecraft.client.gui.components.ChatComponent/]: [System] [CHAT] [@: Summoned new Minecart with TNT]
[10May2026 14:09:13.290] [Server thread/INFO] [net.minecraft.server.MinecraftServer/]: [@: Summoned new Minecart with TNT]
[10May2026 14:09:13.297] [Render thread/INFO] [net.minecraft.client.gui.components.ChatComponent/]: [System] [CHAT] [@: Summoned new Minecart with TNT]
[10May2026 14:09:13.342] [Server thread/INFO] [net.minecraft.server.MinecraftServer/]: [@: Summoned new Minecart with TNT]
[10May2026 14:09:13.347] [Render thread/INFO] [net.minecraft.client.gui.components.ChatComponent/]: [System] [CHAT] [@: Summoned new Minecart with TNT]
[10May2026 14:09:13.389] [Server thread/INFO] [net.minecraft.server.MinecraftServer/]: [@: Summoned new Minecart with TNT]
[10May2026 14:09:13.394] [Render thread/INFO] [net.minecraft.client.gui.components.ChatComponent/]: [System] [CHAT] [@: Summoned new Minecart with TNT]
[10May2026 14:09:13.440] [Server thread/INFO] [net.minecraft.server.MinecraftServer/]: [@: Summoned new Minecart with TNT]
[10May2026 14:09:13.450] [Render thread/INFO] [net.minecraft.client.gui.components.ChatComponent/]: [System] [CHAT] [@: Summoned new Minecart with TNT]
[10May2026 14:09:13.491] [Server thread/INFO] [net.minecraft.server.MinecraftServer/]: [@: Summoned new Minecart with TNT]
[10May2026 14:09:13.514] [Render thread/INFO] [net.minecraft.client.gui.components.ChatComponent/]: [System] [CHAT] [@: Summoned new Minecart with TNT]
[10May2026 14:09:13.542] [Server thread/INFO] [net.minecraft.server.MinecraftServer/]: [@: Summoned new Minecart with TNT]
[10May2026 14:09:13.546] [Render thread/INFO] [net.minecraft.client.gui.components.ChatComponent/]: [System] [CHAT] [@: Summoned new Minecart with TNT]
[10May2026 14:09:13.592] [Server thread/INFO] [net.minecraft.server.MinecraftServer/]: [@: Summoned new Minecart with TNT]
[10May2026 14:09:13.599] [Render thread/INFO] [net.minecraft.client.gui.components.ChatComponent/]: [System] [CHAT] [@: Summoned new Minecart with TNT]
[10May2026 14:09:13.640] [Server thread/INFO] [net.minecraft.server.MinecraftServer/]: [@: Summoned new Minecart with TNT]
[10May2026 14:09:13.641] [Render thread/INFO] [net.minecraft.client.gui.components.ChatComponent/]: [System] [CHAT] [@: Summoned new Minecart with TNT]
[10May2026 14:09:13.690] [Server thread/INFO] [net.minecraft.server.MinecraftServer/]: [@: Summoned new Minecart with TNT]
[10May2026 14:09:13.698] [Render thread/INFO] [net.minecraft.client.gui.components.ChatComponent/]: [System] [CHAT] [@: Summoned new Minecart with TNT]
[10May2026 14:09:13.741] [Server thread/INFO] [net.minecraft.server.MinecraftServer/]: [@: Summoned new Minecart with TNT]
[10May2026 14:09:13.742] [Render thread/INFO] [net.minecraft.client.gui.components.ChatComponent/]: [System] [CHAT] [@: Summoned new Minecart with TNT]
[10May2026 14:09:13.790] [Server thread/INFO] [net.minecraft.server.MinecraftServer/]: [@: Summoned new Minecart with TNT]
[10May2026 14:09:13.806] [Render thread/INFO] [net.minecraft.client.gui.components.ChatComponent/]: [System] [CHAT] [@: Summoned new Minecart with TNT]
[10May2026 14:09:13.841] [Server thread/INFO] [net.minecraft.server.MinecraftServer/]: [@: Summoned new Minecart with TNT]
[10May2026 14:09:13.846] [Render thread/INFO] [net.minecraft.client.gui.components.ChatComponent/]: [System] [CHAT] [@: Summoned new Minecart with TNT]
[10May2026 14:09:13.890] [Server thread/INFO] [net.minecraft.server.MinecraftServer/]: [@: Summoned new Minecart with TNT]
[10May2026 14:09:13.898] [Render thread/INFO] [net.minecraft.client.gui.components.ChatComponent/]: [System] [CHAT] [@: Summoned new Minecart with TNT]
[10May2026 14:09:13.940] [Server thread/INFO] [net.minecraft.server.MinecraftServer/]: [@: Summoned new Minecart with TNT]
[10May2026 14:09:13.948] [Render thread/INFO] [net.minecraft.client.gui.components.ChatComponent/]: [System] [CHAT] [@: Summoned new Minecart with TNT]
[10May2026 14:09:13.990] [Server thread/INFO] [net.minecraft.server.MinecraftServer/]: [@: Summoned new Minecart with TNT]
[10May2026 14:09:14.005] [Render thread/INFO] [net.minecraft.client.gui.components.ChatComponent/]: [System] [CHAT] [@: Summoned new Minecart with TNT]
[10May2026 14:09:14.040] [Server thread/INFO] [net.minecraft.server.MinecraftServer/]: [@: Summoned new Minecart with TNT]
[10May2026 14:09:14.048] [Render thread/INFO] [net.minecraft.client.gui.components.ChatComponent/]: [System] [CHAT] [@: Summoned new Minecart with TNT]
[10May2026 14:09:14.092] [Server thread/INFO] [net.minecraft.server.MinecraftServer/]: [@: Summoned new Minecart with TNT]
[10May2026 14:09:14.098] [Render thread/INFO] [net.minecraft.client.gui.components.ChatComponent/]: [System] [CHAT] [@: Summoned new Minecart with TNT]
[10May2026 14:09:14.140] [Server thread/INFO] [net.minecraft.server.MinecraftServer/]: [@: Summoned new Minecart with TNT]
[10May2026 14:09:14.146] [Render thread/INFO] [net.minecraft.client.gui.components.ChatComponent/]: [System] [CHAT] [@: Summoned new Minecart with TNT]
[10May2026 14:09:14.190] [Server thread/INFO] [net.minecraft.server.MinecraftServer/]: [@: Summoned new Minecart with TNT]
[10May2026 14:09:14.204] [Render thread/INFO] [net.minecraft.client.gui.components.ChatComponent/]: [System] [CHAT] [@: Summoned new Minecart with TNT]
[10May2026 14:09:14.241] [Server thread/INFO] [net.minecraft.server.MinecraftServer/]: [@: Summoned new Minecart with TNT]
[10May2026 14:09:14.249] [Render thread/INFO] [net.minecraft.client.gui.components.ChatComponent/]: [System] [CHAT] [@: Summoned new Minecart with TNT]
[10May2026 14:09:14.290] [Server thread/INFO] [net.minecraft.server.MinecraftServer/]: [@: Summoned new Minecart with TNT]
[10May2026 14:09:14.296] [Render thread/INFO] [net.minecraft.client.gui.components.ChatComponent/]: [System] [CHAT] [@: Summoned new Minecart with TNT]
[10May2026 14:09:14.340] [Server thread/INFO] [net.minecraft.server.MinecraftServer/]: [@: Summoned new Minecart with TNT]
[10May2026 14:09:14.345] [Render thread/INFO] [net.minecraft.client.gui.components.ChatComponent/]: [System] [CHAT] [@: Summoned new Minecart with TNT]
[10May2026 14:09:14.390] [Server thread/INFO] [net.minecraft.server.MinecraftServer/]: [@: Summoned new Minecart with TNT]
[10May2026 14:09:14.396] [Render thread/INFO] [net.minecraft.client.gui.components.ChatComponent/]: [System] [CHAT] [@: Summoned new Minecart with TNT]
[10May2026 14:09:14.441] [Server thread/INFO] [net.minecraft.server.MinecraftServer/]: [@: Summoned new Minecart with TNT]
[10May2026 14:09:14.446] [Render thread/INFO] [net.minecraft.client.gui.components.ChatComponent/]: [System] [CHAT] [@: Summoned new Minecart with TNT]
[10May2026 14:09:14.490] [Server thread/INFO] [net.minecraft.server.MinecraftServer/]: [@: Summoned new Minecart with TNT]
[10May2026 14:09:14.497] [Render thread/INFO] [net.minecraft.client.gui.components.ChatComponent/]: [System] [CHAT] [@: Summoned new Minecart with TNT]
[10May2026 14:09:14.540] [Server thread/INFO] [net.minecraft.server.MinecraftServer/]: [@: Summoned new Minecart with TNT]
[10May2026 14:09:14.543] [Render thread/INFO] [net.minecraft.client.gui.components.ChatComponent/]: [System] [CHAT] [@: Summoned new Minecart with TNT]
[10May2026 14:09:14.590] [Server thread/INFO] [net.minecraft.server.MinecraftServer/]: [@: Summoned new Minecart with TNT]
[10May2026 14:09:14.599] [Render thread/INFO] [net.minecraft.client.gui.components.ChatComponent/]: [System] [CHAT] [@: Summoned new Minecart with TNT]
[10May2026 14:09:14.640] [Server thread/INFO] [net.minecraft.server.MinecraftServer/]: [@: Summoned new Minecart with TNT]
[10May2026 14:09:14.659] [Render thread/INFO] [net.minecraft.client.gui.components.ChatComponent/]: [System] [CHAT] [@: Summoned new Minecart with TNT]
[10May2026 14:09:14.692] [Server thread/INFO] [net.minecraft.server.MinecraftServer/]: [@: Summoned new Minecart with TNT]
[10May2026 14:09:14.697] [Render thread/INFO] [net.minecraft.client.gui.components.ChatComponent/]: [System] [CHAT] [@: Summoned new Minecart with TNT]
[10May2026 14:09:14.740] [Server thread/INFO] [net.minecraft.server.MinecraftServer/]: [@: Summoned new Minecart with TNT]
[10May2026 14:09:14.746] [Render thread/INFO] [net.minecraft.client.gui.components.ChatComponent/]: [System] [CHAT] [@: Summoned new Minecart with TNT]
[10May2026 14:09:14.790] [Server thread/INFO] [net.minecraft.server.MinecraftServer/]: [@: Summoned new Minecart with TNT]
[10May2026 14:09:14.798] [Render thread/INFO] [net.minecraft.client.gui.components.ChatComponent/]: [System] [CHAT] [@: Summoned new Minecart with TNT]
[10May2026 14:09:14.840] [Server thread/INFO] [net.minecraft.server.MinecraftServer/]: [@: Summoned new Minecart with TNT]
[10May2026 14:09:14.846] [Render thread/INFO] [net.minecraft.client.gui.components.ChatComponent/]: [System] [CHAT] [@: Summoned new Minecart with TNT]
[10May2026 14:09:14.891] [Server thread/INFO] [net.minecraft.server.MinecraftServer/]: [@: Summoned new Minecart with TNT]
[10May2026 14:09:14.911] [Render thread/INFO] [net.minecraft.client.gui.components.ChatComponent/]: [System] [CHAT] [@: Summoned new Minecart with TNT]
[10May2026 14:09:14.942] [Server thread/INFO] [net.minecraft.server.MinecraftServer/]: [@: Summoned new Minecart with TNT]
[10May2026 14:09:14.954] [Render thread/INFO] [net.minecraft.client.gui.components.ChatComponent/]: [System] [CHAT] [@: Summoned new Minecart with TNT]
[10May2026 14:09:14.996] [Server thread/INFO] [net.minecraft.server.MinecraftServer/]: [@: Summoned new Minecart with TNT]
[10May2026 14:09:14.999] [Render thread/INFO] [net.minecraft.client.gui.components.ChatComponent/]: [System] [CHAT] [@: Summoned new Minecart with TNT]
[10May2026 14:09:15.040] [Server thread/INFO] [net.minecraft.server.MinecraftServer/]: [@: Summoned new Minecart with TNT]
[10May2026 14:09:15.061] [Render thread/INFO] [net.minecraft.client.gui.components.ChatComponent/]: [System] [CHAT] [@: Summoned new Minecart with TNT]
[10May2026 14:09:15.090] [Server thread/INFO] [net.minecraft.server.MinecraftServer/]: [@: Summoned new Minecart with TNT]
[10May2026 14:09:15.096] [Render thread/INFO] [net.minecraft.client.gui.components.ChatComponent/]: [System] [CHAT] [@: Summoned new Minecart with TNT]
[10May2026 14:09:15.141] [Server thread/INFO] [net.minecraft.server.MinecraftServer/]: [@: Summoned new Minecart with TNT]
[10May2026 14:09:15.150] [Render thread/INFO] [net.minecraft.client.gui.components.ChatComponent/]: [System] [CHAT] [@: Summoned new Minecart with TNT]
[10May2026 14:09:15.192] [Server thread/INFO] [net.minecraft.server.MinecraftServer/]: [@: Summoned new Minecart with TNT]
[10May2026 14:09:15.205] [Render thread/INFO] [net.minecraft.client.gui.components.ChatComponent/]: [System] [CHAT] [@: Summoned new Minecart with TNT]
[10May2026 14:09:15.242] [Server thread/INFO] [net.minecraft.server.MinecraftServer/]: [@: Summoned new Minecart with TNT]
[10May2026 14:09:15.246] [Render thread/INFO] [net.minecraft.client.gui.components.ChatComponent/]: [System] [CHAT] [@: Summoned new Minecart with TNT]
[10May2026 14:09:15.290] [Server thread/INFO] [net.minecraft.server.MinecraftServer/]: [@: Summoned new Minecart with TNT]
[10May2026 14:09:15.297] [Render thread/INFO] [net.minecraft.client.gui.components.ChatComponent/]: [System] [CHAT] [@: Summoned new Minecart with TNT]
[10May2026 14:09:15.340] [Server thread/INFO] [net.minecraft.server.MinecraftServer/]: [@: Summoned new Minecart with TNT]
[10May2026 14:09:15.346] [Render thread/INFO] [net.minecraft.client.gui.components.ChatComponent/]: [System] [CHAT] [@: Summoned new Minecart with TNT]
[10May2026 14:09:15.390] [Server thread/INFO] [net.minecraft.server.MinecraftServer/]: [@: Summoned new Minecart with TNT]
[10May2026 14:09:15.399] [Render thread/INFO] [net.minecraft.client.gui.components.ChatComponent/]: [System] [CHAT] [@: Summoned new Minecart with TNT]
[10May2026 14:09:15.440] [Server thread/INFO] [net.minecraft.server.MinecraftServer/]: [@: Summoned new Minecart with TNT]
[10May2026 14:09:15.448] [Render thread/INFO] [net.minecraft.client.gui.components.ChatComponent/]: [System] [CHAT] [@: Summoned new Minecart with TNT]
[10May2026 14:09:15.490] [Server thread/INFO] [net.minecraft.server.MinecraftServer/]: [@: Summoned new Minecart with TNT]
[10May2026 14:09:15.497] [Render thread/INFO] [net.minecraft.client.gui.components.ChatComponent/]: [System] [CHAT] [@: Summoned new Minecart with TNT]
[10May2026 14:09:15.540] [Server thread/INFO] [net.minecraft.server.MinecraftServer/]: [@: Summoned new Minecart with TNT]
[10May2026 14:09:15.547] [Render thread/INFO] [net.minecraft.client.gui.components.ChatComponent/]: [System] [CHAT] [@: Summoned new Minecart with TNT]
[10May2026 14:09:15.591] [Server thread/INFO] [net.minecraft.server.MinecraftServer/]: [@: Summoned new Minecart with TNT]
[10May2026 14:09:15.597] [Render thread/INFO] [net.minecraft.client.gui.components.ChatComponent/]: [System] [CHAT] [@: Summoned new Minecart with TNT]
[10May2026 14:09:15.640] [Server thread/INFO] [net.minecraft.server.MinecraftServer/]: [@: Summoned new Minecart with TNT]
[10May2026 14:09:15.660] [Render thread/INFO] [net.minecraft.client.gui.components.ChatComponent/]: [System] [CHAT] [@: Summoned new Minecart with TNT]
[10May2026 14:09:15.690] [Server thread/INFO] [net.minecraft.server.MinecraftServer/]: [@: Summoned new Minecart with TNT]
[10May2026 14:09:15.698] [Render thread/INFO] [net.minecraft.client.gui.components.ChatComponent/]: [System] [CHAT] [@: Summoned new Minecart with TNT]
[10May2026 14:09:15.741] [Server thread/INFO] [net.minecraft.server.MinecraftServer/]: [@: Summoned new Minecart with TNT]
[10May2026 14:09:15.748] [Render thread/INFO] [net.minecraft.client.gui.components.ChatComponent/]: [System] [CHAT] [@: Summoned new Minecart with TNT]
[10May2026 14:09:15.791] [Server thread/INFO] [net.minecraft.server.MinecraftServer/]: [@: Summoned new Minecart with TNT]
[10May2026 14:09:15.798] [Render thread/INFO] [net.minecraft.client.gui.components.ChatComponent/]: [System] [CHAT] [@: Summoned new Minecart with TNT]
[10May2026 14:09:15.840] [Server thread/INFO] [net.minecraft.server.MinecraftServer/]: [@: Summoned new Minecart with TNT]
[10May2026 14:09:15.860] [Render thread/INFO] [net.minecraft.client.gui.components.ChatComponent/]: [System] [CHAT] [@: Summoned new Minecart with TNT]
[10May2026 14:09:15.890] [Server thread/INFO] [net.minecraft.server.MinecraftServer/]: [@: Summoned new Minecart with TNT]
[10May2026 14:09:15.901] [Render thread/INFO] [net.minecraft.client.gui.components.ChatComponent/]: [System] [CHAT] [@: Summoned new Minecart with TNT]
[10May2026 14:09:15.942] [Server thread/INFO] [net.minecraft.server.MinecraftServer/]: [@: Summoned new Minecart with TNT]
[10May2026 14:09:15.950] [Render thread/INFO] [net.minecraft.client.gui.components.ChatComponent/]: [System] [CHAT] [@: Summoned new Minecart with TNT]
[10May2026 14:09:15.991] [Server thread/INFO] [net.minecraft.server.MinecraftServer/]: [@: Summoned new Minecart with TNT]
[10May2026 14:09:15.999] [Render thread/INFO] [net.minecraft.client.gui.components.ChatComponent/]: [System] [CHAT] [@: Summoned new Minecart with TNT]
[10May2026 14:09:16.040] [Server thread/INFO] [net.minecraft.server.MinecraftServer/]: [@: Summoned new Minecart with TNT]
[10May2026 14:09:16.054] [Render thread/INFO] [net.minecraft.client.gui.components.ChatComponent/]: [System] [CHAT] [@: Summoned new Minecart with TNT]
[10May2026 14:09:16.094] [Server thread/INFO] [net.minecraft.server.MinecraftServer/]: [@: Summoned new Minecart with TNT]
[10May2026 14:09:16.099] [Render thread/INFO] [net.minecraft.client.gui.components.ChatComponent/]: [System] [CHAT] [@: Summoned new Minecart with TNT]
[10May2026 14:09:16.140] [Server thread/INFO] [net.minecraft.server.MinecraftServer/]: [@: Summoned new Minecart with TNT]
[10May2026 14:09:16.147] [Render thread/INFO] [net.minecraft.client.gui.components.ChatComponent/]: [System] [CHAT] [@: Summoned new Minecart with TNT]
[10May2026 14:09:16.191] [Server thread/INFO] [net.minecraft.server.MinecraftServer/]: [@: Summoned new Minecart with TNT]
[10May2026 14:09:16.205] [Render thread/INFO] [net.minecraft.client.gui.components.ChatComponent/]: [System] [CHAT] [@: Summoned new Minecart with TNT]
[10May2026 14:09:16.242] [Server thread/INFO] [net.minecraft.server.MinecraftServer/]: [@: Summoned new Minecart with TNT]
[10May2026 14:09:16.248] [Render thread/INFO] [net.minecraft.client.gui.components.ChatComponent/]: [System] [CHAT] [@: Summoned new Minecart with TNT]
[10May2026 14:09:16.291] [Server thread/INFO] [net.minecraft.server.MinecraftServer/]: [@: Summoned new Minecart with TNT]
[10May2026 14:09:16.306] [Render thread/INFO] [net.minecraft.client.gui.components.ChatComponent/]: [System] [CHAT] [@: Summoned new Minecart with TNT]
[10May2026 14:09:16.341] [Server thread/INFO] [net.minecraft.server.MinecraftServer/]: [@: Summoned new Minecart with TNT]
[10May2026 14:09:16.346] [Render thread/INFO] [net.minecraft.client.gui.components.ChatComponent/]: [System] [CHAT] [@: Summoned new Minecart with TNT]
[10May2026 14:09:16.391] [Server thread/INFO] [net.minecraft.server.MinecraftServer/]: [@: Summoned new Minecart with TNT]
[10May2026 14:09:16.414] [Render thread/INFO] [net.minecraft.client.gui.components.ChatComponent/]: [System] [CHAT] [@: Summoned new Minecart with TNT]
[10May2026 14:09:16.448] [Server thread/INFO] [net.minecraft.server.MinecraftServer/]: [@: Summoned new Minecart with TNT]
[10May2026 14:09:16.465] [Render thread/INFO] [net.minecraft.client.gui.components.ChatComponent/]: [System] [CHAT] [@: Summoned new Minecart with TNT]
[10May2026 14:09:16.502] [Server thread/INFO] [net.minecraft.server.MinecraftServer/]: [@: Summoned new Minecart with TNT]
[10May2026 14:09:16.516] [Render thread/INFO] [net.minecraft.client.gui.components.ChatComponent/]: [System] [CHAT] [@: Summoned new Minecart with TNT]
[10May2026 14:09:16.559] [Server thread/INFO] [net.minecraft.server.MinecraftServer/]: [@: Summoned new Minecart with TNT]
[10May2026 14:09:16.566] [Render thread/INFO] [net.minecraft.client.gui.components.ChatComponent/]: [System] [CHAT] [@: Summoned new Minecart with TNT]
[10May2026 14:09:16.599] [Server thread/INFO] [net.minecraft.server.MinecraftServer/]: [@: Summoned new Minecart with TNT]
[10May2026 14:09:16.614] [Render thread/INFO] [net.minecraft.client.gui.components.ChatComponent/]: [System] [CHAT] [@: Summoned new Minecart with TNT]
[10May2026 14:09:16.653] [Server thread/INFO] [net.minecraft.server.MinecraftServer/]: [@: Summoned new Minecart with TNT]
[10May2026 14:09:16.663] [Render thread/INFO] [net.minecraft.client.gui.components.ChatComponent/]: [System] [CHAT] [@: Summoned new Minecart with TNT]
[10May2026 14:09:16.700] [Server thread/INFO] [net.minecraft.server.MinecraftServer/]: [@: Summoned new Minecart with TNT]
[10May2026 14:09:16.705] [Render thread/INFO] [net.minecraft.client.gui.components.ChatComponent/]: [System] [CHAT] [@: Summoned new Minecart with TNT]
[10May2026 14:09:16.746] [Server thread/INFO] [net.minecraft.server.MinecraftServer/]: [@: Summoned new Minecart with TNT]
[10May2026 14:09:16.752] [Render thread/INFO] [net.minecraft.client.gui.components.ChatComponent/]: [System] [CHAT] [@: Summoned new Minecart with TNT]
[10May2026 14:09:16.792] [Server thread/INFO] [net.minecraft.server.MinecraftServer/]: [@: Summoned new Minecart with TNT]
[10May2026 14:09:16.797] [Render thread/INFO] [net.minecraft.client.gui.components.ChatComponent/]: [System] [CHAT] [@: Summoned new Minecart with TNT]
[10May2026 14:09:16.841] [Server thread/INFO] [net.minecraft.server.MinecraftServer/]: [@: Summoned new Minecart with TNT]
[10May2026 14:09:16.864] [Render thread/INFO] [net.minecraft.client.gui.components.ChatComponent/]: [System] [CHAT] [@: Summoned new Minecart with TNT]
[10May2026 14:09:21.390] [Server thread/INFO] [net.minecraft.server.MinecraftServer/]: [@: Summoned new Minecart with TNT]
[10May2026 14:09:21.399] [Render thread/INFO] [net.minecraft.client.gui.components.ChatComponent/]: [System] [CHAT] [@: Summoned new Minecart with TNT]
[10May2026 14:09:21.444] [Server thread/INFO] [net.minecraft.server.MinecraftServer/]: [@: Summoned new Minecart with TNT]
[10May2026 14:09:21.445] [Render thread/INFO] [net.minecraft.client.gui.components.ChatComponent/]: [System] [CHAT] [@: Summoned new Minecart with TNT]
[10May2026 14:09:21.492] [Server thread/INFO] [net.minecraft.server.MinecraftServer/]: [@: Summoned new Minecart with TNT]
[10May2026 14:09:21.525] [Render thread/INFO] [net.minecraft.client.gui.components.ChatComponent/]: [System] [CHAT] [@: Summoned new Minecart with TNT]
[10May2026 14:09:21.580] [Server thread/INFO] [net.minecraft.server.MinecraftServer/]: [@: Summoned new Minecart with TNT]
[10May2026 14:09:21.600] [Render thread/INFO] [net.minecraft.client.gui.components.ChatComponent/]: [System] [CHAT] [@: Summoned new Minecart with TNT]
[10May2026 14:09:21.621] [Server thread/INFO] [net.minecraft.server.MinecraftServer/]: [@: Summoned new Minecart with TNT]
[10May2026 14:09:21.628] [Render thread/INFO] [net.minecraft.client.gui.components.ChatComponent/]: [System] [CHAT] [@: Summoned new Minecart with TNT]
[10May2026 14:09:21.650] [Server thread/INFO] [net.minecraft.server.MinecraftServer/]: [@: Summoned new Minecart with TNT]
[10May2026 14:09:21.663] [Render thread/INFO] [net.minecraft.client.gui.components.ChatComponent/]: [System] [CHAT] [@: Summoned new Minecart with TNT]
[10May2026 14:09:21.691] [Server thread/INFO] [net.minecraft.server.MinecraftServer/]: [@: Summoned new Minecart with TNT]
[10May2026 14:09:21.697] [Render thread/INFO] [net.minecraft.client.gui.components.ChatComponent/]: [System] [CHAT] [@: Summoned new Minecart with TNT]
[10May2026 14:09:21.745] [Server thread/INFO] [net.minecraft.server.MinecraftServer/]: [@: Summoned new Minecart with TNT]
[10May2026 14:09:21.763] [Render thread/INFO] [net.minecraft.client.gui.components.ChatComponent/]: [System] [CHAT] [@: Summoned new Minecart with TNT]
[10May2026 14:09:21.795] [Server thread/INFO] [net.minecraft.server.MinecraftServer/]: [@: Summoned new Minecart with TNT]
[10May2026 14:09:21.814] [Render thread/INFO] [net.minecraft.client.gui.components.ChatComponent/]: [System] [CHAT] [@: Summoned new Minecart with TNT]
[10May2026 14:09:21.853] [Server thread/INFO] [net.minecraft.server.MinecraftServer/]: [@: Summoned new Minecart with TNT]
[10May2026 14:09:21.864] [Render thread/INFO] [net.minecraft.client.gui.components.ChatComponent/]: [System] [CHAT] [@: Summoned new Minecart with TNT]
[10May2026 14:09:21.912] [Server thread/INFO] [net.minecraft.server.MinecraftServer/]: [@: Summoned new Minecart with TNT]
[10May2026 14:09:21.915] [Render thread/INFO] [net.minecraft.client.gui.components.ChatComponent/]: [System] [CHAT] [@: Summoned new Minecart with TNT]
[10May2026 14:09:21.967] [Server thread/INFO] [net.minecraft.server.MinecraftServer/]: [@: Summoned new Minecart with TNT]
[10May2026 14:09:21.980] [Render thread/INFO] [net.minecraft.client.gui.components.ChatComponent/]: [System] [CHAT] [@: Summoned new Minecart with TNT]
[10May2026 14:09:22.013] [Server thread/INFO] [net.minecraft.server.MinecraftServer/]: [@: Summoned new Minecart with TNT]
[10May2026 14:09:22.019] [Render thread/INFO] [net.minecraft.client.gui.components.ChatComponent/]: [System] [CHAT] [@: Summoned new Minecart with TNT]
[10May2026 14:09:22.062] [Server thread/INFO] [net.minecraft.server.MinecraftServer/]: [@: Summoned new Minecart with TNT]
[10May2026 14:09:22.063] [Render thread/INFO] [net.minecraft.client.gui.components.ChatComponent/]: [System] [CHAT] [@: Summoned new Minecart with TNT]
[10May2026 14:09:22.122] [Server thread/INFO] [net.minecraft.server.MinecraftServer/]: [@: Summoned new Minecart with TNT]
[10May2026 14:09:22.147] [Render thread/INFO] [net.minecraft.client.gui.components.ChatComponent/]: [System] [CHAT] [@: Summoned new Minecart with TNT]
[10May2026 14:09:22.180] [Server thread/INFO] [net.minecraft.server.MinecraftServer/]: [@: Summoned new Minecart with TNT]
[10May2026 14:09:22.198] [Render thread/INFO] [net.minecraft.client.gui.components.ChatComponent/]: [System] [CHAT] [@: Summoned new Minecart with TNT]
[10May2026 14:09:22.232] [Server thread/INFO] [net.minecraft.server.MinecraftServer/]: [@: Summoned new Minecart with TNT]
[10May2026 14:09:22.246] [Render thread/INFO] [net.minecraft.client.gui.components.ChatComponent/]: [System] [CHAT] [@: Summoned new Minecart with TNT]
[10May2026 14:09:22.283] [Server thread/INFO] [net.minecraft.server.MinecraftServer/]: [@: Summoned new Minecart with TNT]
[10May2026 14:09:22.284] [Render thread/INFO] [net.minecraft.client.gui.components.ChatComponent/]: [System] [CHAT] [@: Summoned new Minecart with TNT]
[10May2026 14:09:22.335] [Server thread/INFO] [net.minecraft.server.MinecraftServer/]: [@: Summoned new Minecart with TNT]
[10May2026 14:09:22.337] [Render thread/INFO] [net.minecraft.client.gui.components.ChatComponent/]: [System] [CHAT] [@: Summoned new Minecart with TNT]
[10May2026 14:09:22.384] [Server thread/INFO] [net.minecraft.server.MinecraftServer/]: [@: Summoned new Minecart with TNT]
[10May2026 14:09:22.417] [Render thread/INFO] [net.minecraft.client.gui.components.ChatComponent/]: [System] [CHAT] [@: Summoned new Minecart with TNT]
[10May2026 14:09:22.453] [Server thread/INFO] [net.minecraft.server.MinecraftServer/]: [@: Summoned new Minecart with TNT]
[10May2026 14:09:22.454] [Render thread/INFO] [net.minecraft.client.gui.components.ChatComponent/]: [System] [CHAT] [@: Summoned new Minecart with TNT]
[10May2026 14:09:30.807] [Server thread/WARN] [net.minecraft.server.MinecraftServer/]: Can't keep up! Is the server overloaded? Running 2118ms or 42 ticks behind
[10May2026 14:09:39.303] [Render thread/INFO] [net.minecraft.advancements.AdvancementList/]: Loaded 33 advancements
[10May2026 14:09:43.796] [Server thread/INFO] [net.minecraft.client.server.IntegratedServer/]: Saving and pausing game...
[10May2026 14:09:43.810] [Server thread/INFO] [net.minecraft.server.MinecraftServer/]: Saving chunks for level 'ServerLevel[New World]'/minecraft:overworld
[10May2026 14:09:43.865] [Server thread/INFO] [net.minecraft.server.MinecraftServer/]: Saving chunks for level 'ServerLevel[New World]'/minecraft:the_nether
[10May2026 14:09:43.869] [Server thread/INFO] [net.minecraft.server.MinecraftServer/]: Saving chunks for level 'ServerLevel[New World]'/minecraft:the_end
[10May2026 14:09:43.871] [Server thread/DEBUG] [net.minecraftforge.common.ForgeHooks/WP]: Gathering id map for writing to world save New World
[10May2026 14:09:43.876] [Server thread/DEBUG] [net.minecraftforge.common.ForgeHooks/WP]: ID Map collection complete New World
[10May2026 14:09:55.601] [Server thread/INFO] [net.minecraft.server.MinecraftServer/]: [Dev: Summoned new Zombie]
[10May2026 14:09:55.614] [Render thread/INFO] [net.minecraft.client.gui.components.ChatComponent/]: [System] [CHAT] Summoned new Zombie
[10May2026 14:10:19.516] [Server thread/INFO] [net.minecraft.server.MinecraftServer/]: [Dev: Gave 1 [Netherite Sword] to Dev]
[10May2026 14:10:19.517] [Render thread/INFO] [net.minecraft.client.gui.components.ChatComponent/]: [System] [CHAT] Gave 1 [Netherite Sword] to Dev
[10May2026 14:10:24.266] [Server thread/INFO] [net.minecraft.server.MinecraftServer/]: [Dev: Gave 1 [Netherite Sword] to Dev]
[10May2026 14:10:24.268] [Render thread/INFO] [net.minecraft.client.gui.components.ChatComponent/]: [System] [CHAT] Gave 1 [Netherite Sword] to Dev
[10May2026 14:10:26.667] [Server thread/INFO] [net.minecraft.server.MinecraftServer/]: [Dev: Summoned new Zombie]
[10May2026 14:10:26.672] [Render thread/INFO] [net.minecraft.client.gui.components.ChatComponent/]: [System] [CHAT] Summoned new Zombie
[10May2026 14:10:28.960] [Server thread/INFO] [net.minecraft.server.MinecraftServer/]: Dev has made the advancement [Monster Hunter]
[10May2026 14:10:28.975] [Render thread/INFO] [net.minecraft.client.gui.components.ChatComponent/]: [System] [CHAT] Dev has made the advancement [Monster Hunter]
[10May2026 14:10:29.043] [Render thread/INFO] [net.minecraft.advancements.AdvancementList/]: Loaded 64 advancements
[10May2026 14:10:31.240] [Server thread/INFO] [net.minecraft.client.server.IntegratedServer/]: Saving and pausing game...
[10May2026 14:10:31.260] [Server thread/INFO] [net.minecraft.server.MinecraftServer/]: Saving chunks for level 'ServerLevel[New World]'/minecraft:overworld
[10May2026 14:10:31.277] [Server thread/INFO] [net.minecraft.server.MinecraftServer/]: Saving chunks for level 'ServerLevel[New World]'/minecraft:the_nether
[10May2026 14:10:31.280] [Server thread/INFO] [net.minecraft.server.MinecraftServer/]: Saving chunks for level 'ServerLevel[New World]'/minecraft:the_end
[10May2026 14:10:31.286] [Server thread/DEBUG] [net.minecraftforge.common.ForgeHooks/WP]: Gathering id map for writing to world save New World
[10May2026 14:10:31.296] [Server thread/DEBUG] [net.minecraftforge.common.ForgeHooks/WP]: ID Map collection complete New World
[10May2026 14:10:34.650] [Server thread/INFO] [net.minecraft.server.network.ServerGamePacketListenerImpl/]: Dev lost connection: Disconnected
[10May2026 14:10:34.650] [Server thread/INFO] [net.minecraft.server.MinecraftServer/]: Dev left the game
[10May2026 14:10:34.663] [Server thread/INFO] [net.minecraft.server.network.ServerGamePacketListenerImpl/]: Stopping singleplayer server as player logged out
[10May2026 14:10:34.690] [Server thread/INFO] [net.minecraft.server.MinecraftServer/]: Stopping server
[10May2026 14:10:34.690] [Server thread/INFO] [net.minecraft.server.MinecraftServer/]: Saving players
[10May2026 14:10:34.690] [Server thread/INFO] [net.minecraft.server.MinecraftServer/]: Saving worlds
[10May2026 14:10:34.952] [Server thread/INFO] [net.minecraft.server.MinecraftServer/]: Saving chunks for level 'ServerLevel[New World]'/minecraft:overworld
[10May2026 14:10:35.756] [Server thread/INFO] [net.minecraft.server.MinecraftServer/]: Saving chunks for level 'ServerLevel[New World]'/minecraft:the_nether
[10May2026 14:10:35.758] [Server thread/INFO] [net.minecraft.server.MinecraftServer/]: Saving chunks for level 'ServerLevel[New World]'/minecraft:the_end
[10May2026 14:10:35.760] [Server thread/DEBUG] [net.minecraftforge.common.ForgeHooks/WP]: Gathering id map for writing to world save New World
[10May2026 14:10:35.767] [Server thread/DEBUG] [net.minecraftforge.common.ForgeHooks/WP]: ID Map collection complete New World
[10May2026 14:10:35.783] [Server thread/INFO] [net.minecraft.server.MinecraftServer/]: ThreadedAnvilChunkStorage (New World): All chunks are saved
[10May2026 14:10:35.783] [Server thread/INFO] [net.minecraft.server.MinecraftServer/]: ThreadedAnvilChunkStorage (DIM-1): All chunks are saved
[10May2026 14:10:35.783] [Server thread/INFO] [net.minecraft.server.MinecraftServer/]: ThreadedAnvilChunkStorage (DIM1): All chunks are saved
[10May2026 14:10:35.783] [Server thread/INFO] [net.minecraft.server.MinecraftServer/]: ThreadedAnvilChunkStorage: All dimensions are saved
[10May2026 14:10:35.809] [Server thread/DEBUG] [net.minecraftforge.registries.GameData/REGISTRIES]: Reverting to FROZEN data state.
[10May2026 14:10:35.810] [Server thread/DEBUG] [net.minecraftforge.registries.ForgeRegistry/REGISTRIES]: Registry minecraft:block Sync: ACTIVE -> FROZEN
[10May2026 14:10:35.815] [Server thread/DEBUG] [net.minecraftforge.registries.ForgeRegistry/REGISTRIES]: Registry minecraft:fluid Sync: ACTIVE -> FROZEN
[10May2026 14:10:35.815] [Server thread/DEBUG] [net.minecraftforge.registries.ForgeRegistry/REGISTRIES]: Registry minecraft:item Sync: ACTIVE -> FROZEN
[10May2026 14:10:35.820] [Server thread/DEBUG] [net.minecraftforge.registries.ForgeRegistry/REGISTRIES]: Registry minecraft:mob_effect Sync: ACTIVE -> FROZEN
[10May2026 14:10:35.820] [Server thread/DEBUG] [net.minecraftforge.registries.ForgeRegistry/REGISTRIES]: Registry minecraft:sound_event Sync: ACTIVE -> FROZEN
[10May2026 14:10:35.826] [Server thread/DEBUG] [net.minecraftforge.registries.ForgeRegistry/REGISTRIES]: Registry minecraft:potion Sync: ACTIVE -> FROZEN
[10May2026 14:10:35.826] [Server thread/DEBUG] [net.minecraftforge.registries.ForgeRegistry/REGISTRIES]: Registry minecraft:enchantment Sync: ACTIVE -> FROZEN
[10May2026 14:10:35.827] [Server thread/DEBUG] [net.minecraftforge.registries.ForgeRegistry/REGISTRIES]: Registry minecraft:entity_type Sync: ACTIVE -> FROZEN
[10May2026 14:10:35.827] [Server thread/DEBUG] [net.minecraftforge.registries.ForgeRegistry/REGISTRIES]: Registry minecraft:block_entity_type Sync: ACTIVE -> FROZEN
[10May2026 14:10:35.827] [Server thread/DEBUG] [net.minecraftforge.registries.ForgeRegistry/REGISTRIES]: Registry minecraft:particle_type Sync: ACTIVE -> FROZEN
[10May2026 14:10:35.828] [Server thread/DEBUG] [net.minecraftforge.registries.ForgeRegistry/REGISTRIES]: Registry minecraft:menu Sync: ACTIVE -> FROZEN
[10May2026 14:10:35.828] [Server thread/DEBUG] [net.minecraftforge.registries.ForgeRegistry/REGISTRIES]: Registry minecraft:painting_variant Sync: ACTIVE -> FROZEN
[10May2026 14:10:35.828] [Server thread/DEBUG] [net.minecraftforge.registries.ForgeRegistry/REGISTRIES]: Registry minecraft:recipe_type Sync: ACTIVE -> FROZEN
[10May2026 14:10:35.828] [Server thread/DEBUG] [net.minecraftforge.registries.ForgeRegistry/REGISTRIES]: Registry minecraft:recipe_serializer Sync: ACTIVE -> FROZEN
[10May2026 14:10:35.828] [Server thread/DEBUG] [net.minecraftforge.registries.ForgeRegistry/REGISTRIES]: Registry minecraft:attribute Sync: ACTIVE -> FROZEN
[10May2026 14:10:35.828] [Server thread/DEBUG] [net.minecraftforge.registries.ForgeRegistry/REGISTRIES]: Registry minecraft:stat_type Sync: ACTIVE -> FROZEN
[10May2026 14:10:35.828] [Server thread/DEBUG] [net.minecraftforge.registries.ForgeRegistry/REGISTRIES]: Registry minecraft:command_argument_type Sync: ACTIVE -> FROZEN
[10May2026 14:10:35.829] [Server thread/DEBUG] [net.minecraftforge.registries.ForgeRegistry/REGISTRIES]: Registry minecraft:villager_profession Sync: ACTIVE -> FROZEN
[10May2026 14:10:35.829] [Server thread/DEBUG] [net.minecraftforge.registries.ForgeRegistry/REGISTRIES]: Registry minecraft:point_of_interest_type Sync: ACTIVE -> FROZEN
[10May2026 14:10:35.831] [Server thread/DEBUG] [net.minecraftforge.registries.ForgeRegistry/REGISTRIES]: Registry minecraft:memory_module_type Sync: ACTIVE -> FROZEN
[10May2026 14:10:35.831] [Server thread/DEBUG] [net.minecraftforge.registries.ForgeRegistry/REGISTRIES]: Registry minecraft:sensor_type Sync: ACTIVE -> FROZEN
[10May2026 14:10:35.831] [Server thread/DEBUG] [net.minecraftforge.registries.ForgeRegistry/REGISTRIES]: Registry minecraft:schedule Sync: ACTIVE -> FROZEN
[10May2026 14:10:35.831] [Server thread/DEBUG] [net.minecraftforge.registries.ForgeRegistry/REGISTRIES]: Registry minecraft:activity Sync: ACTIVE -> FROZEN
[10May2026 14:10:35.832] [Server thread/DEBUG] [net.minecraftforge.registries.ForgeRegistry/REGISTRIES]: Registry minecraft:worldgen/carver Sync: ACTIVE -> FROZEN
[10May2026 14:10:35.832] [Server thread/DEBUG] [net.minecraftforge.registries.ForgeRegistry/REGISTRIES]: Registry minecraft:worldgen/feature Sync: ACTIVE -> FROZEN
[10May2026 14:10:35.832] [Server thread/DEBUG] [net.minecraftforge.registries.ForgeRegistry/REGISTRIES]: Registry minecraft:chunk_status Sync: ACTIVE -> FROZEN
[10May2026 14:10:35.832] [Server thread/DEBUG] [net.minecraftforge.registries.ForgeRegistry/REGISTRIES]: Registry minecraft:worldgen/block_state_provider_type Sync: ACTIVE -> FROZEN
[10May2026 14:10:35.832] [Server thread/DEBUG] [net.minecraftforge.registries.ForgeRegistry/REGISTRIES]: Registry minecraft:worldgen/foliage_placer_type Sync: ACTIVE -> FROZEN
[10May2026 14:10:35.832] [Server thread/DEBUG] [net.minecraftforge.registries.ForgeRegistry/REGISTRIES]: Registry minecraft:worldgen/tree_decorator_type Sync: ACTIVE -> FROZEN
[10May2026 14:10:35.832] [Server thread/DEBUG] [net.minecraftforge.registries.ForgeRegistry/REGISTRIES]: Registry minecraft:worldgen/biome Sync: ACTIVE -> FROZEN
[10May2026 14:10:35.832] [Server thread/DEBUG] [net.minecraftforge.registries.ForgeRegistry/REGISTRIES]: Registry forge:entity_data_serializers Sync: ACTIVE -> FROZEN
[10May2026 14:10:35.832] [Server thread/DEBUG] [net.minecraftforge.registries.ForgeRegistry/REGISTRIES]: Registry forge:global_loot_modifier_serializers Sync: ACTIVE -> FROZEN
[10May2026 14:10:35.832] [Server thread/DEBUG] [net.minecraftforge.registries.ForgeRegistry/REGISTRIES]: Registry forge:biome_modifier_serializers Sync: ACTIVE -> FROZEN
[10May2026 14:10:35.832] [Server thread/DEBUG] [net.minecraftforge.registries.ForgeRegistry/REGISTRIES]: Registry forge:fluid_type Sync: ACTIVE -> FROZEN
[10May2026 14:10:35.832] [Server thread/DEBUG] [net.minecraftforge.registries.ForgeRegistry/REGISTRIES]: Registry forge:structure_modifier_serializers Sync: ACTIVE -> FROZEN
[10May2026 14:10:35.832] [Server thread/DEBUG] [net.minecraftforge.registries.ForgeRegistry/REGISTRIES]: Registry forge:holder_set_type Sync: ACTIVE -> FROZEN
[10May2026 14:10:35.832] [Server thread/DEBUG] [net.minecraftforge.registries.ForgeRegistry/REGISTRIES]: Registry forge:display_contexts Sync: ACTIVE -> FROZEN
[10May2026 14:10:36.076] [Server thread/DEBUG] [net.minecraftforge.registries.ObjectHolderRegistry/REGISTRIES]: Applying holder lookups
[10May2026 14:10:36.077] [Server thread/DEBUG] [net.minecraftforge.registries.ObjectHolderRegistry/REGISTRIES]: Holder lookups applied
[10May2026 14:10:36.077] [Server thread/DEBUG] [net.minecraftforge.registries.GameData/REGISTRIES]: FROZEN state restored.
[10May2026 14:10:36.077] [Server thread/DEBUG] [net.minecraftforge.fml.config.ConfigTracker/CONFIG]: Unloading configs type SERVER
[10May2026 14:10:36.455] [Render thread/INFO] [net.minecraftforge.registries.GameData/REGISTRIES]: Injecting existing registry data into this CLIENT instance
[10May2026 14:10:36.482] [Render thread/DEBUG] [net.minecraftforge.registries.ForgeRegistry/REGISTRIES]: Registry minecraft:block Sync: ACTIVE -> STAGING
[10May2026 14:10:36.486] [Render thread/DEBUG] [net.minecraftforge.registries.ForgeRegistry/REGISTRIES]: Registry minecraft:fluid Sync: ACTIVE -> STAGING
[10May2026 14:10:36.486] [Render thread/DEBUG] [net.minecraftforge.registries.ForgeRegistry/REGISTRIES]: Registry minecraft:item Sync: ACTIVE -> STAGING
[10May2026 14:10:36.490] [Render thread/DEBUG] [net.minecraftforge.registries.ForgeRegistry/REGISTRIES]: Registry minecraft:mob_effect Sync: ACTIVE -> STAGING
[10May2026 14:10:36.491] [Render thread/DEBUG] [net.minecraftforge.registries.ForgeRegistry/REGISTRIES]: Registry minecraft:sound_event Sync: ACTIVE -> STAGING
[10May2026 14:10:36.495] [Render thread/DEBUG] [net.minecraftforge.registries.ForgeRegistry/REGISTRIES]: Registry minecraft:potion Sync: ACTIVE -> STAGING
[10May2026 14:10:36.495] [Render thread/DEBUG] [net.minecraftforge.registries.ForgeRegistry/REGISTRIES]: Registry minecraft:enchantment Sync: ACTIVE -> STAGING
[10May2026 14:10:36.496] [Render thread/DEBUG] [net.minecraftforge.registries.ForgeRegistry/REGISTRIES]: Registry minecraft:entity_type Sync: ACTIVE -> STAGING
[10May2026 14:10:36.496] [Render thread/DEBUG] [net.minecraftforge.registries.ForgeRegistry/REGISTRIES]: Registry minecraft:block_entity_type Sync: ACTIVE -> STAGING
[10May2026 14:10:36.496] [Render thread/DEBUG] [net.minecraftforge.registries.ForgeRegistry/REGISTRIES]: Registry minecraft:particle_type Sync: ACTIVE -> STAGING
[10May2026 14:10:36.497] [Render thread/DEBUG] [net.minecraftforge.registries.ForgeRegistry/REGISTRIES]: Registry minecraft:menu Sync: ACTIVE -> STAGING
[10May2026 14:10:36.497] [Render thread/DEBUG] [net.minecraftforge.registries.ForgeRegistry/REGISTRIES]: Registry minecraft:painting_variant Sync: ACTIVE -> STAGING
[10May2026 14:10:36.497] [Render thread/DEBUG] [net.minecraftforge.registries.ForgeRegistry/REGISTRIES]: Registry minecraft:recipe_type Sync: ACTIVE -> STAGING
[10May2026 14:10:36.497] [Render thread/DEBUG] [net.minecraftforge.registries.ForgeRegistry/REGISTRIES]: Registry minecraft:recipe_serializer Sync: ACTIVE -> STAGING
[10May2026 14:10:36.498] [Render thread/DEBUG] [net.minecraftforge.registries.ForgeRegistry/REGISTRIES]: Registry minecraft:attribute Sync: ACTIVE -> STAGING
[10May2026 14:10:36.498] [Render thread/DEBUG] [net.minecraftforge.registries.ForgeRegistry/REGISTRIES]: Registry minecraft:stat_type Sync: ACTIVE -> STAGING
[10May2026 14:10:36.498] [Render thread/DEBUG] [net.minecraftforge.registries.ForgeRegistry/REGISTRIES]: Registry minecraft:command_argument_type Sync: ACTIVE -> STAGING
[10May2026 14:10:36.498] [Render thread/DEBUG] [net.minecraftforge.registries.ForgeRegistry/REGISTRIES]: Registry minecraft:villager_profession Sync: ACTIVE -> STAGING
[10May2026 14:10:36.498] [Render thread/DEBUG] [net.minecraftforge.registries.ForgeRegistry/REGISTRIES]: Registry minecraft:point_of_interest_type Sync: ACTIVE -> STAGING
[10May2026 14:10:36.499] [Render thread/DEBUG] [net.minecraftforge.registries.ForgeRegistry/REGISTRIES]: Registry minecraft:memory_module_type Sync: ACTIVE -> STAGING
[10May2026 14:10:36.499] [Render thread/DEBUG] [net.minecraftforge.registries.ForgeRegistry/REGISTRIES]: Registry minecraft:sensor_type Sync: ACTIVE -> STAGING
[10May2026 14:10:36.499] [Render thread/DEBUG] [net.minecraftforge.registries.ForgeRegistry/REGISTRIES]: Registry minecraft:schedule Sync: ACTIVE -> STAGING
[10May2026 14:10:36.499] [Render thread/DEBUG] [net.minecraftforge.registries.ForgeRegistry/REGISTRIES]: Registry minecraft:activity Sync: ACTIVE -> STAGING
[10May2026 14:10:36.500] [Render thread/DEBUG] [net.minecraftforge.registries.ForgeRegistry/REGISTRIES]: Registry minecraft:worldgen/carver Sync: ACTIVE -> STAGING
[10May2026 14:10:36.500] [Render thread/DEBUG] [net.minecraftforge.registries.ForgeRegistry/REGISTRIES]: Registry minecraft:worldgen/feature Sync: ACTIVE -> STAGING
[10May2026 14:10:36.500] [Render thread/DEBUG] [net.minecraftforge.registries.ForgeRegistry/REGISTRIES]: Registry minecraft:chunk_status Sync: ACTIVE -> STAGING
[10May2026 14:10:36.500] [Render thread/DEBUG] [net.minecraftforge.registries.ForgeRegistry/REGISTRIES]: Registry minecraft:worldgen/block_state_provider_type Sync: ACTIVE -> STAGING
[10May2026 14:10:36.500] [Render thread/DEBUG] [net.minecraftforge.registries.ForgeRegistry/REGISTRIES]: Registry minecraft:worldgen/foliage_placer_type Sync: ACTIVE -> STAGING
[10May2026 14:10:36.500] [Render thread/DEBUG] [net.minecraftforge.registries.ForgeRegistry/REGISTRIES]: Registry minecraft:worldgen/tree_decorator_type Sync: ACTIVE -> STAGING
[10May2026 14:10:36.500] [Render thread/DEBUG] [net.minecraftforge.registries.ForgeRegistry/REGISTRIES]: Registry minecraft:worldgen/biome Sync: ACTIVE -> STAGING
[10May2026 14:10:36.500] [Render thread/DEBUG] [net.minecraftforge.registries.ForgeRegistry/REGISTRIES]: Registry forge:entity_data_serializers Sync: ACTIVE -> STAGING
[10May2026 14:10:36.500] [Render thread/DEBUG] [net.minecraftforge.registries.ForgeRegistry/REGISTRIES]: Registry forge:global_loot_modifier_serializers Sync: ACTIVE -> STAGING
[10May2026 14:10:36.500] [Render thread/DEBUG] [net.minecraftforge.registries.ForgeRegistry/REGISTRIES]: Registry forge:biome_modifier_serializers Sync: ACTIVE -> STAGING
[10May2026 14:10:36.500] [Render thread/DEBUG] [net.minecraftforge.registries.ForgeRegistry/REGISTRIES]: Registry forge:fluid_type Sync: ACTIVE -> STAGING
[10May2026 14:10:36.500] [Render thread/DEBUG] [net.minecraftforge.registries.ForgeRegistry/REGISTRIES]: Registry forge:structure_modifier_serializers Sync: ACTIVE -> STAGING
[10May2026 14:10:36.500] [Render thread/DEBUG] [net.minecraftforge.registries.ForgeRegistry/REGISTRIES]: Registry forge:holder_set_type Sync: ACTIVE -> STAGING
[10May2026 14:10:36.500] [Render thread/DEBUG] [net.minecraftforge.registries.ForgeRegistry/REGISTRIES]: Registry forge:display_contexts Sync: ACTIVE -> STAGING
[10May2026 14:10:36.734] [Render thread/DEBUG] [net.minecraftforge.registries.ObjectHolderRegistry/REGISTRIES]: Applying holder lookups
[10May2026 14:10:36.736] [Render thread/DEBUG] [net.minecraftforge.registries.ObjectHolderRegistry/REGISTRIES]: Holder lookups applied
[10May2026 14:10:36.741] [Render thread/DEBUG] [net.minecraftforge.server.ServerLifecycleHooks/CORE]: Generating PackInfo named mod:forge for mod file /
[10May2026 14:10:36.742] [Render thread/DEBUG] [net.minecraftforge.server.ServerLifecycleHooks/CORE]: Generating PackInfo named mod:time_machine for mod file C:\Users\sreng\time machine\build\resources\main
[10May2026 14:10:37.146] [Render thread/INFO] [net.minecraft.world.item.crafting.RecipeManager/]: Loaded 7 recipes
[10May2026 14:10:37.174] [Render thread/INFO] [net.minecraft.advancements.AdvancementList/]: Loaded 1271 advancements
[10May2026 14:10:37.458] [Render thread/DEBUG] [net.minecraftforge.common.ForgeHooks/WP]: Gathering id map for writing to world save New World
[10May2026 14:10:37.461] [Render thread/DEBUG] [net.minecraftforge.common.ForgeHooks/WP]: ID Map collection complete New World
[10May2026 14:10:37.477] [Server thread/INFO] [net.minecraft.client.server.IntegratedServer/]: Starting integrated minecraft server version 1.20.1
[10May2026 14:10:37.477] [Server thread/INFO] [net.minecraft.server.MinecraftServer/]: Generating keypair
[10May2026 14:10:37.507] [Server thread/DEBUG] [net.minecraftforge.fml.config.ConfigTracker/CONFIG]: Loading configs type SERVER
[10May2026 14:10:37.507] [Server thread/DEBUG] [net.minecraftforge.fml.config.ConfigFileTypeHandler/CONFIG]: Built TOML config for .\saves\New World\serverconfig\forge-server.toml
[10May2026 14:10:37.508] [Server thread/DEBUG] [net.minecraftforge.fml.config.ConfigFileTypeHandler/CONFIG]: Loaded TOML config file .\saves\New World\serverconfig\forge-server.toml
[10May2026 14:10:37.509] [Server thread/DEBUG] [net.minecraftforge.fml.config.ConfigFileTypeHandler/CONFIG]: Watching TOML config file .\saves\New World\serverconfig\forge-server.toml for changes
[10May2026 14:10:37.510] [Server thread/DEBUG] [net.minecraftforge.common.ForgeConfig/FORGEMOD]: Loaded forge config file forge-server.toml
[10May2026 14:10:37.514] [Thread-3/DEBUG] [net.minecraftforge.fml.config.ConfigFileTypeHandler/CONFIG]: Config file forge-server.toml changed, sending notifies
[10May2026 14:10:37.515] [Thread-3/DEBUG] [net.minecraftforge.common.ForgeConfig/FORGEMOD]: Forge config just got changed on the file system!
[10May2026 14:10:38.312] [Server thread/INFO] [net.minecraft.server.MinecraftServer/]: Preparing start region for dimension minecraft:overworld
[10May2026 14:10:39.481] [Render thread/INFO] [net.minecraft.server.level.progress.LoggerChunkProgressListener/]: Preparing spawn area: 0%
[10May2026 14:10:39.503] [Render thread/INFO] [net.minecraft.server.level.progress.LoggerChunkProgressListener/]: Preparing spawn area: 0%
[10May2026 14:10:39.503] [Render thread/INFO] [net.minecraft.server.level.progress.LoggerChunkProgressListener/]: Preparing spawn area: 0%
[10May2026 14:10:40.061] [Render thread/INFO] [net.minecraft.server.level.progress.LoggerChunkProgressListener/]: Preparing spawn area: 0%
[10May2026 14:10:40.327] [Render thread/INFO] [net.minecraft.server.level.progress.LoggerChunkProgressListener/]: Preparing spawn area: 0%
[10May2026 14:10:40.836] [Render thread/INFO] [net.minecraft.server.level.progress.LoggerChunkProgressListener/]: Preparing spawn area: 13%
[10May2026 14:10:41.332] [Render thread/INFO] [net.minecraft.server.level.progress.LoggerChunkProgressListener/]: Preparing spawn area: 79%
[10May2026 14:10:41.499] [Server thread/INFO] [net.minecraftforge.server.permission.PermissionAPI/]: Successfully initialized permission handler forge:default_handler
[10May2026 14:10:41.512] [Server thread/WARN] [net.minecraft.world.level.entity.PersistentEntitySectionManager/]: UUID of added entity already exists: Axolotl['Axolotl'/8811, l='ServerLevel[New World]', x=-59.33, y=6.10, z=276.82]
[10May2026 14:10:41.515] [Server thread/INFO] [net.minecraft.client.server.IntegratedServer/]: Changing view distance to 12, from 10
[10May2026 14:10:41.516] [Server thread/INFO] [net.minecraft.client.server.IntegratedServer/]: Changing simulation distance to 12, from 0
[10May2026 14:10:41.775] [Netty Local Client IO #2/DEBUG] [net.minecraftforge.network.HandshakeHandler/FMLHANDSHAKE]: Starting local connection.
[10May2026 14:10:41.777] [Netty Server IO #5/DEBUG] [net.minecraftforge.network.HandshakeHandler/FMLHANDSHAKE]: Starting local connection.
[10May2026 14:10:41.777] [Render thread/INFO] [net.minecraft.server.level.progress.LoggerChunkProgressListener/]: Time elapsed: 3452 ms
[10May2026 14:10:41.817] [Server thread/DEBUG] [net.minecraftforge.network.HandshakeHandler/FMLHANDSHAKE]: Sending ticking packet info 'net.minecraftforge.network.HandshakeMessages$S2CModData' to 'fml:handshake' sequence 0
[10May2026 14:10:41.818] [Netty Local Client IO #2/DEBUG] [net.minecraftforge.network.LoginWrapper/FMLHANDSHAKE]: Recieved login wrapper packet event for channel fml:handshake with index 0
[10May2026 14:10:41.908] [Server thread/DEBUG] [net.minecraftforge.network.HandshakeHandler/FMLHANDSHAKE]: Sending ticking packet info 'net.minecraftforge.network.HandshakeMessages$S2CModList' to 'fml:handshake' sequence 1
[10May2026 14:10:41.909] [Netty Local Client IO #2/DEBUG] [net.minecraftforge.network.LoginWrapper/FMLHANDSHAKE]: Recieved login wrapper packet event for channel fml:handshake with index 1
[10May2026 14:10:41.909] [Netty Local Client IO #2/DEBUG] [net.minecraftforge.network.HandshakeHandler/FMLHANDSHAKE]: Logging into server with mod list [minecraft, forge, time_machine]
[10May2026 14:10:41.909] [Netty Local Client IO #2/DEBUG] [net.minecraftforge.network.NetworkRegistry/NETREGISTRY]: Channel 'fml:loginwrapper' : Version test of 'FML3' from server : ACCEPTED
[10May2026 14:10:41.909] [Netty Local Client IO #2/DEBUG] [net.minecraftforge.network.NetworkRegistry/NETREGISTRY]: Channel 'forge:tier_sorting' : Version test of '1.0' from server : ACCEPTED
[10May2026 14:10:41.909] [Netty Local Client IO #2/DEBUG] [net.minecraftforge.network.NetworkRegistry/NETREGISTRY]: Channel 'fml:handshake' : Version test of 'FML3' from server : ACCEPTED
[10May2026 14:10:41.910] [Netty Local Client IO #2/DEBUG] [net.minecraftforge.network.NetworkRegistry/NETREGISTRY]: Channel 'minecraft:unregister' : Version test of 'FML3' from server : ACCEPTED
[10May2026 14:10:41.910] [Netty Local Client IO #2/DEBUG] [net.minecraftforge.network.NetworkRegistry/NETREGISTRY]: Channel 'fml:play' : Version test of 'FML3' from server : ACCEPTED
[10May2026 14:10:41.910] [Netty Local Client IO #2/DEBUG] [net.minecraftforge.network.NetworkRegistry/NETREGISTRY]: Channel 'minecraft:register' : Version test of 'FML3' from server : ACCEPTED
[10May2026 14:10:41.910] [Netty Local Client IO #2/DEBUG] [net.minecraftforge.network.NetworkRegistry/NETREGISTRY]: Channel 'forge:split' : Version test of '1.1' from server : ACCEPTED
[10May2026 14:10:41.910] [Netty Local Client IO #2/DEBUG] [net.minecraftforge.network.NetworkRegistry/NETREGISTRY]: Accepting channel list from server
[10May2026 14:10:41.910] [Netty Local Client IO #2/DEBUG] [net.minecraftforge.network.LoginWrapper/FMLHANDSHAKE]: Dispatching wrapped packet reply for channel fml:handshake with index 1
[10May2026 14:10:41.910] [Netty Local Client IO #2/DEBUG] [net.minecraftforge.network.HandshakeHandler/FMLHANDSHAKE]: Accepted server connection
[10May2026 14:10:41.910] [Netty Local Client IO #2/DEBUG] [net.minecraftforge.network.HandshakeHandler/REGISTRIES]: Expecting 19 registries: [minecraft:command_argument_type, minecraft:recipe_serializer, minecraft:sound_event, minecraft:particle_type, minecraft:villager_profession, minecraft:item, minecraft:potion, minecraft:painting_variant, forge:fluid_type, minecraft:block_entity_type, forge:display_contexts, minecraft:block, forge:entity_data_serializers, minecraft:mob_effect, minecraft:stat_type, minecraft:menu, minecraft:enchantment, minecraft:fluid, minecraft:entity_type]
[10May2026 14:10:41.910] [Netty Server IO #5/DEBUG] [net.minecraftforge.network.LoginWrapper/FMLHANDSHAKE]: Recieved login wrapper packet event for channel fml:handshake with index 1
[10May2026 14:10:41.910] [Netty Server IO #5/DEBUG] [net.minecraftforge.network.HandshakeHandler/FMLHANDSHAKE]: Received client indexed reply 1 of type net.minecraftforge.network.HandshakeMessages$C2SModListReply
[10May2026 14:10:41.911] [Netty Server IO #5/DEBUG] [net.minecraftforge.network.HandshakeHandler/FMLHANDSHAKE]: Received client connection with modlist [minecraft, forge, time_machine]
[10May2026 14:10:41.911] [Netty Server IO #5/DEBUG] [net.minecraftforge.network.NetworkRegistry/NETREGISTRY]: Channel 'fml:loginwrapper' : Version test of 'FML3' from client : ACCEPTED
[10May2026 14:10:41.911] [Netty Server IO #5/DEBUG] [net.minecraftforge.network.NetworkRegistry/NETREGISTRY]: Channel 'forge:tier_sorting' : Version test of '1.0' from client : ACCEPTED
[10May2026 14:10:41.911] [Netty Server IO #5/DEBUG] [net.minecraftforge.network.NetworkRegistry/NETREGISTRY]: Channel 'fml:handshake' : Version test of 'FML3' from client : ACCEPTED
[10May2026 14:10:41.911] [Netty Server IO #5/DEBUG] [net.minecraftforge.network.NetworkRegistry/NETREGISTRY]: Channel 'minecraft:unregister' : Version test of 'FML3' from client : ACCEPTED
[10May2026 14:10:41.911] [Netty Server IO #5/DEBUG] [net.minecraftforge.network.NetworkRegistry/NETREGISTRY]: Channel 'fml:play' : Version test of 'FML3' from client : ACCEPTED
[10May2026 14:10:41.911] [Netty Server IO #5/DEBUG] [net.minecraftforge.network.NetworkRegistry/NETREGISTRY]: Channel 'minecraft:register' : Version test of 'FML3' from client : ACCEPTED
[10May2026 14:10:41.911] [Netty Server IO #5/DEBUG] [net.minecraftforge.network.NetworkRegistry/NETREGISTRY]: Channel 'forge:split' : Version test of '1.1' from client : ACCEPTED
[10May2026 14:10:41.912] [Netty Server IO #5/DEBUG] [net.minecraftforge.network.NetworkRegistry/NETREGISTRY]: Accepting channel list from client
[10May2026 14:10:41.912] [Netty Server IO #5/DEBUG] [net.minecraftforge.network.HandshakeHandler/FMLHANDSHAKE]: Accepted client connection mod list
[10May2026 14:10:41.929] [Server thread/DEBUG] [net.minecraftforge.network.HandshakeHandler/FMLHANDSHAKE]: Sending ticking packet info 'Config forge-server.toml' to 'fml:handshake' sequence 2
[10May2026 14:10:41.930] [Netty Local Client IO #2/DEBUG] [net.minecraftforge.network.LoginWrapper/FMLHANDSHAKE]: Recieved login wrapper packet event for channel fml:handshake with index 2
[10May2026 14:10:41.931] [Netty Local Client IO #2/DEBUG] [net.minecraftforge.network.HandshakeHandler/FMLHANDSHAKE]: Received config sync from server
[10May2026 14:10:41.931] [Netty Local Client IO #2/DEBUG] [net.minecraftforge.network.LoginWrapper/FMLHANDSHAKE]: Dispatching wrapped packet reply for channel fml:handshake with index 2
[10May2026 14:10:41.931] [Netty Server IO #5/DEBUG] [net.minecraftforge.network.LoginWrapper/FMLHANDSHAKE]: Recieved login wrapper packet event for channel fml:handshake with index 2
[10May2026 14:10:41.931] [Netty Server IO #5/DEBUG] [net.minecraftforge.network.HandshakeHandler/FMLHANDSHAKE]: Received client indexed reply 2 of type net.minecraftforge.network.HandshakeMessages$C2SAcknowledge
[10May2026 14:10:41.931] [Netty Server IO #5/DEBUG] [net.minecraftforge.network.HandshakeHandler/FMLHANDSHAKE]: Received acknowledgement from client
[10May2026 14:10:41.973] [Server thread/DEBUG] [net.minecraftforge.network.HandshakeHandler/FMLHANDSHAKE]: Handshake complete!
[10May2026 14:10:42.025] [Netty Local Client IO #2/INFO] [net.minecraftforge.network.NetworkHooks/]: Connected to a modded server.
[10May2026 14:10:42.039] [Server thread/INFO] [net.minecraft.server.players.PlayerList/]: Dev[local:E:d6f59f2c] logged in with entity id 8957 at (-111.05237318705835, 72.24568577253427, 227.89868812097458)
[10May2026 14:10:42.061] [Server thread/INFO] [net.minecraft.server.MinecraftServer/]: Dev joined the game
[10May2026 14:10:42.522] [Render thread/INFO] [net.minecraft.advancements.AdvancementList/]: Loaded 13 advancements
[10May2026 14:10:52.149] [Server thread/INFO] [net.minecraft.client.server.IntegratedServer/]: Saving and pausing game...
[10May2026 14:10:52.162] [Server thread/INFO] [net.minecraft.server.MinecraftServer/]: Saving chunks for level 'ServerLevel[New World]'/minecraft:overworld
[10May2026 14:10:52.171] [Server thread/INFO] [net.minecraft.server.MinecraftServer/]: Saving chunks for level 'ServerLevel[New World]'/minecraft:the_nether
[10May2026 14:10:52.173] [Server thread/INFO] [net.minecraft.server.MinecraftServer/]: Saving chunks for level 'ServerLevel[New World]'/minecraft:the_end
[10May2026 14:10:52.178] [Server thread/DEBUG] [net.minecraftforge.common.ForgeHooks/WP]: Gathering id map for writing to world save New World
[10May2026 14:10:52.182] [Server thread/DEBUG] [net.minecraftforge.common.ForgeHooks/WP]: ID Map collection complete New World
[10May2026 14:10:54.850] [Server thread/INFO] [net.minecraft.client.server.IntegratedServer/]: Saving and pausing game...
[10May2026 14:10:54.856] [Server thread/INFO] [net.minecraft.server.MinecraftServer/]: Saving chunks for level 'ServerLevel[New World]'/minecraft:overworld
[10May2026 14:10:54.863] [Server thread/INFO] [net.minecraft.server.MinecraftServer/]: Saving chunks for level 'ServerLevel[New World]'/minecraft:the_nether
[10May2026 14:10:54.865] [Server thread/INFO] [net.minecraft.server.MinecraftServer/]: Saving chunks for level 'ServerLevel[New World]'/minecraft:the_end
[10May2026 14:10:54.865] [Server thread/DEBUG] [net.minecraftforge.common.ForgeHooks/WP]: Gathering id map for writing to world save New World
[10May2026 14:10:54.871] [Server thread/DEBUG] [net.minecraftforge.common.ForgeHooks/WP]: ID Map collection complete New World
[10May2026 14:11:09.284] [Server thread/INFO] [net.minecraft.server.commands.LocateCommand/]: Locating element minecraft:village_plains took 582 ms
[10May2026 14:11:09.296] [Render thread/INFO] [net.minecraft.client.gui.components.ChatComponent/]: [System] [CHAT] The nearest minecraft:village_plains is at [-736, ~, -448] (889 blocks away)
[10May2026 14:11:13.281] [Server thread/INFO] [net.minecraft.server.MinecraftServer/]: [Dev: Teleported Dev to -735.500000, 74.490282, -447.500000]
[10May2026 14:11:13.293] [Render thread/INFO] [net.minecraft.client.gui.components.ChatComponent/]: [System] [CHAT] Teleported Dev to -735.500000, 74.490282, -447.500000
[10May2026 14:11:25.885] [Render thread/INFO] [net.minecraft.client.gui.components.ChatComponent/]: [System] [CHAT] Unknown or incomplete command, see below for error
[10May2026 14:11:25.885] [Render thread/INFO] [net.minecraft.client.gui.components.ChatComponent/]: [System] [CHAT] ...30 ~30 ~30<--[HERE]
[10May2026 14:11:29.049] [Server thread/INFO] [net.minecraft.server.MinecraftServer/]: [Dev: Successfully filled 29791 block(s)]
[10May2026 14:11:29.064] [Render thread/INFO] [net.minecraft.client.gui.components.ChatComponent/]: [System] [CHAT] Successfully filled 29791 block(s)
[10May2026 14:11:41.172] [Server thread/INFO] [net.minecraft.server.MinecraftServer/]: [Dev: Gave 1 [Flint and Steel] to Dev]
[10May2026 14:11:41.173] [Render thread/INFO] [net.minecraft.client.gui.components.ChatComponent/]: [System] [CHAT] Gave 1 [Flint and Steel] to Dev
[10May2026 14:11:48.169] [Render thread/DEBUG] [net.minecraftforge.common.ForgeHooks/WP]: Gathering id map for writing to world save New World
[10May2026 14:11:48.177] [Render thread/DEBUG] [net.minecraftforge.common.ForgeHooks/WP]: ID Map collection complete New World
[10May2026 14:12:02.157] [Server thread/WARN] [net.minecraft.server.MinecraftServer/]: Can't keep up! Is the server overloaded? Running 2158ms or 43 ticks behind
[10May2026 14:12:31.521] [Server thread/INFO] [net.minecraft.client.server.IntegratedServer/]: Saving and pausing game...
[10May2026 14:12:31.540] [Server thread/INFO] [net.minecraft.server.MinecraftServer/]: Saving chunks for level 'ServerLevel[New World]'/minecraft:overworld
[10May2026 14:12:31.730] [Server thread/INFO] [net.minecraft.server.MinecraftServer/]: Saving chunks for level 'ServerLevel[New World]'/minecraft:the_nether
[10May2026 14:12:31.733] [Server thread/INFO] [net.minecraft.server.MinecraftServer/]: Saving chunks for level 'ServerLevel[New World]'/minecraft:the_end
[10May2026 14:12:31.736] [Server thread/DEBUG] [net.minecraftforge.common.ForgeHooks/WP]: Gathering id map for writing to world save New World
[10May2026 14:12:31.741] [Server thread/DEBUG] [net.minecraftforge.common.ForgeHooks/WP]: ID Map collection complete New World
[10May2026 14:12:31.839] [Server thread/WARN] [net.minecraft.server.MinecraftServer/]: Can't keep up! Is the server overloaded? Running 14690ms or 293 ticks behind
[10May2026 14:15:12.404] [Server thread/INFO] [net.minecraft.server.network.ServerGamePacketListenerImpl/]: Dev lost connection: Disconnected
[10May2026 14:15:12.405] [Server thread/INFO] [net.minecraft.server.MinecraftServer/]: Dev left the game
[10May2026 14:15:12.424] [Server thread/INFO] [net.minecraft.server.network.ServerGamePacketListenerImpl/]: Stopping singleplayer server as player logged out
[10May2026 14:15:12.455] [Server thread/INFO] [net.minecraft.server.MinecraftServer/]: Stopping server
[10May2026 14:15:12.456] [Server thread/INFO] [net.minecraft.server.MinecraftServer/]: Saving players
[10May2026 14:15:12.456] [Server thread/INFO] [net.minecraft.server.MinecraftServer/]: Saving worlds
[10May2026 14:15:13.844] [Server thread/INFO] [net.minecraft.server.MinecraftServer/]: Saving chunks for level 'ServerLevel[New World]'/minecraft:overworld
[10May2026 14:15:18.463] [Server thread/INFO] [net.minecraft.server.MinecraftServer/]: Saving chunks for level 'ServerLevel[New World]'/minecraft:the_nether
[10May2026 14:15:18.466] [Server thread/INFO] [net.minecraft.server.MinecraftServer/]: Saving chunks for level 'ServerLevel[New World]'/minecraft:the_end
[10May2026 14:15:18.470] [Server thread/DEBUG] [net.minecraftforge.common.ForgeHooks/WP]: Gathering id map for writing to world save New World
[10May2026 14:15:18.478] [Server thread/DEBUG] [net.minecraftforge.common.ForgeHooks/WP]: ID Map collection complete New World
[10May2026 14:15:18.496] [Server thread/INFO] [net.minecraft.server.MinecraftServer/]: ThreadedAnvilChunkStorage (New World): All chunks are saved
[10May2026 14:15:18.496] [Server thread/INFO] [net.minecraft.server.MinecraftServer/]: ThreadedAnvilChunkStorage (DIM-1): All chunks are saved
[10May2026 14:15:18.496] [Server thread/INFO] [net.minecraft.server.MinecraftServer/]: ThreadedAnvilChunkStorage (DIM1): All chunks are saved
[10May2026 14:15:18.496] [Server thread/INFO] [net.minecraft.server.MinecraftServer/]: ThreadedAnvilChunkStorage: All dimensions are saved
[10May2026 14:15:18.547] [Server thread/DEBUG] [net.minecraftforge.registries.GameData/REGISTRIES]: Reverting to FROZEN data state.
[10May2026 14:15:18.547] [Server thread/DEBUG] [net.minecraftforge.registries.ForgeRegistry/REGISTRIES]: Registry minecraft:block Sync: ACTIVE -> FROZEN
[10May2026 14:15:18.552] [Server thread/DEBUG] [net.minecraftforge.registries.ForgeRegistry/REGISTRIES]: Registry minecraft:fluid Sync: ACTIVE -> FROZEN
[10May2026 14:15:18.552] [Server thread/DEBUG] [net.minecraftforge.registries.ForgeRegistry/REGISTRIES]: Registry minecraft:item Sync: ACTIVE -> FROZEN
[10May2026 14:15:18.557] [Server thread/DEBUG] [net.minecraftforge.registries.ForgeRegistry/REGISTRIES]: Registry minecraft:mob_effect Sync: ACTIVE -> FROZEN
[10May2026 14:15:18.557] [Server thread/DEBUG] [net.minecraftforge.registries.ForgeRegistry/REGISTRIES]: Registry minecraft:sound_event Sync: ACTIVE -> FROZEN
[10May2026 14:15:18.563] [Server thread/DEBUG] [net.minecraftforge.registries.ForgeRegistry/REGISTRIES]: Registry minecraft:potion Sync: ACTIVE -> FROZEN
[10May2026 14:15:18.565] [Server thread/DEBUG] [net.minecraftforge.registries.ForgeRegistry/REGISTRIES]: Registry minecraft:enchantment Sync: ACTIVE -> FROZEN
[10May2026 14:15:18.565] [Server thread/DEBUG] [net.minecraftforge.registries.ForgeRegistry/REGISTRIES]: Registry minecraft:entity_type Sync: ACTIVE -> FROZEN
[10May2026 14:15:18.565] [Server thread/DEBUG] [net.minecraftforge.registries.ForgeRegistry/REGISTRIES]: Registry minecraft:block_entity_type Sync: ACTIVE -> FROZEN
[10May2026 14:15:18.565] [Server thread/DEBUG] [net.minecraftforge.registries.ForgeRegistry/REGISTRIES]: Registry minecraft:particle_type Sync: ACTIVE -> FROZEN
[10May2026 14:15:18.566] [Server thread/DEBUG] [net.minecraftforge.registries.ForgeRegistry/REGISTRIES]: Registry minecraft:menu Sync: ACTIVE -> FROZEN
[10May2026 14:15:18.566] [Server thread/DEBUG] [net.minecraftforge.registries.ForgeRegistry/REGISTRIES]: Registry minecraft:painting_variant Sync: ACTIVE -> FROZEN
[10May2026 14:15:18.567] [Server thread/DEBUG] [net.minecraftforge.registries.ForgeRegistry/REGISTRIES]: Registry minecraft:recipe_type Sync: ACTIVE -> FROZEN
[10May2026 14:15:18.567] [Server thread/DEBUG] [net.minecraftforge.registries.ForgeRegistry/REGISTRIES]: Registry minecraft:recipe_serializer Sync: ACTIVE -> FROZEN
[10May2026 14:15:18.567] [Server thread/DEBUG] [net.minecraftforge.registries.ForgeRegistry/REGISTRIES]: Registry minecraft:attribute Sync: ACTIVE -> FROZEN
[10May2026 14:15:18.567] [Server thread/DEBUG] [net.minecraftforge.registries.ForgeRegistry/REGISTRIES]: Registry minecraft:stat_type Sync: ACTIVE -> FROZEN
[10May2026 14:15:18.567] [Server thread/DEBUG] [net.minecraftforge.registries.ForgeRegistry/REGISTRIES]: Registry minecraft:command_argument_type Sync: ACTIVE -> FROZEN
[10May2026 14:15:18.568] [Server thread/DEBUG] [net.minecraftforge.registries.ForgeRegistry/REGISTRIES]: Registry minecraft:villager_profession Sync: ACTIVE -> FROZEN
[10May2026 14:15:18.568] [Server thread/DEBUG] [net.minecraftforge.registries.ForgeRegistry/REGISTRIES]: Registry minecraft:point_of_interest_type Sync: ACTIVE -> FROZEN
[10May2026 14:15:18.569] [Server thread/DEBUG] [net.minecraftforge.registries.ForgeRegistry/REGISTRIES]: Registry minecraft:memory_module_type Sync: ACTIVE -> FROZEN
[10May2026 14:15:18.571] [Server thread/DEBUG] [net.minecraftforge.registries.ForgeRegistry/REGISTRIES]: Registry minecraft:sensor_type Sync: ACTIVE -> FROZEN
[10May2026 14:15:18.571] [Server thread/DEBUG] [net.minecraftforge.registries.ForgeRegistry/REGISTRIES]: Registry minecraft:schedule Sync: ACTIVE -> FROZEN
[10May2026 14:15:18.571] [Server thread/DEBUG] [net.minecraftforge.registries.ForgeRegistry/REGISTRIES]: Registry minecraft:activity Sync: ACTIVE -> FROZEN
[10May2026 14:15:18.571] [Server thread/DEBUG] [net.minecraftforge.registries.ForgeRegistry/REGISTRIES]: Registry minecraft:worldgen/carver Sync: ACTIVE -> FROZEN
[10May2026 14:15:18.571] [Server thread/DEBUG] [net.minecraftforge.registries.ForgeRegistry/REGISTRIES]: Registry minecraft:worldgen/feature Sync: ACTIVE -> FROZEN
[10May2026 14:15:18.571] [Server thread/DEBUG] [net.minecraftforge.registries.ForgeRegistry/REGISTRIES]: Registry minecraft:chunk_status Sync: ACTIVE -> FROZEN
[10May2026 14:15:18.572] [Server thread/DEBUG] [net.minecraftforge.registries.ForgeRegistry/REGISTRIES]: Registry minecraft:worldgen/block_state_provider_type Sync: ACTIVE -> FROZEN
[10May2026 14:15:18.572] [Server thread/DEBUG] [net.minecraftforge.registries.ForgeRegistry/REGISTRIES]: Registry minecraft:worldgen/foliage_placer_type Sync: ACTIVE -> FROZEN
[10May2026 14:15:18.572] [Server thread/DEBUG] [net.minecraftforge.registries.ForgeRegistry/REGISTRIES]: Registry minecraft:worldgen/tree_decorator_type Sync: ACTIVE -> FROZEN
[10May2026 14:15:18.572] [Server thread/DEBUG] [net.minecraftforge.registries.ForgeRegistry/REGISTRIES]: Registry minecraft:worldgen/biome Sync: ACTIVE -> FROZEN
[10May2026 14:15:18.572] [Server thread/DEBUG] [net.minecraftforge.registries.ForgeRegistry/REGISTRIES]: Registry forge:entity_data_serializers Sync: ACTIVE -> FROZEN
[10May2026 14:15:18.572] [Server thread/DEBUG] [net.minecraftforge.registries.ForgeRegistry/REGISTRIES]: Registry forge:global_loot_modifier_serializers Sync: ACTIVE -> FROZEN
[10May2026 14:15:18.572] [Server thread/DEBUG] [net.minecraftforge.registries.ForgeRegistry/REGISTRIES]: Registry forge:biome_modifier_serializers Sync: ACTIVE -> FROZEN
[10May2026 14:15:18.572] [Server thread/DEBUG] [net.minecraftforge.registries.ForgeRegistry/REGISTRIES]: Registry forge:fluid_type Sync: ACTIVE -> FROZEN
[10May2026 14:15:18.572] [Server thread/DEBUG] [net.minecraftforge.registries.ForgeRegistry/REGISTRIES]: Registry forge:structure_modifier_serializers Sync: ACTIVE -> FROZEN
[10May2026 14:15:18.572] [Server thread/DEBUG] [net.minecraftforge.registries.ForgeRegistry/REGISTRIES]: Registry forge:holder_set_type Sync: ACTIVE -> FROZEN
[10May2026 14:15:18.572] [Server thread/DEBUG] [net.minecraftforge.registries.ForgeRegistry/REGISTRIES]: Registry forge:display_contexts Sync: ACTIVE -> FROZEN
[10May2026 14:15:19.209] [Server thread/DEBUG] [net.minecraftforge.registries.ObjectHolderRegistry/REGISTRIES]: Applying holder lookups
[10May2026 14:15:19.212] [Server thread/DEBUG] [net.minecraftforge.registries.ObjectHolderRegistry/REGISTRIES]: Holder lookups applied
[10May2026 14:15:19.213] [Server thread/DEBUG] [net.minecraftforge.registries.GameData/REGISTRIES]: FROZEN state restored.
[10May2026 14:15:19.213] [Server thread/DEBUG] [net.minecraftforge.fml.config.ConfigTracker/CONFIG]: Unloading configs type SERVER
[10May2026 14:15:34.431] [Render thread/INFO] [net.minecraft.client.Minecraft/]: Stopping!
