[10May2026 14:04:34.452] [main/INFO] [cpw.mods.modlauncher.Launcher/MODLAUNCHER]: ModLauncher running: args [--launchTarget, forgeclientuserdev, --version, MOD_DEV, --assetIndex, 5, --assetsDir, C:\Users\sreng\.gradle\caches\forge_gradle\assets, --gameDir, ., --fml.forgeVersion, 47.4.20, --fml.mcVersion, 1.20.1, --fml.forgeGroup, net.minecraftforge, --fml.mcpVersion, 20230612.114412]
[10May2026 14:04:34.650] [main/INFO] [cpw.mods.modlauncher.Launcher/MODLAUNCHER]: ModLauncher 10.0.9+10.0.9+main.dcd20f30 starting: java version 17.0.17 by Eclipse Adoptium; OS Windows 11 arch amd64 version 10.0
[10May2026 14:04:38.714] [main/INFO] [net.minecraftforge.fml.loading.ImmediateWindowHandler/]: Loading ImmediateWindowProvider fmlearlywindow
[10May2026 14:04:41.659] [main/ERROR] [EARLYDISPLAY/]: WARNING : glfwInit took 2.7376655 seconds to start.
[10May2026 14:04:41.909] [main/INFO] [EARLYDISPLAY/]: Trying GL version 4.6
[10May2026 14:04:44.096] [main/INFO] [EARLYDISPLAY/]: Requested GL version 4.6 got version 4.6
[10May2026 14:04:46.338] [pool-2-thread-1/INFO] [EARLYDISPLAY/]: GL info: Intel(R) Graphics GL version 4.6.0 - Build 32.0.101.7076, Intel
[10May2026 14:04:46.982] [main/INFO] [mixin/]: SpongePowered MIXIN Subsystem Version=0.8.5 Source=union:/C:/Users/sreng/.gradle/caches/modules-2/files-2.1/org.spongepowered/mixin/0.8.5/9d1c0c3a304ae6697ecd477218fa61b850bf57fc/mixin-0.8.5.jar%23128!/ Service=ModLauncher Env=CLIENT
[10May2026 14:04:52.510] [main/WARN] [net.minecraftforge.fml.loading.moddiscovery.ModFileParser/LOADING]: Mod file C:\Users\sreng\.gradle\caches\modules-2\files-2.1\net.minecraftforge\javafmllanguage\1.20.1-47.4.20\c354b21002937b393c4f86163a98dccdf1d51e72\javafmllanguage-1.20.1-47.4.20.jar is missing mods.toml file
[10May2026 14:04:52.803] [main/WARN] [net.minecraftforge.fml.loading.moddiscovery.ModFileParser/LOADING]: Mod file C:\Users\sreng\.gradle\caches\modules-2\files-2.1\net.minecraftforge\lowcodelanguage\1.20.1-47.4.20\865d75f8c18329ddb31db5856701ab86609108b5\lowcodelanguage-1.20.1-47.4.20.jar is missing mods.toml file
[10May2026 14:04:52.885] [main/WARN] [net.minecraftforge.fml.loading.moddiscovery.ModFileParser/LOADING]: Mod file C:\Users\sreng\.gradle\caches\modules-2\files-2.1\net.minecraftforge\mclanguage\1.20.1-47.4.20\af599930362212ae937e392709f49047e6abbbf\mclanguage-1.20.1-47.4.20.jar is missing mods.toml file
[10May2026 14:04:52.936] [main/WARN] [net.minecraftforge.fml.loading.moddiscovery.ModFileParser/LOADING]: Mod file C:\Users\sreng\.gradle\caches\modules-2\files-2.1\net.minecraftforge\fmlcore\1.20.1-47.4.20\e8cc697c69f3911e76caa2f005d9486597cd7448\fmlcore-1.20.1-47.4.20.jar is missing mods.toml file
[10May2026 14:04:54.149] [main/INFO] [net.minecraftforge.fml.loading.moddiscovery.JarInJarDependencyLocator/]: No dependencies to load found. Skipping!
[10May2026 14:05:20.293] [main/INFO] [cpw.mods.modlauncher.LaunchServiceHandler/MODLAUNCHER]: Launching target 'forgeclientuserdev' with arguments [--version, MOD_DEV, --gameDir, ., --assetsDir, C:\Users\sreng\.gradle\caches\forge_gradle\assets, --assetIndex, 5]
[10May2026 14:05:30.464] [Datafixer Bootstrap/INFO] [com.mojang.datafixers.DataFixerBuilder/]: 188 Datafixer optimizations took 241 milliseconds
[10May2026 14:05:34.203] [Render thread/WARN] [net.minecraft.server.packs.VanillaPackResourcesBuilder/]: Assets URL 'union:/C:/Users/sreng/.gradle/caches/forge_gradle/minecraft_user_repo/net/minecraftforge/forge/1.20.1-47.4.20_mapped_official_1.20.1/forge-1.20.1-47.4.20_mapped_official_1.20.1-recomp.jar%23191!/assets/.mcassetsroot' uses unexpected schema
[10May2026 14:05:34.204] [Render thread/WARN] [net.minecraft.server.packs.VanillaPackResourcesBuilder/]: Assets URL 'union:/C:/Users/sreng/.gradle/caches/forge_gradle/minecraft_user_repo/net/minecraftforge/forge/1.20.1-47.4.20_mapped_official_1.20.1/forge-1.20.1-47.4.20_mapped_official_1.20.1-recomp.jar%23191!/data/.mcassetsroot' uses unexpected schema
[10May2026 14:05:34.252] [Render thread/INFO] [com.mojang.authlib.yggdrasil.YggdrasilAuthenticationService/]: Environment: authHost='https://authserver.mojang.com', accountsHost='https://api.mojang.com', sessionHost='https://sessionserver.mojang.com', servicesHost='https://api.minecraftservices.com', name='PROD'
[10May2026 14:05:34.265] [Render thread/INFO] [net.minecraft.client.Minecraft/]: Setting user: Dev
[10May2026 14:05:34.447] [Render thread/INFO] [net.minecraft.client.Minecraft/]: Backend library: LWJGL version 3.3.1 build 7
[10May2026 14:05:34.875] [modloading-worker-0/INFO] [net.minecraftforge.common.ForgeMod/FORGEMOD]: Forge mod loading, version 47.4.20, for MC 1.20.1 with MCP 20230612.114412
[10May2026 14:05:34.875] [modloading-worker-0/INFO] [net.minecraftforge.common.MinecraftForge/FORGE]: MinecraftForge v47.4.20 Initialized
[10May2026 14:05:36.499] [Render thread/INFO] [net.minecraftforge.gametest.ForgeGameTestHooks/]: Enabled Gametest Namespaces: [time_machine]
[10May2026 14:05:36.773] [Render thread/INFO] [net.minecraft.server.packs.resources.ReloadableResourceManager/]: Reloading ResourceManager: vanilla, mod_resources
[10May2026 14:05:36.955] [Worker-Main-9/INFO] [net.minecraft.client.gui.font.providers.UnihexProvider/]: Found unifont_all_no_pua-15.0.06.hex, loading
[10May2026 14:05:37.014] [Forge Version Check/INFO] [net.minecraftforge.fml.VersionChecker/]: [forge] Starting version check at https://files.minecraftforge.net/net/minecraftforge/forge/promotions_slim.json
[10May2026 14:05:37.739] [Forge Version Check/INFO] [net.minecraftforge.fml.VersionChecker/]: [forge] Found status: AHEAD Current: 47.4.20 Target: null
[10May2026 14:05:39.836] [Render thread/WARN] [net.minecraft.client.sounds.SoundEngine/]: Missing sound for event: minecraft:item.goat_horn.play
[10May2026 14:05:39.836] [Render thread/WARN] [net.minecraft.client.sounds.SoundEngine/]: Missing sound for event: minecraft:entity.goat.screaming.horn_break
[10May2026 14:05:39.937] [Render thread/INFO] [com.mojang.blaze3d.audio.Library/]: OpenAL initialized on device OpenAL Soft on Speakers (Realtek(R) Audio)
[10May2026 14:05:39.939] [Render thread/INFO] [net.minecraft.client.sounds.SoundEngine/SOUNDS]: Sound engine started
[10May2026 14:05:40.165] [Render thread/INFO] [net.minecraft.client.renderer.texture.TextureAtlas/]: Created: 1024x512x4 minecraft:textures/atlas/blocks.png-atlas
[10May2026 14:05:40.334] [Render thread/INFO] [net.minecraft.client.renderer.texture.TextureAtlas/]: Created: 256x256x4 minecraft:textures/atlas/signs.png-atlas
[10May2026 14:05:40.337] [Render thread/INFO] [net.minecraft.client.renderer.texture.TextureAtlas/]: Created: 512x512x4 minecraft:textures/atlas/banner_patterns.png-atlas
[10May2026 14:05:40.344] [Render thread/INFO] [net.minecraft.client.renderer.texture.TextureAtlas/]: Created: 512x512x4 minecraft:textures/atlas/shield_patterns.png-atlas
[10May2026 14:05:40.353] [Render thread/INFO] [net.minecraft.client.renderer.texture.TextureAtlas/]: Created: 1024x1024x4 minecraft:textures/atlas/armor_trims.png-atlas
[10May2026 14:05:40.516] [Render thread/INFO] [net.minecraft.client.renderer.texture.TextureAtlas/]: Created: 256x256x4 minecraft:textures/atlas/chest.png-atlas
[10May2026 14:05:40.527] [Render thread/INFO] [net.minecraft.client.renderer.texture.TextureAtlas/]: Created: 128x64x4 minecraft:textures/atlas/decorated_pot.png-atlas
[10May2026 14:05:40.535] [Render thread/INFO] [net.minecraft.client.renderer.texture.TextureAtlas/]: Created: 512x256x4 minecraft:textures/atlas/beds.png-atlas
[10May2026 14:05:40.544] [Render thread/INFO] [net.minecraft.client.renderer.texture.TextureAtlas/]: Created: 512x256x4 minecraft:textures/atlas/shulker_boxes.png-atlas
[10May2026 14:05:41.244] [Render thread/WARN] [net.minecraft.client.renderer.ShaderInstance/]: Shader rendertype_entity_translucent_emissive could not find sampler named Sampler2 in the specified shader program.
[10May2026 14:05:41.428] [Render thread/INFO] [net.minecraft.client.renderer.texture.TextureAtlas/]: Created: 256x256x0 minecraft:textures/atlas/particles.png-atlas
[10May2026 14:05:41.452] [Render thread/INFO] [net.minecraft.client.renderer.texture.TextureAtlas/]: Created: 256x256x0 minecraft:textures/atlas/paintings.png-atlas
[10May2026 14:05:41.457] [Render thread/INFO] [net.minecraft.client.renderer.texture.TextureAtlas/]: Created: 128x128x0 minecraft:textures/atlas/mob_effects.png-atlas
[10May2026 14:05:41.912] [Realms Notification Availability checker #1/INFO] [com.mojang.realmsclient.client.RealmsClient/]: Could not authorize you against Realms server: java.lang.RuntimeException: Failed to parse into SignedJWT: 0
[10May2026 14:05:48.012] [Render thread/INFO] [net.minecraftforge.registries.GameData/REGISTRIES]: Injecting existing registry data into this CLIENT instance
[10May2026 14:05:50.617] [Render thread/INFO] [net.minecraft.world.item.crafting.RecipeManager/]: Loaded 7 recipes
[10May2026 14:05:50.832] [Render thread/INFO] [net.minecraft.advancements.AdvancementList/]: Loaded 1271 advancements
[10May2026 14:05:51.387] [Server thread/INFO] [net.minecraft.client.server.IntegratedServer/]: Starting integrated minecraft server version 1.20.1
[10May2026 14:05:51.387] [Server thread/INFO] [net.minecraft.server.MinecraftServer/]: Generating keypair
[10May2026 14:05:52.782] [Server thread/INFO] [net.minecraft.server.MinecraftServer/]: Preparing start region for dimension minecraft:overworld
[10May2026 14:05:56.293] [Render thread/INFO] [net.minecraft.server.level.progress.LoggerChunkProgressListener/]: Preparing spawn area: 0%
[10May2026 14:05:56.352] [Render thread/INFO] [net.minecraft.server.level.progress.LoggerChunkProgressListener/]: Preparing spawn area: 0%
[10May2026 14:05:56.352] [Render thread/INFO] [net.minecraft.server.level.progress.LoggerChunkProgressListener/]: Preparing spawn area: 0%
[10May2026 14:05:56.372] [Render thread/INFO] [net.minecraft.server.level.progress.LoggerChunkProgressListener/]: Preparing spawn area: 0%
[10May2026 14:05:56.390] [Render thread/INFO] [net.minecraft.server.level.progress.LoggerChunkProgressListener/]: Preparing spawn area: 0%
[10May2026 14:05:56.390] [Render thread/INFO] [net.minecraft.server.level.progress.LoggerChunkProgressListener/]: Preparing spawn area: 0%
[10May2026 14:05:56.455] [Render thread/INFO] [net.minecraft.server.level.progress.LoggerChunkProgressListener/]: Preparing spawn area: 0%
[10May2026 14:05:56.455] [Render thread/INFO] [net.minecraft.server.level.progress.LoggerChunkProgressListener/]: Preparing spawn area: 0%
[10May2026 14:05:56.866] [Render thread/INFO] [net.minecraft.server.level.progress.LoggerChunkProgressListener/]: Preparing spawn area: 0%
[10May2026 14:05:57.300] [Render thread/INFO] [net.minecraft.server.level.progress.LoggerChunkProgressListener/]: Preparing spawn area: 4%
[10May2026 14:05:57.783] [Render thread/INFO] [net.minecraft.server.level.progress.LoggerChunkProgressListener/]: Preparing spawn area: 54%
[10May2026 14:05:58.372] [Render thread/INFO] [net.minecraft.server.level.progress.LoggerChunkProgressListener/]: Preparing spawn area: 86%
[10May2026 14:05:58.433] [Render thread/INFO] [net.minecraft.server.level.progress.LoggerChunkProgressListener/]: Time elapsed: 5649 ms
[10May2026 14:05:58.435] [Server thread/INFO] [net.minecraftforge.server.permission.PermissionAPI/]: Successfully initialized permission handler forge:default_handler
[10May2026 14:05:58.892] [Server thread/INFO] [net.minecraft.client.server.IntegratedServer/]: Changing view distance to 12, from 10
[10May2026 14:05:58.896] [Server thread/INFO] [net.minecraft.client.server.IntegratedServer/]: Changing simulation distance to 12, from 0
[10May2026 14:05:59.112] [Render thread/WARN] [io.netty.util.internal.SystemPropertyUtil/]: Unable to parse the boolean system property 'java.net.preferIPv6Addresses':system - using the default value: false
[10May2026 14:06:00.302] [Netty Local Client IO #0/INFO] [net.minecraftforge.network.NetworkHooks/]: Connected to a modded server.
[10May2026 14:06:00.389] [Server thread/INFO] [net.minecraft.server.players.PlayerList/]: Dev[local:E:69e19b71] logged in with entity id 237 at (-115.33930181861393, 64.0, 235.24705123098303)
[10May2026 14:06:00.492] [Server thread/INFO] [net.minecraft.server.MinecraftServer/]: Dev joined the game
[10May2026 14:06:01.625] [Render thread/INFO] [net.minecraft.advancements.AdvancementList/]: Loaded 13 advancements
[10May2026 14:06:10.287] [Server thread/INFO] [net.minecraft.client.server.IntegratedServer/]: Saving and pausing game...
[10May2026 14:06:10.321] [Server thread/INFO] [net.minecraft.server.MinecraftServer/]: Saving chunks for level 'ServerLevel[New World]'/minecraft:overworld
[10May2026 14:06:10.388] [Server thread/INFO] [net.minecraft.server.MinecraftServer/]: Saving chunks for level 'ServerLevel[New World]'/minecraft:the_nether
[10May2026 14:06:10.392] [Server thread/INFO] [net.minecraft.server.MinecraftServer/]: Saving chunks for level 'ServerLevel[New World]'/minecraft:the_end
[10May2026 14:06:33.304] [Server thread/INFO] [net.minecraft.server.MinecraftServer/]: [Dev: Summoned new Minecart with TNT]
[10May2026 14:06:33.315] [Render thread/INFO] [net.minecraft.client.gui.components.ChatComponent/]: [System] [CHAT] Summoned new Minecart with TNT
[10May2026 14:06:33.653] [Server thread/INFO] [net.minecraft.server.MinecraftServer/]: [Dev: Summoned new Minecart with TNT]
[10May2026 14:06:33.664] [Render thread/INFO] [net.minecraft.client.gui.components.ChatComponent/]: [System] [CHAT] Summoned new Minecart with TNT
[10May2026 14:06:33.964] [Server thread/INFO] [net.minecraft.server.MinecraftServer/]: [Dev: Summoned new Minecart with TNT]
[10May2026 14:06:33.966] [Render thread/INFO] [net.minecraft.client.gui.components.ChatComponent/]: [System] [CHAT] Summoned new Minecart with TNT
[10May2026 14:06:34.313] [Server thread/INFO] [net.minecraft.server.MinecraftServer/]: [Dev: Summoned new Minecart with TNT]
[10May2026 14:06:34.317] [Render thread/INFO] [net.minecraft.client.gui.components.ChatComponent/]: [System] [CHAT] Summoned new Minecart with TNT
[10May2026 14:06:34.675] [Server thread/INFO] [net.minecraft.server.MinecraftServer/]: [Dev: Summoned new Minecart with TNT]
[10May2026 14:06:34.683] [Render thread/INFO] [net.minecraft.client.gui.components.ChatComponent/]: [System] [CHAT] Summoned new Minecart with TNT
[10May2026 14:06:35.031] [Server thread/INFO] [net.minecraft.server.MinecraftServer/]: [Dev: Summoned new Minecart with TNT]
[10May2026 14:06:35.033] [Render thread/INFO] [net.minecraft.client.gui.components.ChatComponent/]: [System] [CHAT] Summoned new Minecart with TNT
[10May2026 14:06:35.415] [Server thread/INFO] [net.minecraft.server.MinecraftServer/]: [Dev: Summoned new Minecart with TNT]
[10May2026 14:06:35.417] [Render thread/INFO] [net.minecraft.client.gui.components.ChatComponent/]: [System] [CHAT] Summoned new Minecart with TNT
[10May2026 14:06:35.774] [Server thread/INFO] [net.minecraft.server.MinecraftServer/]: [Dev: Summoned new Minecart with TNT]
[10May2026 14:06:35.782] [Render thread/INFO] [net.minecraft.client.gui.components.ChatComponent/]: [System] [CHAT] Summoned new Minecart with TNT
[10May2026 14:06:36.165] [Render thread/INFO] [net.minecraft.client.gui.components.ChatComponent/]: [System] [CHAT] Unknown or incomplete command, see below for error
[10May2026 14:06:36.166] [Render thread/INFO] [net.minecraft.client.gui.components.ChatComponent/]: [System] [CHAT] <--[HERE]
[10May2026 14:06:37.711] [Server thread/INFO] [net.minecraft.client.server.IntegratedServer/]: Saving and pausing game...
[10May2026 14:06:37.728] [Server thread/INFO] [net.minecraft.server.MinecraftServer/]: Saving chunks for level 'ServerLevel[New World]'/minecraft:overworld
[10May2026 14:06:37.754] [Server thread/INFO] [net.minecraft.server.MinecraftServer/]: Saving chunks for level 'ServerLevel[New World]'/minecraft:the_nether
[10May2026 14:06:37.757] [Server thread/INFO] [net.minecraft.server.MinecraftServer/]: Saving chunks for level 'ServerLevel[New World]'/minecraft:the_end
[10May2026 14:06:47.537] [Server thread/INFO] [net.minecraft.client.server.IntegratedServer/]: Saving and pausing game...
[10May2026 14:06:47.551] [Server thread/INFO] [net.minecraft.server.MinecraftServer/]: Saving chunks for level 'ServerLevel[New World]'/minecraft:overworld
[10May2026 14:06:47.568] [Server thread/INFO] [net.minecraft.server.MinecraftServer/]: Saving chunks for level 'ServerLevel[New World]'/minecraft:the_nether
[10May2026 14:06:47.570] [Server thread/INFO] [net.minecraft.server.MinecraftServer/]: Saving chunks for level 'ServerLevel[New World]'/minecraft:the_end
[10May2026 14:06:47.624] [Server thread/INFO] [net.minecraft.server.network.ServerGamePacketListenerImpl/]: Dev lost connection: Disconnected
[10May2026 14:06:47.625] [Server thread/INFO] [net.minecraft.server.MinecraftServer/]: Dev left the game
[10May2026 14:06:47.640] [Server thread/INFO] [net.minecraft.server.network.ServerGamePacketListenerImpl/]: Stopping singleplayer server as player logged out
[10May2026 14:06:47.669] [Server thread/INFO] [net.minecraft.server.MinecraftServer/]: Stopping server
[10May2026 14:06:47.670] [Server thread/INFO] [net.minecraft.server.MinecraftServer/]: Saving players
[10May2026 14:06:47.671] [Server thread/INFO] [net.minecraft.server.MinecraftServer/]: Saving worlds
[10May2026 14:06:48.711] [Server thread/INFO] [net.minecraft.server.MinecraftServer/]: Saving chunks for level 'ServerLevel[New World]'/minecraft:overworld
[10May2026 14:06:50.069] [Server thread/INFO] [net.minecraft.server.MinecraftServer/]: Saving chunks for level 'ServerLevel[New World]'/minecraft:the_nether
[10May2026 14:06:50.073] [Server thread/INFO] [net.minecraft.server.MinecraftServer/]: Saving chunks for level 'ServerLevel[New World]'/minecraft:the_end
[10May2026 14:06:50.111] [Server thread/INFO] [net.minecraft.server.MinecraftServer/]: ThreadedAnvilChunkStorage (New World): All chunks are saved
[10May2026 14:06:50.112] [Server thread/INFO] [net.minecraft.server.MinecraftServer/]: ThreadedAnvilChunkStorage (DIM-1): All chunks are saved
[10May2026 14:06:50.112] [Server thread/INFO] [net.minecraft.server.MinecraftServer/]: ThreadedAnvilChunkStorage (DIM1): All chunks are saved
[10May2026 14:06:50.112] [Server thread/INFO] [net.minecraft.server.MinecraftServer/]: ThreadedAnvilChunkStorage: All dimensions are saved
[10May2026 14:06:51.531] [Render thread/INFO] [net.minecraftforge.registries.GameData/REGISTRIES]: Injecting existing registry data into this CLIENT instance
[10May2026 14:06:53.671] [Render thread/INFO] [net.minecraft.world.item.crafting.RecipeManager/]: Loaded 7 recipes
[10May2026 14:06:53.747] [Render thread/INFO] [net.minecraft.advancements.AdvancementList/]: Loaded 1271 advancements
[10May2026 14:06:54.944] [Server thread/INFO] [net.minecraft.client.server.IntegratedServer/]: Starting integrated minecraft server version 1.20.1
[10May2026 14:06:54.946] [Server thread/INFO] [net.minecraft.server.MinecraftServer/]: Generating keypair
[10May2026 14:06:56.848] [Server thread/INFO] [net.minecraft.server.MinecraftServer/]: Preparing start region for dimension minecraft:overworld
[10May2026 14:07:02.896] [Render thread/INFO] [net.minecraft.server.level.progress.LoggerChunkProgressListener/]: Preparing spawn area: 0%
[10May2026 14:07:02.898] [Render thread/INFO] [net.minecraft.server.level.progress.LoggerChunkProgressListener/]: Preparing spawn area: 0%
[10May2026 14:07:02.898] [Render thread/INFO] [net.minecraft.server.level.progress.LoggerChunkProgressListener/]: Preparing spawn area: 0%
[10May2026 14:07:02.898] [Render thread/INFO] [net.minecraft.server.level.progress.LoggerChunkProgressListener/]: Preparing spawn area: 0%
[10May2026 14:07:02.918] [Render thread/INFO] [net.minecraft.server.level.progress.LoggerChunkProgressListener/]: Preparing spawn area: 0%
[10May2026 14:07:02.918] [Render thread/INFO] [net.minecraft.server.level.progress.LoggerChunkProgressListener/]: Preparing spawn area: 0%
[10May2026 14:07:02.919] [Render thread/INFO] [net.minecraft.server.level.progress.LoggerChunkProgressListener/]: Preparing spawn area: 0%
[10May2026 14:07:02.919] [Render thread/INFO] [net.minecraft.server.level.progress.LoggerChunkProgressListener/]: Preparing spawn area: 0%
[10May2026 14:07:02.940] [Render thread/INFO] [net.minecraft.server.level.progress.LoggerChunkProgressListener/]: Preparing spawn area: 0%
[10May2026 14:07:02.941] [Render thread/INFO] [net.minecraft.server.level.progress.LoggerChunkProgressListener/]: Preparing spawn area: 0%
[10May2026 14:07:02.941] [Render thread/INFO] [net.minecraft.server.level.progress.LoggerChunkProgressListener/]: Preparing spawn area: 0%
[10May2026 14:07:02.942] [Render thread/INFO] [net.minecraft.server.level.progress.LoggerChunkProgressListener/]: Preparing spawn area: 0%
[10May2026 14:07:02.942] [Render thread/INFO] [net.minecraft.server.level.progress.LoggerChunkProgressListener/]: Preparing spawn area: 0%
[10May2026 14:07:03.361] [Render thread/INFO] [net.minecraft.server.level.progress.LoggerChunkProgressListener/]: Preparing spawn area: 0%
[10May2026 14:07:03.874] [Render thread/INFO] [net.minecraft.server.level.progress.LoggerChunkProgressListener/]: Preparing spawn area: 0%
[10May2026 14:07:04.363] [Render thread/INFO] [net.minecraft.server.level.progress.LoggerChunkProgressListener/]: Preparing spawn area: 11%
[10May2026 14:07:04.868] [Render thread/INFO] [net.minecraft.server.level.progress.LoggerChunkProgressListener/]: Preparing spawn area: 35%
[10May2026 14:07:05.368] [Render thread/INFO] [net.minecraft.server.level.progress.LoggerChunkProgressListener/]: Preparing spawn area: 60%
[10May2026 14:07:05.875] [Render thread/INFO] [net.minecraft.server.level.progress.LoggerChunkProgressListener/]: Preparing spawn area: 85%
[10May2026 14:07:06.089] [Server thread/INFO] [net.minecraftforge.server.permission.PermissionAPI/]: Successfully initialized permission handler forge:default_handler
[10May2026 14:07:06.100] [Render thread/INFO] [net.minecraft.server.level.progress.LoggerChunkProgressListener/]: Time elapsed: 9240 ms
[10May2026 14:07:06.122] [Server thread/WARN] [net.minecraft.world.level.entity.PersistentEntitySectionManager/]: UUID of added entity already exists: Axolotl['Axolotl'/1267, l='ServerLevel[New World]', x=-59.33, y=6.10, z=276.82]
[10May2026 14:07:06.129] [Server thread/INFO] [net.minecraft.client.server.IntegratedServer/]: Changing view distance to 12, from 10
[10May2026 14:07:06.133] [Server thread/INFO] [net.minecraft.client.server.IntegratedServer/]: Changing simulation distance to 12, from 0
[10May2026 14:07:06.411] [Netty Local Client IO #1/INFO] [net.minecraftforge.network.NetworkHooks/]: Connected to a modded server.
[10May2026 14:07:06.441] [Server thread/INFO] [net.minecraft.server.players.PlayerList/]: Dev[local:E:f42314a6] logged in with entity id 1424 at (-111.05237318705835, 72.24568577253427, 227.89868812097458)
[10May2026 14:07:06.498] [Server thread/INFO] [net.minecraft.server.MinecraftServer/]: Dev joined the game
[10May2026 14:07:07.356] [Render thread/INFO] [net.minecraft.advancements.AdvancementList/]: Loaded 13 advancements
[10May2026 14:07:08.140] [Server thread/INFO] [net.minecraft.client.server.IntegratedServer/]: Saving and pausing game...
[10May2026 14:07:08.159] [Server thread/INFO] [net.minecraft.server.MinecraftServer/]: Saving chunks for level 'ServerLevel[New World]'/minecraft:overworld
[10May2026 14:07:08.813] [Server thread/INFO] [net.minecraft.server.MinecraftServer/]: Saving chunks for level 'ServerLevel[New World]'/minecraft:the_nether
[10May2026 14:07:08.818] [Server thread/INFO] [net.minecraft.server.MinecraftServer/]: Saving chunks for level 'ServerLevel[New World]'/minecraft:the_end
[10May2026 14:07:34.962] [Server thread/INFO] [net.minecraft.server.MinecraftServer/]: [Dev: Gave 1 [Repeating Command Block] to Dev]
[10May2026 14:07:34.963] [Render thread/INFO] [net.minecraft.client.gui.components.ChatComponent/]: [System] [CHAT] Gave 1 [Repeating Command Block] to Dev
[10May2026 14:07:35.341] [Server thread/INFO] [net.minecraft.client.server.IntegratedServer/]: Saving and pausing game...
[10May2026 14:07:35.352] [Server thread/INFO] [net.minecraft.server.MinecraftServer/]: Saving chunks for level 'ServerLevel[New World]'/minecraft:overworld
[10May2026 14:07:35.361] [Server thread/INFO] [net.minecraft.server.MinecraftServer/]: Saving chunks for level 'ServerLevel[New World]'/minecraft:the_nether
[10May2026 14:07:35.364] [Server thread/INFO] [net.minecraft.server.MinecraftServer/]: Saving chunks for level 'ServerLevel[New World]'/minecraft:the_end
[10May2026 14:07:42.791] [Server thread/INFO] [net.minecraft.client.server.IntegratedServer/]: Saving and pausing game...
[10May2026 14:07:42.801] [Server thread/INFO] [net.minecraft.server.MinecraftServer/]: Saving chunks for level 'ServerLevel[New World]'/minecraft:overworld
[10May2026 14:07:42.810] [Server thread/INFO] [net.minecraft.server.MinecraftServer/]: Saving chunks for level 'ServerLevel[New World]'/minecraft:the_nether
[10May2026 14:07:42.811] [Server thread/INFO] [net.minecraft.server.MinecraftServer/]: Saving chunks for level 'ServerLevel[New World]'/minecraft:the_end
[10May2026 14:07:55.212] [Render thread/INFO] [net.minecraft.advancements.AdvancementList/]: Loaded 24 advancements
[10May2026 14:07:57.740] [Server thread/INFO] [net.minecraft.client.server.IntegratedServer/]: Saving and pausing game...
[10May2026 14:07:57.754] [Server thread/INFO] [net.minecraft.server.MinecraftServer/]: Saving chunks for level 'ServerLevel[New World]'/minecraft:overworld
[10May2026 14:07:57.768] [Server thread/INFO] [net.minecraft.server.MinecraftServer/]: Saving chunks for level 'ServerLevel[New World]'/minecraft:the_nether
[10May2026 14:07:57.771] [Server thread/INFO] [net.minecraft.server.MinecraftServer/]: Saving chunks for level 'ServerLevel[New World]'/minecraft:the_end
[10May2026 14:08:01.533] [Render thread/INFO] [net.minecraft.client.gui.components.ChatComponent/]: [System] [CHAT] Command set: summon minecraft:tnt_minecart
[10May2026 14:08:01.940] [Server thread/INFO] [net.minecraft.client.server.IntegratedServer/]: Saving and pausing game...
[10May2026 14:08:01.953] [Server thread/INFO] [net.minecraft.server.MinecraftServer/]: Saving chunks for level 'ServerLevel[New World]'/minecraft:overworld
[10May2026 14:08:01.963] [Server thread/INFO] [net.minecraft.server.MinecraftServer/]: Saving chunks for level 'ServerLevel[New World]'/minecraft:the_nether
[10May2026 14:08:01.964] [Server thread/INFO] [net.minecraft.server.MinecraftServer/]: Saving chunks for level 'ServerLevel[New World]'/minecraft:the_end
[10May2026 14:08:11.015] [Server thread/INFO] [net.minecraft.server.MinecraftServer/]: [Dev: Gave 1 [Lever] to Dev]
[10May2026 14:08:11.015] [Render thread/INFO] [net.minecraft.client.gui.components.ChatComponent/]: [System] [CHAT] Gave 1 [Lever] to Dev
[10May2026 14:08:13.793] [Server thread/INFO] [net.minecraft.server.MinecraftServer/]: [@: Summoned new Minecart with TNT]
[10May2026 14:08:13.797] [Render thread/INFO] [net.minecraft.client.gui.components.ChatComponent/]: [System] [CHAT] [@: Summoned new Minecart with TNT]
[10May2026 14:08:13.842] [Server thread/INFO] [net.minecraft.server.MinecraftServer/]: [@: Summoned new Minecart with TNT]
[10May2026 14:08:13.850] [Render thread/INFO] [net.minecraft.client.gui.components.ChatComponent/]: [System] [CHAT] [@: Summoned new Minecart with TNT]
[10May2026 14:08:13.891] [Server thread/INFO] [net.minecraft.server.MinecraftServer/]: [@: Summoned new Minecart with TNT]
[10May2026 14:08:13.896] [Render thread/INFO] [net.minecraft.client.gui.components.ChatComponent/]: [System] [CHAT] [@: Summoned new Minecart with TNT]
[10May2026 14:08:13.941] [Server thread/INFO] [net.minecraft.server.MinecraftServer/]: [@: Summoned new Minecart with TNT]
[10May2026 14:08:13.947] [Render thread/INFO] [net.minecraft.client.gui.components.ChatComponent/]: [System] [CHAT] [@: Summoned new Minecart with TNT]
[10May2026 14:08:13.990] [Server thread/INFO] [net.minecraft.server.MinecraftServer/]: [@: Summoned new Minecart with TNT]
[10May2026 14:08:13.996] [Render thread/INFO] [net.minecraft.client.gui.components.ChatComponent/]: [System] [CHAT] [@: Summoned new Minecart with TNT]
[10May2026 14:08:14.042] [Server thread/INFO] [net.minecraft.server.MinecraftServer/]: [@: Summoned new Minecart with TNT]
[10May2026 14:08:14.048] [Render thread/INFO] [net.minecraft.client.gui.components.ChatComponent/]: [System] [CHAT] [@: Summoned new Minecart with TNT]
[10May2026 14:08:14.090] [Server thread/INFO] [net.minecraft.server.MinecraftServer/]: [@: Summoned new Minecart with TNT]
[10May2026 14:08:14.098] [Render thread/INFO] [net.minecraft.client.gui.components.ChatComponent/]: [System] [CHAT] [@: Summoned new Minecart with TNT]
[10May2026 14:08:14.141] [Server thread/INFO] [net.minecraft.server.MinecraftServer/]: [@: Summoned new Minecart with TNT]
[10May2026 14:08:14.148] [Render thread/INFO] [net.minecraft.client.gui.components.ChatComponent/]: [System] [CHAT] [@: Summoned new Minecart with TNT]
[10May2026 14:08:14.191] [Server thread/INFO] [net.minecraft.server.MinecraftServer/]: [@: Summoned new Minecart with TNT]
[10May2026 14:08:14.198] [Render thread/INFO] [net.minecraft.client.gui.components.ChatComponent/]: [System] [CHAT] [@: Summoned new Minecart with TNT]
[10May2026 14:08:14.242] [Server thread/INFO] [net.minecraft.server.MinecraftServer/]: [@: Summoned new Minecart with TNT]
[10May2026 14:08:14.247] [Render thread/INFO] [net.minecraft.client.gui.components.ChatComponent/]: [System] [CHAT] [@: Summoned new Minecart with TNT]
[10May2026 14:08:14.291] [Server thread/INFO] [net.minecraft.server.MinecraftServer/]: [@: Summoned new Minecart with TNT]
[10May2026 14:08:14.298] [Render thread/INFO] [net.minecraft.client.gui.components.ChatComponent/]: [System] [CHAT] [@: Summoned new Minecart with TNT]
[10May2026 14:08:14.341] [Server thread/INFO] [net.minecraft.server.MinecraftServer/]: [@: Summoned new Minecart with TNT]
[10May2026 14:08:14.347] [Render thread/INFO] [net.minecraft.client.gui.components.ChatComponent/]: [System] [CHAT] [@: Summoned new Minecart with TNT]
[10May2026 14:08:14.393] [Server thread/INFO] [net.minecraft.server.MinecraftServer/]: [@: Summoned new Minecart with TNT]
[10May2026 14:08:14.397] [Render thread/INFO] [net.minecraft.client.gui.components.ChatComponent/]: [System] [CHAT] [@: Summoned new Minecart with TNT]
[10May2026 14:08:14.441] [Server thread/INFO] [net.minecraft.server.MinecraftServer/]: [@: Summoned new Minecart with TNT]
[10May2026 14:08:14.446] [Render thread/INFO] [net.minecraft.client.gui.components.ChatComponent/]: [System] [CHAT] [@: Summoned new Minecart with TNT]
[10May2026 14:08:14.490] [Server thread/INFO] [net.minecraft.server.MinecraftServer/]: [@: Summoned new Minecart with TNT]
[10May2026 14:08:14.499] [Render thread/INFO] [net.minecraft.client.gui.components.ChatComponent/]: [System] [CHAT] [@: Summoned new Minecart with TNT]
[10May2026 14:08:14.542] [Server thread/INFO] [net.minecraft.server.MinecraftServer/]: [@: Summoned new Minecart with TNT]
[10May2026 14:08:14.548] [Render thread/INFO] [net.minecraft.client.gui.components.ChatComponent/]: [System] [CHAT] [@: Summoned new Minecart with TNT]
[10May2026 14:08:14.592] [Server thread/INFO] [net.minecraft.server.MinecraftServer/]: [@: Summoned new Minecart with TNT]
[10May2026 14:08:14.612] [Render thread/INFO] [net.minecraft.client.gui.components.ChatComponent/]: [System] [CHAT] [@: Summoned new Minecart with TNT]
[10May2026 14:08:14.643] [Server thread/INFO] [net.minecraft.server.MinecraftServer/]: [@: Summoned new Minecart with TNT]
[10May2026 14:08:14.648] [Render thread/INFO] [net.minecraft.client.gui.components.ChatComponent/]: [System] [CHAT] [@: Summoned new Minecart with TNT]
[10May2026 14:08:14.691] [Server thread/INFO] [net.minecraft.server.MinecraftServer/]: [@: Summoned new Minecart with TNT]
[10May2026 14:08:14.696] [Render thread/INFO] [net.minecraft.client.gui.components.ChatComponent/]: [System] [CHAT] [@: Summoned new Minecart with TNT]
[10May2026 14:08:14.741] [Server thread/INFO] [net.minecraft.server.MinecraftServer/]: [@: Summoned new Minecart with TNT]
[10May2026 14:08:14.766] [Render thread/INFO] [net.minecraft.client.gui.components.ChatComponent/]: [System] [CHAT] [@: Summoned new Minecart with TNT]
[10May2026 14:08:14.793] [Server thread/INFO] [net.minecraft.server.MinecraftServer/]: [@: Summoned new Minecart with TNT]
[10May2026 14:08:14.798] [Render thread/INFO] [net.minecraft.client.gui.components.ChatComponent/]: [System] [CHAT] [@: Summoned new Minecart with TNT]
[10May2026 14:08:14.842] [Server thread/INFO] [net.minecraft.server.MinecraftServer/]: [@: Summoned new Minecart with TNT]
[10May2026 14:08:14.866] [Render thread/INFO] [net.minecraft.client.gui.components.ChatComponent/]: [System] [CHAT] [@: Summoned new Minecart with TNT]
[10May2026 14:08:14.890] [Server thread/INFO] [net.minecraft.server.MinecraftServer/]: [@: Summoned new Minecart with TNT]
[10May2026 14:08:14.898] [Render thread/INFO] [net.minecraft.client.gui.components.ChatComponent/]: [System] [CHAT] [@: Summoned new Minecart with TNT]
[10May2026 14:08:14.940] [Server thread/INFO] [net.minecraft.server.MinecraftServer/]: [@: Summoned new Minecart with TNT]
[10May2026 14:08:14.949] [Render thread/INFO] [net.minecraft.client.gui.components.ChatComponent/]: [System] [CHAT] [@: Summoned new Minecart with TNT]
[10May2026 14:08:14.991] [Server thread/INFO] [net.minecraft.server.MinecraftServer/]: [@: Summoned new Minecart with TNT]
[10May2026 14:08:14.997] [Render thread/INFO] [net.minecraft.client.gui.components.ChatComponent/]: [System] [CHAT] [@: Summoned new Minecart with TNT]
[10May2026 14:08:15.041] [Server thread/INFO] [net.minecraft.server.MinecraftServer/]: [@: Summoned new Minecart with TNT]
[10May2026 14:08:15.048] [Render thread/INFO] [net.minecraft.client.gui.components.ChatComponent/]: [System] [CHAT] [@: Summoned new Minecart with TNT]
[10May2026 14:08:15.090] [Server thread/INFO] [net.minecraft.server.MinecraftServer/]: [@: Summoned new Minecart with TNT]
[10May2026 14:08:15.097] [Render thread/INFO] [net.minecraft.client.gui.components.ChatComponent/]: [System] [CHAT] [@: Summoned new Minecart with TNT]
[10May2026 14:08:15.140] [Server thread/INFO] [net.minecraft.server.MinecraftServer/]: [@: Summoned new Minecart with TNT]
[10May2026 14:08:15.147] [Render thread/INFO] [net.minecraft.client.gui.components.ChatComponent/]: [System] [CHAT] [@: Summoned new Minecart with TNT]
[10May2026 14:08:15.191] [Server thread/INFO] [net.minecraft.server.MinecraftServer/]: [@: Summoned new Minecart with TNT]
[10May2026 14:08:15.197] [Render thread/INFO] [net.minecraft.client.gui.components.ChatComponent/]: [System] [CHAT] [@: Summoned new Minecart with TNT]
[10May2026 14:08:15.242] [Server thread/INFO] [net.minecraft.server.MinecraftServer/]: [@: Summoned new Minecart with TNT]
[10May2026 14:08:15.250] [Render thread/INFO] [net.minecraft.client.gui.components.ChatComponent/]: [System] [CHAT] [@: Summoned new Minecart with TNT]
[10May2026 14:08:15.291] [Server thread/INFO] [net.minecraft.server.MinecraftServer/]: [@: Summoned new Minecart with TNT]
[10May2026 14:08:15.297] [Render thread/INFO] [net.minecraft.client.gui.components.ChatComponent/]: [System] [CHAT] [@: Summoned new Minecart with TNT]
[10May2026 14:08:15.340] [Server thread/INFO] [net.minecraft.server.MinecraftServer/]: [@: Summoned new Minecart with TNT]
[10May2026 14:08:15.347] [Render thread/INFO] [net.minecraft.client.gui.components.ChatComponent/]: [System] [CHAT] [@: Summoned new Minecart with TNT]
[10May2026 14:08:15.392] [Server thread/INFO] [net.minecraft.server.MinecraftServer/]: [@: Summoned new Minecart with TNT]
[10May2026 14:08:15.398] [Render thread/INFO] [net.minecraft.client.gui.components.ChatComponent/]: [System] [CHAT] [@: Summoned new Minecart with TNT]
[10May2026 14:08:15.442] [Server thread/INFO] [net.minecraft.server.MinecraftServer/]: [@: Summoned new Minecart with TNT]
[10May2026 14:08:15.449] [Render thread/INFO] [net.minecraft.client.gui.components.ChatComponent/]: [System] [CHAT] [@: Summoned new Minecart with TNT]
[10May2026 14:08:15.491] [Server thread/INFO] [net.minecraft.server.MinecraftServer/]: [@: Summoned new Minecart with TNT]
[10May2026 14:08:15.499] [Render thread/INFO] [net.minecraft.client.gui.components.ChatComponent/]: [System] [CHAT] [@: Summoned new Minecart with TNT]
[10May2026 14:08:15.542] [Server thread/INFO] [net.minecraft.server.MinecraftServer/]: [@: Summoned new Minecart with TNT]
[10May2026 14:08:15.548] [Render thread/INFO] [net.minecraft.client.gui.components.ChatComponent/]: [System] [CHAT] [@: Summoned new Minecart with TNT]
[10May2026 14:08:15.591] [Server thread/INFO] [net.minecraft.server.MinecraftServer/]: [@: Summoned new Minecart with TNT]
[10May2026 14:08:15.598] [Render thread/INFO] [net.minecraft.client.gui.components.ChatComponent/]: [System] [CHAT] [@: Summoned new Minecart with TNT]
[10May2026 14:08:15.640] [Server thread/INFO] [net.minecraft.server.MinecraftServer/]: [@: Summoned new Minecart with TNT]
[10May2026 14:08:15.649] [Render thread/INFO] [net.minecraft.client.gui.components.ChatComponent/]: [System] [CHAT] [@: Summoned new Minecart with TNT]
[10May2026 14:08:15.690] [Server thread/INFO] [net.minecraft.server.MinecraftServer/]: [@: Summoned new Minecart with TNT]
[10May2026 14:08:15.697] [Render thread/INFO] [net.minecraft.client.gui.components.ChatComponent/]: [System] [CHAT] [@: Summoned new Minecart with TNT]
[10May2026 14:08:15.742] [Server thread/INFO] [net.minecraft.server.MinecraftServer/]: [@: Summoned new Minecart with TNT]
[10May2026 14:08:15.746] [Render thread/INFO] [net.minecraft.client.gui.components.ChatComponent/]: [System] [CHAT] [@: Summoned new Minecart with TNT]
[10May2026 14:08:15.791] [Server thread/INFO] [net.minecraft.server.MinecraftServer/]: [@: Summoned new Minecart with TNT]
[10May2026 14:08:15.796] [Render thread/INFO] [net.minecraft.client.gui.components.ChatComponent/]: [System] [CHAT] [@: Summoned new Minecart with TNT]
[10May2026 14:08:15.841] [Server thread/INFO] [net.minecraft.server.MinecraftServer/]: [@: Summoned new Minecart with TNT]
[10May2026 14:08:15.847] [Render thread/INFO] [net.minecraft.client.gui.components.ChatComponent/]: [System] [CHAT] [@: Summoned new Minecart with TNT]
[10May2026 14:08:15.891] [Server thread/INFO] [net.minecraft.server.MinecraftServer/]: [@: Summoned new Minecart with TNT]
[10May2026 14:08:15.897] [Render thread/INFO] [net.minecraft.client.gui.components.ChatComponent/]: [System] [CHAT] [@: Summoned new Minecart with TNT]
[10May2026 14:08:15.943] [Server thread/INFO] [net.minecraft.server.MinecraftServer/]: [@: Summoned new Minecart with TNT]
[10May2026 14:08:15.947] [Render thread/INFO] [net.minecraft.client.gui.components.ChatComponent/]: [System] [CHAT] [@: Summoned new Minecart with TNT]
[10May2026 14:08:15.992] [Server thread/INFO] [net.minecraft.server.MinecraftServer/]: [@: Summoned new Minecart with TNT]
[10May2026 14:08:15.997] [Render thread/INFO] [net.minecraft.client.gui.components.ChatComponent/]: [System] [CHAT] [@: Summoned new Minecart with TNT]
[10May2026 14:08:16.040] [Server thread/INFO] [net.minecraft.server.MinecraftServer/]: [@: Summoned new Minecart with TNT]
[10May2026 14:08:16.048] [Render thread/INFO] [net.minecraft.client.gui.components.ChatComponent/]: [System] [CHAT] [@: Summoned new Minecart with TNT]
[10May2026 14:08:16.090] [Server thread/INFO] [net.minecraft.server.MinecraftServer/]: [@: Summoned new Minecart with TNT]
[10May2026 14:08:16.097] [Render thread/INFO] [net.minecraft.client.gui.components.ChatComponent/]: [System] [CHAT] [@: Summoned new Minecart with TNT]
[10May2026 14:08:16.142] [Server thread/INFO] [net.minecraft.server.MinecraftServer/]: [@: Summoned new Minecart with TNT]
[10May2026 14:08:16.147] [Render thread/INFO] [net.minecraft.client.gui.components.ChatComponent/]: [System] [CHAT] [@: Summoned new Minecart with TNT]
[10May2026 14:08:16.192] [Server thread/INFO] [net.minecraft.server.MinecraftServer/]: [@: Summoned new Minecart with TNT]
[10May2026 14:08:16.196] [Render thread/INFO] [net.minecraft.client.gui.components.ChatComponent/]: [System] [CHAT] [@: Summoned new Minecart with TNT]
[10May2026 14:08:16.241] [Server thread/INFO] [net.minecraft.server.MinecraftServer/]: [@: Summoned new Minecart with TNT]
[10May2026 14:08:16.247] [Render thread/INFO] [net.minecraft.client.gui.components.ChatComponent/]: [System] [CHAT] [@: Summoned new Minecart with TNT]
[10May2026 14:08:16.291] [Server thread/INFO] [net.minecraft.server.MinecraftServer/]: [@: Summoned new Minecart with TNT]
[10May2026 14:08:16.297] [Render thread/INFO] [net.minecraft.client.gui.components.ChatComponent/]: [System] [CHAT] [@: Summoned new Minecart with TNT]
[10May2026 14:08:16.341] [Server thread/INFO] [net.minecraft.server.MinecraftServer/]: [@: Summoned new Minecart with TNT]
[10May2026 14:08:16.348] [Render thread/INFO] [net.minecraft.client.gui.components.ChatComponent/]: [System] [CHAT] [@: Summoned new Minecart with TNT]
[10May2026 14:08:16.390] [Server thread/INFO] [net.minecraft.server.MinecraftServer/]: [@: Summoned new Minecart with TNT]
[10May2026 14:08:16.399] [Render thread/INFO] [net.minecraft.client.gui.components.ChatComponent/]: [System] [CHAT] [@: Summoned new Minecart with TNT]
[10May2026 14:08:16.440] [Server thread/INFO] [net.minecraft.server.MinecraftServer/]: [@: Summoned new Minecart with TNT]
[10May2026 14:08:16.448] [Render thread/INFO] [net.minecraft.client.gui.components.ChatComponent/]: [System] [CHAT] [@: Summoned new Minecart with TNT]
[10May2026 14:08:16.493] [Server thread/INFO] [net.minecraft.server.MinecraftServer/]: [@: Summoned new Minecart with TNT]
[10May2026 14:08:16.497] [Render thread/INFO] [net.minecraft.client.gui.components.ChatComponent/]: [System] [CHAT] [@: Summoned new Minecart with TNT]
[10May2026 14:08:16.542] [Server thread/INFO] [net.minecraft.server.MinecraftServer/]: [@: Summoned new Minecart with TNT]
[10May2026 14:08:16.548] [Render thread/INFO] [net.minecraft.client.gui.components.ChatComponent/]: [System] [CHAT] [@: Summoned new Minecart with TNT]
[10May2026 14:08:16.591] [Server thread/INFO] [net.minecraft.server.MinecraftServer/]: [@: Summoned new Minecart with TNT]
[10May2026 14:08:16.597] [Render thread/INFO] [net.minecraft.client.gui.components.ChatComponent/]: [System] [CHAT] [@: Summoned new Minecart with TNT]
[10May2026 14:08:16.641] [Server thread/INFO] [net.minecraft.server.MinecraftServer/]: [@: Summoned new Minecart with TNT]
[10May2026 14:08:16.646] [Render thread/INFO] [net.minecraft.client.gui.components.ChatComponent/]: [System] [CHAT] [@: Summoned new Minecart with TNT]
[10May2026 14:08:16.691] [Server thread/INFO] [net.minecraft.server.MinecraftServer/]: [@: Summoned new Minecart with TNT]
[10May2026 14:08:16.697] [Render thread/INFO] [net.minecraft.client.gui.components.ChatComponent/]: [System] [CHAT] [@: Summoned new Minecart with TNT]
[10May2026 14:08:16.741] [Server thread/INFO] [net.minecraft.server.MinecraftServer/]: [@: Summoned new Minecart with TNT]
[10May2026 14:08:16.748] [Render thread/INFO] [net.minecraft.client.gui.components.ChatComponent/]: [System] [CHAT] [@: Summoned new Minecart with TNT]
[10May2026 14:08:16.790] [Server thread/INFO] [net.minecraft.server.MinecraftServer/]: [@: Summoned new Minecart with TNT]
[10May2026 14:08:16.798] [Render thread/INFO] [net.minecraft.client.gui.components.ChatComponent/]: [System] [CHAT] [@: Summoned new Minecart with TNT]
[10May2026 14:08:16.842] [Server thread/INFO] [net.minecraft.server.MinecraftServer/]: [@: Summoned new Minecart with TNT]
[10May2026 14:08:16.848] [Render thread/INFO] [net.minecraft.client.gui.components.ChatComponent/]: [System] [CHAT] [@: Summoned new Minecart with TNT]
[10May2026 14:08:16.891] [Server thread/INFO] [net.minecraft.server.MinecraftServer/]: [@: Summoned new Minecart with TNT]
[10May2026 14:08:16.896] [Render thread/INFO] [net.minecraft.client.gui.components.ChatComponent/]: [System] [CHAT] [@: Summoned new Minecart with TNT]
[10May2026 14:08:16.940] [Server thread/INFO] [net.minecraft.server.MinecraftServer/]: [@: Summoned new Minecart with TNT]
[10May2026 14:08:16.948] [Render thread/INFO] [net.minecraft.client.gui.components.ChatComponent/]: [System] [CHAT] [@: Summoned new Minecart with TNT]
[10May2026 14:08:16.991] [Server thread/INFO] [net.minecraft.server.MinecraftServer/]: [@: Summoned new Minecart with TNT]
[10May2026 14:08:16.997] [Render thread/INFO] [net.minecraft.client.gui.components.ChatComponent/]: [System] [CHAT] [@: Summoned new Minecart with TNT]
[10May2026 14:08:17.040] [Server thread/INFO] [net.minecraft.server.MinecraftServer/]: [@: Summoned new Minecart with TNT]
[10May2026 14:08:17.046] [Render thread/INFO] [net.minecraft.client.gui.components.ChatComponent/]: [System] [CHAT] [@: Summoned new Minecart with TNT]
[10May2026 14:08:17.093] [Server thread/INFO] [net.minecraft.server.MinecraftServer/]: [@: Summoned new Minecart with TNT]
[10May2026 14:08:17.096] [Render thread/INFO] [net.minecraft.client.gui.components.ChatComponent/]: [System] [CHAT] [@: Summoned new Minecart with TNT]
[10May2026 14:08:17.140] [Server thread/INFO] [net.minecraft.server.MinecraftServer/]: [@: Summoned new Minecart with TNT]
[10May2026 14:08:17.146] [Render thread/INFO] [net.minecraft.client.gui.components.ChatComponent/]: [System] [CHAT] [@: Summoned new Minecart with TNT]
[10May2026 14:08:17.191] [Server thread/INFO] [net.minecraft.server.MinecraftServer/]: [@: Summoned new Minecart with TNT]
[10May2026 14:08:17.197] [Render thread/INFO] [net.minecraft.client.gui.components.ChatComponent/]: [System] [CHAT] [@: Summoned new Minecart with TNT]
[10May2026 14:08:17.240] [Server thread/INFO] [net.minecraft.server.MinecraftServer/]: [@: Summoned new Minecart with TNT]
[10May2026 14:08:17.246] [Render thread/INFO] [net.minecraft.client.gui.components.ChatComponent/]: [System] [CHAT] [@: Summoned new Minecart with TNT]
[10May2026 14:08:17.291] [Server thread/INFO] [net.minecraft.server.MinecraftServer/]: [@: Summoned new Minecart with TNT]
[10May2026 14:08:17.296] [Render thread/INFO] [net.minecraft.client.gui.components.ChatComponent/]: [System] [CHAT] [@: Summoned new Minecart with TNT]
[10May2026 14:08:17.341] [Server thread/INFO] [net.minecraft.server.MinecraftServer/]: [@: Summoned new Minecart with TNT]
[10May2026 14:08:17.348] [Render thread/INFO] [net.minecraft.client.gui.components.ChatComponent/]: [System] [CHAT] [@: Summoned new Minecart with TNT]
[10May2026 14:08:17.394] [Server thread/INFO] [net.minecraft.server.MinecraftServer/]: [@: Summoned new Minecart with TNT]
[10May2026 14:08:17.397] [Render thread/INFO] [net.minecraft.client.gui.components.ChatComponent/]: [System] [CHAT] [@: Summoned new Minecart with TNT]
[10May2026 14:08:17.441] [Server thread/INFO] [net.minecraft.server.MinecraftServer/]: [@: Summoned new Minecart with TNT]
[10May2026 14:08:17.446] [Render thread/INFO] [net.minecraft.client.gui.components.ChatComponent/]: [System] [CHAT] [@: Summoned new Minecart with TNT]
[10May2026 14:08:17.492] [Server thread/INFO] [net.minecraft.server.MinecraftServer/]: [@: Summoned new Minecart with TNT]
[10May2026 14:08:17.497] [Render thread/INFO] [net.minecraft.client.gui.components.ChatComponent/]: [System] [CHAT] [@: Summoned new Minecart with TNT]
[10May2026 14:08:17.541] [Server thread/INFO] [net.minecraft.server.MinecraftServer/]: [@: Summoned new Minecart with TNT]
[10May2026 14:08:17.546] [Render thread/INFO] [net.minecraft.client.gui.components.ChatComponent/]: [System] [CHAT] [@: Summoned new Minecart with TNT]
[10May2026 14:08:17.592] [Server thread/INFO] [net.minecraft.server.MinecraftServer/]: [@: Summoned new Minecart with TNT]
[10May2026 14:08:17.595] [Render thread/INFO] [net.minecraft.client.gui.components.ChatComponent/]: [System] [CHAT] [@: Summoned new Minecart with TNT]
[10May2026 14:08:17.640] [Server thread/INFO] [net.minecraft.server.MinecraftServer/]: [@: Summoned new Minecart with TNT]
[10May2026 14:08:17.647] [Render thread/INFO] [net.minecraft.client.gui.components.ChatComponent/]: [System] [CHAT] [@: Summoned new Minecart with TNT]
[10May2026 14:08:17.691] [Server thread/INFO] [net.minecraft.server.MinecraftServer/]: [@: Summoned new Minecart with TNT]
[10May2026 14:08:17.696] [Render thread/INFO] [net.minecraft.client.gui.components.ChatComponent/]: [System] [CHAT] [@: Summoned new Minecart with TNT]
[10May2026 14:08:17.742] [Server thread/INFO] [net.minecraft.server.MinecraftServer/]: [@: Summoned new Minecart with TNT]
[10May2026 14:08:17.747] [Render thread/INFO] [net.minecraft.client.gui.components.ChatComponent/]: [System] [CHAT] [@: Summoned new Minecart with TNT]
[10May2026 14:08:17.792] [Server thread/INFO] [net.minecraft.server.MinecraftServer/]: [@: Summoned new Minecart with TNT]
[10May2026 14:08:17.796] [Render thread/INFO] [net.minecraft.client.gui.components.ChatComponent/]: [System] [CHAT] [@: Summoned new Minecart with TNT]
[10May2026 14:08:17.840] [Server thread/INFO] [net.minecraft.server.MinecraftServer/]: [@: Summoned new Minecart with TNT]
[10May2026 14:08:17.847] [Render thread/INFO] [net.minecraft.client.gui.components.ChatComponent/]: [System] [CHAT] [@: Summoned new Minecart with TNT]
[10May2026 14:08:17.891] [Server thread/INFO] [net.minecraft.server.MinecraftServer/]: [@: Summoned new Minecart with TNT]
[10May2026 14:08:17.898] [Render thread/INFO] [net.minecraft.client.gui.components.ChatComponent/]: [System] [CHAT] [@: Summoned new Minecart with TNT]
[10May2026 14:08:17.942] [Server thread/INFO] [net.minecraft.server.MinecraftServer/]: [@: Summoned new Minecart with TNT]
[10May2026 14:08:17.948] [Render thread/INFO] [net.minecraft.client.gui.components.ChatComponent/]: [System] [CHAT] [@: Summoned new Minecart with TNT]
[10May2026 14:08:17.991] [Server thread/INFO] [net.minecraft.server.MinecraftServer/]: [@: Summoned new Minecart with TNT]
[10May2026 14:08:17.999] [Render thread/INFO] [net.minecraft.client.gui.components.ChatComponent/]: [System] [CHAT] [@: Summoned new Minecart with TNT]
[10May2026 14:08:18.044] [Server thread/INFO] [net.minecraft.server.MinecraftServer/]: [@: Summoned new Minecart with TNT]
[10May2026 14:08:18.047] [Render thread/INFO] [net.minecraft.client.gui.components.ChatComponent/]: [System] [CHAT] [@: Summoned new Minecart with TNT]
[10May2026 14:08:18.091] [Server thread/INFO] [net.minecraft.server.MinecraftServer/]: [@: Summoned new Minecart with TNT]
[10May2026 14:08:18.096] [Render thread/INFO] [net.minecraft.client.gui.components.ChatComponent/]: [System] [CHAT] [@: Summoned new Minecart with TNT]
[10May2026 14:08:18.141] [Server thread/INFO] [net.minecraft.server.MinecraftServer/]: [@: Summoned new Minecart with TNT]
[10May2026 14:08:18.146] [Render thread/INFO] [net.minecraft.client.gui.components.ChatComponent/]: [System] [CHAT] [@: Summoned new Minecart with TNT]
[10May2026 14:08:18.191] [Server thread/INFO] [net.minecraft.server.MinecraftServer/]: [@: Summoned new Minecart with TNT]
[10May2026 14:08:18.196] [Render thread/INFO] [net.minecraft.client.gui.components.ChatComponent/]: [System] [CHAT] [@: Summoned new Minecart with TNT]
[10May2026 14:08:18.242] [Server thread/INFO] [net.minecraft.server.MinecraftServer/]: [@: Summoned new Minecart with TNT]
[10May2026 14:08:18.247] [Render thread/INFO] [net.minecraft.client.gui.components.ChatComponent/]: [System] [CHAT] [@: Summoned new Minecart with TNT]
[10May2026 14:08:18.291] [Server thread/INFO] [net.minecraft.server.MinecraftServer/]: [@: Summoned new Minecart with TNT]
[10May2026 14:08:18.296] [Render thread/INFO] [net.minecraft.client.gui.components.ChatComponent/]: [System] [CHAT] [@: Summoned new Minecart with TNT]
[10May2026 14:08:18.341] [Server thread/INFO] [net.minecraft.server.MinecraftServer/]: [@: Summoned new Minecart with TNT]
[10May2026 14:08:18.348] [Render thread/INFO] [net.minecraft.client.gui.components.ChatComponent/]: [System] [CHAT] [@: Summoned new Minecart with TNT]
[10May2026 14:08:18.393] [Server thread/INFO] [net.minecraft.server.MinecraftServer/]: [@: Summoned new Minecart with TNT]
[10May2026 14:08:18.397] [Render thread/INFO] [net.minecraft.client.gui.components.ChatComponent/]: [System] [CHAT] [@: Summoned new Minecart with TNT]
[10May2026 14:08:18.441] [Server thread/INFO] [net.minecraft.server.MinecraftServer/]: [@: Summoned new Minecart with TNT]
[10May2026 14:08:18.446] [Render thread/INFO] [net.minecraft.client.gui.components.ChatComponent/]: [System] [CHAT] [@: Summoned new Minecart with TNT]
[10May2026 14:08:18.491] [Server thread/INFO] [net.minecraft.server.MinecraftServer/]: [@: Summoned new Minecart with TNT]
[10May2026 14:08:18.496] [Render thread/INFO] [net.minecraft.client.gui.components.ChatComponent/]: [System] [CHAT] [@: Summoned new Minecart with TNT]
[10May2026 14:08:18.542] [Server thread/INFO] [net.minecraft.server.MinecraftServer/]: [@: Summoned new Minecart with TNT]
[10May2026 14:08:18.567] [Render thread/INFO] [net.minecraft.client.gui.components.ChatComponent/]: [System] [CHAT] [@: Summoned new Minecart with TNT]
[10May2026 14:08:18.591] [Server thread/INFO] [net.minecraft.server.MinecraftServer/]: [@: Summoned new Minecart with TNT]
[10May2026 14:08:18.615] [Render thread/INFO] [net.minecraft.client.gui.components.ChatComponent/]: [System] [CHAT] [@: Summoned new Minecart with TNT]
[10May2026 14:08:18.643] [Server thread/INFO] [net.minecraft.server.MinecraftServer/]: [@: Summoned new Minecart with TNT]
[10May2026 14:08:18.664] [Render thread/INFO] [net.minecraft.client.gui.components.ChatComponent/]: [System] [CHAT] [@: Summoned new Minecart with TNT]
[10May2026 14:08:18.690] [Server thread/INFO] [net.minecraft.server.MinecraftServer/]: [@: Summoned new Minecart with TNT]
[10May2026 14:08:18.697] [Render thread/INFO] [net.minecraft.client.gui.components.ChatComponent/]: [System] [CHAT] [@: Summoned new Minecart with TNT]
[10May2026 14:08:18.740] [Server thread/INFO] [net.minecraft.server.MinecraftServer/]: [@: Summoned new Minecart with TNT]
[10May2026 14:08:18.748] [Render thread/INFO] [net.minecraft.client.gui.components.ChatComponent/]: [System] [CHAT] [@: Summoned new Minecart with TNT]
[10May2026 14:08:18.790] [Server thread/INFO] [net.minecraft.server.MinecraftServer/]: [@: Summoned new Minecart with TNT]
[10May2026 14:08:18.797] [Render thread/INFO] [net.minecraft.client.gui.components.ChatComponent/]: [System] [CHAT] [@: Summoned new Minecart with TNT]
[10May2026 14:08:18.840] [Server thread/INFO] [net.minecraft.server.MinecraftServer/]: [@: Summoned new Minecart with TNT]
[10May2026 14:08:18.847] [Render thread/INFO] [net.minecraft.client.gui.components.ChatComponent/]: [System] [CHAT] [@: Summoned new Minecart with TNT]
[10May2026 14:08:18.893] [Server thread/INFO] [net.minecraft.server.MinecraftServer/]: [@: Summoned new Minecart with TNT]
[10May2026 14:08:18.902] [Render thread/INFO] [net.minecraft.client.gui.components.ChatComponent/]: [System] [CHAT] [@: Summoned new Minecart with TNT]
[10May2026 14:08:18.941] [Server thread/INFO] [net.minecraft.server.MinecraftServer/]: [@: Summoned new Minecart with TNT]
[10May2026 14:08:18.946] [Render thread/INFO] [net.minecraft.client.gui.components.ChatComponent/]: [System] [CHAT] [@: Summoned new Minecart with TNT]
[10May2026 14:08:18.990] [Server thread/INFO] [net.minecraft.server.MinecraftServer/]: [@: Summoned new Minecart with TNT]
[10May2026 14:08:18.999] [Render thread/INFO] [net.minecraft.client.gui.components.ChatComponent/]: [System] [CHAT] [@: Summoned new Minecart with TNT]
[10May2026 14:08:19.040] [Server thread/INFO] [net.minecraft.server.MinecraftServer/]: [@: Summoned new Minecart with TNT]
[10May2026 14:08:19.047] [Render thread/INFO] [net.minecraft.client.gui.components.ChatComponent/]: [System] [CHAT] [@: Summoned new Minecart with TNT]
[10May2026 14:08:19.091] [Server thread/INFO] [net.minecraft.server.MinecraftServer/]: [@: Summoned new Minecart with TNT]
[10May2026 14:08:19.101] [Render thread/INFO] [net.minecraft.client.gui.components.ChatComponent/]: [System] [CHAT] [@: Summoned new Minecart with TNT]
[10May2026 14:08:19.140] [Server thread/INFO] [net.minecraft.server.MinecraftServer/]: [@: Summoned new Minecart with TNT]
[10May2026 14:08:19.147] [Render thread/INFO] [net.minecraft.client.gui.components.ChatComponent/]: [System] [CHAT] [@: Summoned new Minecart with TNT]
[10May2026 14:08:19.191] [Server thread/INFO] [net.minecraft.server.MinecraftServer/]: [@: Summoned new Minecart with TNT]
[10May2026 14:08:19.198] [Render thread/INFO] [net.minecraft.client.gui.components.ChatComponent/]: [System] [CHAT] [@: Summoned new Minecart with TNT]
[10May2026 14:08:19.240] [Server thread/INFO] [net.minecraft.server.MinecraftServer/]: [@: Summoned new Minecart with TNT]
[10May2026 14:08:19.247] [Render thread/INFO] [net.minecraft.client.gui.components.ChatComponent/]: [System] [CHAT] [@: Summoned new Minecart with TNT]
[10May2026 14:08:19.292] [Server thread/INFO] [net.minecraft.server.MinecraftServer/]: [@: Summoned new Minecart with TNT]
[10May2026 14:08:19.314] [Render thread/INFO] [net.minecraft.client.gui.components.ChatComponent/]: [System] [CHAT] [@: Summoned new Minecart with TNT]
[10May2026 14:08:19.341] [Server thread/INFO] [net.minecraft.server.MinecraftServer/]: [@: Summoned new Minecart with TNT]
[10May2026 14:08:19.355] [Render thread/INFO] [net.minecraft.client.gui.components.ChatComponent/]: [System] [CHAT] [@: Summoned new Minecart with TNT]
[10May2026 14:08:19.392] [Server thread/INFO] [net.minecraft.server.MinecraftServer/]: [@: Summoned new Minecart with TNT]
[10May2026 14:08:19.398] [Render thread/INFO] [net.minecraft.client.gui.components.ChatComponent/]: [System] [CHAT] [@: Summoned new Minecart with TNT]
[10May2026 14:08:19.443] [Server thread/INFO] [net.minecraft.server.MinecraftServer/]: [@: Summoned new Minecart with TNT]
[10May2026 14:08:19.449] [Render thread/INFO] [net.minecraft.client.gui.components.ChatComponent/]: [System] [CHAT] [@: Summoned new Minecart with TNT]
[10May2026 14:08:19.491] [Server thread/INFO] [net.minecraft.server.MinecraftServer/]: [@: Summoned new Minecart with TNT]
[10May2026 14:08:19.514] [Render thread/INFO] [net.minecraft.client.gui.components.ChatComponent/]: [System] [CHAT] [@: Summoned new Minecart with TNT]
[10May2026 14:08:19.541] [Server thread/INFO] [net.minecraft.server.MinecraftServer/]: [@: Summoned new Minecart with TNT]
[10May2026 14:08:19.565] [Render thread/INFO] [net.minecraft.client.gui.components.ChatComponent/]: [System] [CHAT] [@: Summoned new Minecart with TNT]
[10May2026 14:08:19.591] [Server thread/INFO] [net.minecraft.server.MinecraftServer/]: [@: Summoned new Minecart with TNT]
[10May2026 14:08:19.596] [Render thread/INFO] [net.minecraft.client.gui.components.ChatComponent/]: [System] [CHAT] [@: Summoned new Minecart with TNT]
[10May2026 14:08:19.641] [Server thread/INFO] [net.minecraft.server.MinecraftServer/]: [@: Summoned new Minecart with TNT]
[10May2026 14:08:19.665] [Render thread/INFO] [net.minecraft.client.gui.components.ChatComponent/]: [System] [CHAT] [@: Summoned new Minecart with TNT]
[10May2026 14:08:19.691] [Server thread/INFO] [net.minecraft.server.MinecraftServer/]: [@: Summoned new Minecart with TNT]
[10May2026 14:08:19.692] [Render thread/INFO] [net.minecraft.client.gui.components.ChatComponent/]: [System] [CHAT] [@: Summoned new Minecart with TNT]
[10May2026 14:08:19.742] [Server thread/INFO] [net.minecraft.server.MinecraftServer/]: [@: Summoned new Minecart with TNT]
[10May2026 14:08:19.746] [Render thread/INFO] [net.minecraft.client.gui.components.ChatComponent/]: [System] [CHAT] [@: Summoned new Minecart with TNT]
[10May2026 14:08:19.791] [Server thread/INFO] [net.minecraft.server.MinecraftServer/]: [@: Summoned new Minecart with TNT]
[10May2026 14:08:19.815] [Render thread/INFO] [net.minecraft.client.gui.components.ChatComponent/]: [System] [CHAT] [@: Summoned new Minecart with TNT]
[10May2026 14:08:19.841] [Server thread/INFO] [net.minecraft.server.MinecraftServer/]: [@: Summoned new Minecart with TNT]
[10May2026 14:08:19.866] [Render thread/INFO] [net.minecraft.client.gui.components.ChatComponent/]: [System] [CHAT] [@: Summoned new Minecart with TNT]
[10May2026 14:08:19.891] [Server thread/INFO] [net.minecraft.server.MinecraftServer/]: [@: Summoned new Minecart with TNT]
[10May2026 14:08:19.896] [Render thread/INFO] [net.minecraft.client.gui.components.ChatComponent/]: [System] [CHAT] [@: Summoned new Minecart with TNT]
[10May2026 14:08:19.941] [Server thread/INFO] [net.minecraft.server.MinecraftServer/]: [@: Summoned new Minecart with TNT]
[10May2026 14:08:19.966] [Render thread/INFO] [net.minecraft.client.gui.components.ChatComponent/]: [System] [CHAT] [@: Summoned new Minecart with TNT]
[10May2026 14:08:19.992] [Server thread/INFO] [net.minecraft.server.MinecraftServer/]: [@: Summoned new Minecart with TNT]
[10May2026 14:08:19.999] [Render thread/INFO] [net.minecraft.client.gui.components.ChatComponent/]: [System] [CHAT] [@: Summoned new Minecart with TNT]
[10May2026 14:08:20.041] [Server thread/INFO] [net.minecraft.server.MinecraftServer/]: [@: Summoned new Minecart with TNT]
[10May2026 14:08:20.042] [Render thread/INFO] [net.minecraft.client.gui.components.ChatComponent/]: [System] [CHAT] [@: Summoned new Minecart with TNT]
[10May2026 14:08:20.091] [Server thread/INFO] [net.minecraft.server.MinecraftServer/]: [@: Summoned new Minecart with TNT]
[10May2026 14:08:20.096] [Render thread/INFO] [net.minecraft.client.gui.components.ChatComponent/]: [System] [CHAT] [@: Summoned new Minecart with TNT]
[10May2026 14:08:20.143] [Server thread/INFO] [net.minecraft.server.MinecraftServer/]: [@: Summoned new Minecart with TNT]
[10May2026 14:08:20.147] [Render thread/INFO] [net.minecraft.client.gui.components.ChatComponent/]: [System] [CHAT] [@: Summoned new Minecart with TNT]
[10May2026 14:08:20.190] [Server thread/INFO] [net.minecraft.server.MinecraftServer/]: [@: Summoned new Minecart with TNT]
[10May2026 14:08:20.215] [Render thread/INFO] [net.minecraft.client.gui.components.ChatComponent/]: [System] [CHAT] [@: Summoned new Minecart with TNT]
[10May2026 14:08:20.241] [Server thread/INFO] [net.minecraft.server.MinecraftServer/]: [@: Summoned new Minecart with TNT]
[10May2026 14:08:20.247] [Render thread/INFO] [net.minecraft.client.gui.components.ChatComponent/]: [System] [CHAT] [@: Summoned new Minecart with TNT]
[10May2026 14:08:20.291] [Server thread/INFO] [net.minecraft.server.MinecraftServer/]: [@: Summoned new Minecart with TNT]
[10May2026 14:08:20.298] [Render thread/INFO] [net.minecraft.client.gui.components.ChatComponent/]: [System] [CHAT] [@: Summoned new Minecart with TNT]
[10May2026 14:08:20.341] [Server thread/INFO] [net.minecraft.server.MinecraftServer/]: [@: Summoned new Minecart with TNT]
[10May2026 14:08:20.347] [Render thread/INFO] [net.minecraft.client.gui.components.ChatComponent/]: [System] [CHAT] [@: Summoned new Minecart with TNT]
[10May2026 14:08:20.390] [Server thread/INFO] [net.minecraft.server.MinecraftServer/]: [@: Summoned new Minecart with TNT]
[10May2026 14:08:20.398] [Render thread/INFO] [net.minecraft.client.gui.components.ChatComponent/]: [System] [CHAT] [@: Summoned new Minecart with TNT]
[10May2026 14:08:20.441] [Server thread/INFO] [net.minecraft.server.MinecraftServer/]: [@: Summoned new Minecart with TNT]
[10May2026 14:08:20.446] [Render thread/INFO] [net.minecraft.client.gui.components.ChatComponent/]: [System] [CHAT] [@: Summoned new Minecart with TNT]
[10May2026 14:08:20.491] [Server thread/INFO] [net.minecraft.server.MinecraftServer/]: [@: Summoned new Minecart with TNT]
[10May2026 14:08:20.495] [Render thread/INFO] [net.minecraft.client.gui.components.ChatComponent/]: [System] [CHAT] [@: Summoned new Minecart with TNT]
[10May2026 14:08:20.542] [Server thread/INFO] [net.minecraft.server.MinecraftServer/]: [@: Summoned new Minecart with TNT]
[10May2026 14:08:20.565] [Render thread/INFO] [net.minecraft.client.gui.components.ChatComponent/]: [System] [CHAT] [@: Summoned new Minecart with TNT]
[10May2026 14:08:20.590] [Server thread/INFO] [net.minecraft.server.MinecraftServer/]: [@: Summoned new Minecart with TNT]
[10May2026 14:08:20.597] [Render thread/INFO] [net.minecraft.client.gui.components.ChatComponent/]: [System] [CHAT] [@: Summoned new Minecart with TNT]
[10May2026 14:08:20.640] [Server thread/INFO] [net.minecraft.server.MinecraftServer/]: [@: Summoned new Minecart with TNT]
[10May2026 14:08:20.664] [Render thread/INFO] [net.minecraft.client.gui.components.ChatComponent/]: [System] [CHAT] [@: Summoned new Minecart with TNT]
[10May2026 14:08:20.690] [Server thread/INFO] [net.minecraft.server.MinecraftServer/]: [@: Summoned new Minecart with TNT]
[10May2026 14:08:20.702] [Render thread/INFO] [net.minecraft.client.gui.components.ChatComponent/]: [System] [CHAT] [@: Summoned new Minecart with TNT]
[10May2026 14:08:20.740] [Server thread/INFO] [net.minecraft.server.MinecraftServer/]: [@: Summoned new Minecart with TNT]
[10May2026 14:08:20.747] [Render thread/INFO] [net.minecraft.client.gui.components.ChatComponent/]: [System] [CHAT] [@: Summoned new Minecart with TNT]
[10May2026 14:08:20.791] [Server thread/INFO] [net.minecraft.server.MinecraftServer/]: [@: Summoned new Minecart with TNT]
[10May2026 14:08:20.796] [Render thread/INFO] [net.minecraft.client.gui.components.ChatComponent/]: [System] [CHAT] [@: Summoned new Minecart with TNT]
[10May2026 14:08:20.843] [Server thread/INFO] [net.minecraft.server.MinecraftServer/]: [@: Summoned new Minecart with TNT]
[10May2026 14:08:20.865] [Render thread/INFO] [net.minecraft.client.gui.components.ChatComponent/]: [System] [CHAT] [@: Summoned new Minecart with TNT]
[10May2026 14:08:20.890] [Server thread/INFO] [net.minecraft.server.MinecraftServer/]: [@: Summoned new Minecart with TNT]
[10May2026 14:08:20.902] [Render thread/INFO] [net.minecraft.client.gui.components.ChatComponent/]: [System] [CHAT] [@: Summoned new Minecart with TNT]
[10May2026 14:08:20.943] [Server thread/INFO] [net.minecraft.server.MinecraftServer/]: [@: Summoned new Minecart with TNT]
[10May2026 14:08:20.945] [Render thread/INFO] [net.minecraft.client.gui.components.ChatComponent/]: [System] [CHAT] [@: Summoned new Minecart with TNT]
[10May2026 14:08:20.993] [Server thread/INFO] [net.minecraft.server.MinecraftServer/]: [@: Summoned new Minecart with TNT]
[10May2026 14:08:21.001] [Render thread/INFO] [net.minecraft.client.gui.components.ChatComponent/]: [System] [CHAT] [@: Summoned new Minecart with TNT]
[10May2026 14:08:21.043] [Server thread/INFO] [net.minecraft.server.MinecraftServer/]: [@: Summoned new Minecart with TNT]
[10May2026 14:08:21.065] [Render thread/INFO] [net.minecraft.client.gui.components.ChatComponent/]: [System] [CHAT] [@: Summoned new Minecart with TNT]
[10May2026 14:08:21.091] [Server thread/INFO] [net.minecraft.server.MinecraftServer/]: [@: Summoned new Minecart with TNT]
[10May2026 14:08:21.096] [Render thread/INFO] [net.minecraft.client.gui.components.ChatComponent/]: [System] [CHAT] [@: Summoned new Minecart with TNT]
[10May2026 14:08:21.140] [Server thread/INFO] [net.minecraft.server.MinecraftServer/]: [@: Summoned new Minecart with TNT]
[10May2026 14:08:21.167] [Render thread/INFO] [net.minecraft.client.gui.components.ChatComponent/]: [System] [CHAT] [@: Summoned new Minecart with TNT]
[10May2026 14:08:21.192] [Server thread/INFO] [net.minecraft.server.MinecraftServer/]: [@: Summoned new Minecart with TNT]
[10May2026 14:08:21.199] [Render thread/INFO] [net.minecraft.client.gui.components.ChatComponent/]: [System] [CHAT] [@: Summoned new Minecart with TNT]
[10May2026 14:08:21.243] [Server thread/INFO] [net.minecraft.server.MinecraftServer/]: [@: Summoned new Minecart with TNT]
[10May2026 14:08:21.243] [Render thread/INFO] [net.minecraft.client.gui.components.ChatComponent/]: [System] [CHAT] [@: Summoned new Minecart with TNT]
[10May2026 14:08:21.291] [Server thread/INFO] [net.minecraft.server.MinecraftServer/]: [@: Summoned new Minecart with TNT]
[10May2026 14:08:21.308] [Render thread/INFO] [net.minecraft.client.gui.components.ChatComponent/]: [System] [CHAT] [@: Summoned new Minecart with TNT]
[10May2026 14:08:21.341] [Server thread/INFO] [net.minecraft.server.MinecraftServer/]: [@: Summoned new Minecart with TNT]
[10May2026 14:08:21.348] [Render thread/INFO] [net.minecraft.client.gui.components.ChatComponent/]: [System] [CHAT] [@: Summoned new Minecart with TNT]
[10May2026 14:08:21.391] [Server thread/INFO] [net.minecraft.server.MinecraftServer/]: [@: Summoned new Minecart with TNT]
[10May2026 14:08:21.416] [Render thread/INFO] [net.minecraft.client.gui.components.ChatComponent/]: [System] [CHAT] [@: Summoned new Minecart with TNT]
[10May2026 14:08:21.441] [Server thread/INFO] [net.minecraft.server.MinecraftServer/]: [@: Summoned new Minecart with TNT]
[10May2026 14:08:21.464] [Render thread/INFO] [net.minecraft.client.gui.components.ChatComponent/]: [System] [CHAT] [@: Summoned new Minecart with TNT]
[10May2026 14:08:21.491] [Server thread/INFO] [net.minecraft.server.MinecraftServer/]: [@: Summoned new Minecart with TNT]
[10May2026 14:08:21.500] [Render thread/INFO] [net.minecraft.client.gui.components.ChatComponent/]: [System] [CHAT] [@: Summoned new Minecart with TNT]
[10May2026 14:08:21.543] [Server thread/INFO] [net.minecraft.server.MinecraftServer/]: [@: Summoned new Minecart with TNT]
[10May2026 14:08:21.553] [Render thread/INFO] [net.minecraft.client.gui.components.ChatComponent/]: [System] [CHAT] [@: Summoned new Minecart with TNT]
[10May2026 14:08:21.590] [Server thread/INFO] [net.minecraft.server.MinecraftServer/]: [@: Summoned new Minecart with TNT]
[10May2026 14:08:21.597] [Render thread/INFO] [net.minecraft.client.gui.components.ChatComponent/]: [System] [CHAT] [@: Summoned new Minecart with TNT]
[10May2026 14:08:21.641] [Server thread/INFO] [net.minecraft.server.MinecraftServer/]: [@: Summoned new Minecart with TNT]
[10May2026 14:08:21.663] [Render thread/INFO] [net.minecraft.client.gui.components.ChatComponent/]: [System] [CHAT] [@: Summoned new Minecart with TNT]
[10May2026 14:08:21.690] [Server thread/INFO] [net.minecraft.server.MinecraftServer/]: [@: Summoned new Minecart with TNT]
[10May2026 14:08:21.700] [Render thread/INFO] [net.minecraft.client.gui.components.ChatComponent/]: [System] [CHAT] [@: Summoned new Minecart with TNT]
[10May2026 14:08:21.741] [Server thread/INFO] [net.minecraft.server.MinecraftServer/]: [@: Summoned new Minecart with TNT]
[10May2026 14:08:21.744] [Render thread/INFO] [net.minecraft.client.gui.components.ChatComponent/]: [System] [CHAT] [@: Summoned new Minecart with TNT]
[10May2026 14:08:21.791] [Server thread/INFO] [net.minecraft.server.MinecraftServer/]: [@: Summoned new Minecart with TNT]
[10May2026 14:08:21.799] [Render thread/INFO] [net.minecraft.client.gui.components.ChatComponent/]: [System] [CHAT] [@: Summoned new Minecart with TNT]
[10May2026 14:08:21.842] [Server thread/INFO] [net.minecraft.server.MinecraftServer/]: [@: Summoned new Minecart with TNT]
[10May2026 14:08:21.847] [Render thread/INFO] [net.minecraft.client.gui.components.ChatComponent/]: [System] [CHAT] [@: Summoned new Minecart with TNT]
[10May2026 14:08:21.891] [Server thread/INFO] [net.minecraft.server.MinecraftServer/]: [@: Summoned new Minecart with TNT]
[10May2026 14:08:21.899] [Render thread/INFO] [net.minecraft.client.gui.components.ChatComponent/]: [System] [CHAT] [@: Summoned new Minecart with TNT]
[10May2026 14:08:21.940] [Server thread/INFO] [net.minecraft.server.MinecraftServer/]: [@: Summoned new Minecart with TNT]
[10May2026 14:08:21.943] [Render thread/INFO] [net.minecraft.client.gui.components.ChatComponent/]: [System] [CHAT] [@: Summoned new Minecart with TNT]
[10May2026 14:08:21.992] [Server thread/INFO] [net.minecraft.server.MinecraftServer/]: [@: Summoned new Minecart with TNT]
[10May2026 14:08:21.996] [Render thread/INFO] [net.minecraft.client.gui.components.ChatComponent/]: [System] [CHAT] [@: Summoned new Minecart with TNT]
[10May2026 14:08:22.040] [Server thread/INFO] [net.minecraft.server.MinecraftServer/]: [@: Summoned new Minecart with TNT]
[10May2026 14:08:22.043] [Render thread/INFO] [net.minecraft.client.gui.components.ChatComponent/]: [System] [CHAT] [@: Summoned new Minecart with TNT]
[10May2026 14:08:22.090] [Server thread/INFO] [net.minecraft.server.MinecraftServer/]: [@: Summoned new Minecart with TNT]
[10May2026 14:08:22.124] [Render thread/INFO] [net.minecraft.client.gui.components.ChatComponent/]: [System] [CHAT] [@: Summoned new Minecart with TNT]
[10May2026 14:08:22.140] [Server thread/INFO] [net.minecraft.server.MinecraftServer/]: [@: Summoned new Minecart with TNT]
[10May2026 14:08:22.146] [Render thread/INFO] [net.minecraft.client.gui.components.ChatComponent/]: [System] [CHAT] [@: Summoned new Minecart with TNT]
[10May2026 14:08:22.191] [Server thread/INFO] [net.minecraft.server.MinecraftServer/]: [@: Summoned new Minecart with TNT]
[10May2026 14:08:22.217] [Render thread/INFO] [net.minecraft.client.gui.components.ChatComponent/]: [System] [CHAT] [@: Summoned new Minecart with TNT]
[10May2026 14:08:22.241] [Server thread/INFO] [net.minecraft.server.MinecraftServer/]: [@: Summoned new Minecart with TNT]
[10May2026 14:08:22.243] [Render thread/INFO] [net.minecraft.client.gui.components.ChatComponent/]: [System] [CHAT] [@: Summoned new Minecart with TNT]
[10May2026 14:08:22.290] [Server thread/INFO] [net.minecraft.server.MinecraftServer/]: [@: Summoned new Minecart with TNT]
[10May2026 14:08:22.299] [Render thread/INFO] [net.minecraft.client.gui.components.ChatComponent/]: [System] [CHAT] [@: Summoned new Minecart with TNT]
[10May2026 14:08:22.340] [Server thread/INFO] [net.minecraft.server.MinecraftServer/]: [@: Summoned new Minecart with TNT]
[10May2026 14:08:22.349] [Render thread/INFO] [net.minecraft.client.gui.components.ChatComponent/]: [System] [CHAT] [@: Summoned new Minecart with TNT]
[10May2026 14:08:22.390] [Server thread/INFO] [net.minecraft.server.MinecraftServer/]: [@: Summoned new Minecart with TNT]
[10May2026 14:08:22.398] [Render thread/INFO] [net.minecraft.client.gui.components.ChatComponent/]: [System] [CHAT] [@: Summoned new Minecart with TNT]
[10May2026 14:08:22.441] [Server thread/INFO] [net.minecraft.server.MinecraftServer/]: [@: Summoned new Minecart with TNT]
[10May2026 14:08:22.453] [Render thread/INFO] [net.minecraft.client.gui.components.ChatComponent/]: [System] [CHAT] [@: Summoned new Minecart with TNT]
[10May2026 14:08:22.490] [Server thread/INFO] [net.minecraft.server.MinecraftServer/]: [@: Summoned new Minecart with TNT]
[10May2026 14:08:22.503] [Render thread/INFO] [net.minecraft.client.gui.components.ChatComponent/]: [System] [CHAT] [@: Summoned new Minecart with TNT]
[10May2026 14:08:22.540] [Server thread/INFO] [net.minecraft.server.MinecraftServer/]: [@: Summoned new Minecart with TNT]
[10May2026 14:08:22.550] [Render thread/INFO] [net.minecraft.client.gui.components.ChatComponent/]: [System] [CHAT] [@: Summoned new Minecart with TNT]
[10May2026 14:08:22.590] [Server thread/INFO] [net.minecraft.server.MinecraftServer/]: [@: Summoned new Minecart with TNT]
[10May2026 14:08:22.597] [Render thread/INFO] [net.minecraft.client.gui.components.ChatComponent/]: [System] [CHAT] [@: Summoned new Minecart with TNT]
[10May2026 14:08:22.641] [Server thread/INFO] [net.minecraft.server.MinecraftServer/]: [@: Summoned new Minecart with TNT]
[10May2026 14:08:22.645] [Render thread/INFO] [net.minecraft.client.gui.components.ChatComponent/]: [System] [CHAT] [@: Summoned new Minecart with TNT]
[10May2026 14:08:22.691] [Server thread/INFO] [net.minecraft.server.MinecraftServer/]: [@: Summoned new Minecart with TNT]
[10May2026 14:08:22.697] [Render thread/INFO] [net.minecraft.client.gui.components.ChatComponent/]: [System] [CHAT] [@: Summoned new Minecart with TNT]
[10May2026 14:08:22.741] [Server thread/INFO] [net.minecraft.server.MinecraftServer/]: [@: Summoned new Minecart with TNT]
[10May2026 14:08:22.747] [Render thread/INFO] [net.minecraft.client.gui.components.ChatComponent/]: [System] [CHAT] [@: Summoned new Minecart with TNT]
[10May2026 14:08:22.792] [Server thread/INFO] [net.minecraft.server.MinecraftServer/]: [@: Summoned new Minecart with TNT]
[10May2026 14:08:22.820] [Render thread/INFO] [net.minecraft.client.gui.components.ChatComponent/]: [System] [CHAT] [@: Summoned new Minecart with TNT]
[10May2026 14:08:22.842] [Server thread/INFO] [net.minecraft.server.MinecraftServer/]: [@: Summoned new Minecart with TNT]
[10May2026 14:08:22.848] [Render thread/INFO] [net.minecraft.client.gui.components.ChatComponent/]: [System] [CHAT] [@: Summoned new Minecart with TNT]
[10May2026 14:08:22.891] [Server thread/INFO] [net.minecraft.server.MinecraftServer/]: [@: Summoned new Minecart with TNT]
[10May2026 14:08:22.896] [Render thread/INFO] [net.minecraft.client.gui.components.ChatComponent/]: [System] [CHAT] [@: Summoned new Minecart with TNT]
[10May2026 14:08:22.942] [Server thread/INFO] [net.minecraft.server.MinecraftServer/]: [@: Summoned new Minecart with TNT]
[10May2026 14:08:22.950] [Render thread/INFO] [net.minecraft.client.gui.components.ChatComponent/]: [System] [CHAT] [@: Summoned new Minecart with TNT]
[10May2026 14:08:22.991] [Server thread/INFO] [net.minecraft.server.MinecraftServer/]: [@: Summoned new Minecart with TNT]
[10May2026 14:08:23.016] [Render thread/INFO] [net.minecraft.client.gui.components.ChatComponent/]: [System] [CHAT] [@: Summoned new Minecart with TNT]
[10May2026 14:08:23.043] [Server thread/INFO] [net.minecraft.server.MinecraftServer/]: [@: Summoned new Minecart with TNT]
[10May2026 14:08:23.056] [Render thread/INFO] [net.minecraft.client.gui.components.ChatComponent/]: [System] [CHAT] [@: Summoned new Minecart with TNT]
[10May2026 14:08:23.093] [Server thread/INFO] [net.minecraft.server.MinecraftServer/]: [@: Summoned new Minecart with TNT]
[10May2026 14:08:23.110] [Render thread/INFO] [net.minecraft.client.gui.components.ChatComponent/]: [System] [CHAT] [@: Summoned new Minecart with TNT]
[10May2026 14:08:23.141] [Server thread/INFO] [net.minecraft.server.MinecraftServer/]: [@: Summoned new Minecart with TNT]
[10May2026 14:08:23.166] [Render thread/INFO] [net.minecraft.client.gui.components.ChatComponent/]: [System] [CHAT] [@: Summoned new Minecart with TNT]
[10May2026 14:08:23.190] [Server thread/INFO] [net.minecraft.server.MinecraftServer/]: [@: Summoned new Minecart with TNT]
[10May2026 14:08:23.192] [Render thread/INFO] [net.minecraft.client.gui.components.ChatComponent/]: [System] [CHAT] [@: Summoned new Minecart with TNT]
[10May2026 14:08:23.241] [Server thread/INFO] [net.minecraft.server.MinecraftServer/]: [@: Summoned new Minecart with TNT]
[10May2026 14:08:23.242] [Render thread/INFO] [net.minecraft.client.gui.components.ChatComponent/]: [System] [CHAT] [@: Summoned new Minecart with TNT]
[10May2026 14:08:23.292] [Server thread/INFO] [net.minecraft.server.MinecraftServer/]: [@: Summoned new Minecart with TNT]
[10May2026 14:08:23.295] [Render thread/INFO] [net.minecraft.client.gui.components.ChatComponent/]: [System] [CHAT] [@: Summoned new Minecart with TNT]
[10May2026 14:08:23.341] [Server thread/INFO] [net.minecraft.server.MinecraftServer/]: [@: Summoned new Minecart with TNT]
[10May2026 14:08:23.366] [Render thread/INFO] [net.minecraft.client.gui.components.ChatComponent/]: [System] [CHAT] [@: Summoned new Minecart with TNT]
[10May2026 14:08:23.393] [Server thread/INFO] [net.minecraft.server.MinecraftServer/]: [@: Summoned new Minecart with TNT]
[10May2026 14:08:23.417] [Render thread/INFO] [net.minecraft.client.gui.components.ChatComponent/]: [System] [CHAT] [@: Summoned new Minecart with TNT]
[10May2026 14:08:23.441] [Server thread/INFO] [net.minecraft.server.MinecraftServer/]: [@: Summoned new Minecart with TNT]
[10May2026 14:08:23.446] [Render thread/INFO] [net.minecraft.client.gui.components.ChatComponent/]: [System] [CHAT] [@: Summoned new Minecart with TNT]
[10May2026 14:08:23.491] [Server thread/INFO] [net.minecraft.server.MinecraftServer/]: [@: Summoned new Minecart with TNT]
[10May2026 14:08:23.496] [Render thread/INFO] [net.minecraft.client.gui.components.ChatComponent/]: [System] [CHAT] [@: Summoned new Minecart with TNT]
[10May2026 14:08:23.541] [Server thread/INFO] [net.minecraft.server.MinecraftServer/]: [@: Summoned new Minecart with TNT]
[10May2026 14:08:23.566] [Render thread/INFO] [net.minecraft.client.gui.components.ChatComponent/]: [System] [CHAT] [@: Summoned new Minecart with TNT]
[10May2026 14:08:23.591] [Server thread/INFO] [net.minecraft.server.MinecraftServer/]: [@: Summoned new Minecart with TNT]
[10May2026 14:08:23.593] [Render thread/INFO] [net.minecraft.client.gui.components.ChatComponent/]: [System] [CHAT] [@: Summoned new Minecart with TNT]
[10May2026 14:08:23.641] [Server thread/INFO] [net.minecraft.server.MinecraftServer/]: [@: Summoned new Minecart with TNT]
[10May2026 14:08:23.653] [Render thread/INFO] [net.minecraft.client.gui.components.ChatComponent/]: [System] [CHAT] [@: Summoned new Minecart with TNT]
[10May2026 14:08:23.691] [Server thread/INFO] [net.minecraft.server.MinecraftServer/]: [@: Summoned new Minecart with TNT]
[10May2026 14:08:23.704] [Render thread/INFO] [net.minecraft.client.gui.components.ChatComponent/]: [System] [CHAT] [@: Summoned new Minecart with TNT]
[10May2026 14:08:23.742] [Server thread/INFO] [net.minecraft.server.MinecraftServer/]: [@: Summoned new Minecart with TNT]
[10May2026 14:08:23.748] [Render thread/INFO] [net.minecraft.client.gui.components.ChatComponent/]: [System] [CHAT] [@: Summoned new Minecart with TNT]
[10May2026 14:08:23.790] [Server thread/INFO] [net.minecraft.server.MinecraftServer/]: [@: Summoned new Minecart with TNT]
[10May2026 14:08:23.804] [Render thread/INFO] [net.minecraft.client.gui.components.ChatComponent/]: [System] [CHAT] [@: Summoned new Minecart with TNT]
[10May2026 14:08:23.840] [Server thread/INFO] [net.minecraft.server.MinecraftServer/]: [@: Summoned new Minecart with TNT]
[10May2026 14:08:23.848] [Render thread/INFO] [net.minecraft.client.gui.components.ChatComponent/]: [System] [CHAT] [@: Summoned new Minecart with TNT]
[10May2026 14:08:23.891] [Server thread/INFO] [net.minecraft.server.MinecraftServer/]: [@: Summoned new Minecart with TNT]
[10May2026 14:08:23.916] [Render thread/INFO] [net.minecraft.client.gui.components.ChatComponent/]: [System] [CHAT] [@: Summoned new Minecart with TNT]
[10May2026 14:08:23.942] [Server thread/INFO] [net.minecraft.server.MinecraftServer/]: [@: Summoned new Minecart with TNT]
[10May2026 14:08:23.960] [Render thread/INFO] [net.minecraft.client.gui.components.ChatComponent/]: [System] [CHAT] [@: Summoned new Minecart with TNT]
[10May2026 14:08:24.003] [Server thread/INFO] [net.minecraft.server.MinecraftServer/]: [@: Summoned new Minecart with TNT]
[10May2026 14:08:24.007] [Render thread/INFO] [net.minecraft.client.gui.components.ChatComponent/]: [System] [CHAT] [@: Summoned new Minecart with TNT]
[10May2026 14:08:24.062] [Server thread/INFO] [net.minecraft.server.MinecraftServer/]: [@: Summoned new Minecart with TNT]
[10May2026 14:08:24.072] [Render thread/INFO] [net.minecraft.client.gui.components.ChatComponent/]: [System] [CHAT] [@: Summoned new Minecart with TNT]
[10May2026 14:08:24.110] [Server thread/INFO] [net.minecraft.server.MinecraftServer/]: [@: Summoned new Minecart with TNT]
[10May2026 14:08:24.115] [Render thread/INFO] [net.minecraft.client.gui.components.ChatComponent/]: [System] [CHAT] [@: Summoned new Minecart with TNT]
[10May2026 14:08:24.151] [Server thread/INFO] [net.minecraft.server.MinecraftServer/]: [@: Summoned new Minecart with TNT]
[10May2026 14:08:24.163] [Render thread/INFO] [net.minecraft.client.gui.components.ChatComponent/]: [System] [CHAT] [@: Summoned new Minecart with TNT]
[10May2026 14:08:24.190] [Server thread/INFO] [net.minecraft.server.MinecraftServer/]: [@: Summoned new Minecart with TNT]
[10May2026 14:08:24.202] [Render thread/INFO] [net.minecraft.client.gui.components.ChatComponent/]: [System] [CHAT] [@: Summoned new Minecart with TNT]
[10May2026 14:08:24.243] [Server thread/INFO] [net.minecraft.server.MinecraftServer/]: [@: Summoned new Minecart with TNT]
[10May2026 14:08:24.269] [Render thread/INFO] [net.minecraft.client.gui.components.ChatComponent/]: [System] [CHAT] [@: Summoned new Minecart with TNT]
[10May2026 14:08:24.296] [Server thread/INFO] [net.minecraft.server.MinecraftServer/]: [@: Summoned new Minecart with TNT]
[10May2026 14:08:24.298] [Render thread/INFO] [net.minecraft.client.gui.components.ChatComponent/]: [System] [CHAT] [@: Summoned new Minecart with TNT]
[10May2026 14:08:24.340] [Server thread/INFO] [net.minecraft.server.MinecraftServer/]: [@: Summoned new Minecart with TNT]
[10May2026 14:08:24.342] [Render thread/INFO] [net.minecraft.client.gui.components.ChatComponent/]: [System] [CHAT] [@: Summoned new Minecart with TNT]
[10May2026 14:08:24.390] [Server thread/INFO] [net.minecraft.server.MinecraftServer/]: [@: Summoned new Minecart with TNT]
[10May2026 14:08:24.399] [Render thread/INFO] [net.minecraft.client.gui.components.ChatComponent/]: [System] [CHAT] [@: Summoned new Minecart with TNT]
[10May2026 14:08:24.440] [Server thread/INFO] [net.minecraft.server.MinecraftServer/]: [@: Summoned new Minecart with TNT]
[10May2026 14:08:24.450] [Render thread/INFO] [net.minecraft.client.gui.components.ChatComponent/]: [System] [CHAT] [@: Summoned new Minecart with TNT]
[10May2026 14:08:24.493] [Server thread/INFO] [net.minecraft.server.MinecraftServer/]: [@: Summoned new Minecart with TNT]
[10May2026 14:08:24.495] [Render thread/INFO] [net.minecraft.client.gui.components.ChatComponent/]: [System] [CHAT] [@: Summoned new Minecart with TNT]
[10May2026 14:08:24.542] [Server thread/INFO] [net.minecraft.server.MinecraftServer/]: [@: Summoned new Minecart with TNT]
[10May2026 14:08:24.564] [Render thread/INFO] [net.minecraft.client.gui.components.ChatComponent/]: [System] [CHAT] [@: Summoned new Minecart with TNT]
[10May2026 14:08:24.592] [Server thread/INFO] [net.minecraft.server.MinecraftServer/]: [@: Summoned new Minecart with TNT]
[10May2026 14:08:24.602] [Render thread/INFO] [net.minecraft.client.gui.components.ChatComponent/]: [System] [CHAT] [@: Summoned new Minecart with TNT]
[10May2026 14:08:24.640] [Server thread/INFO] [net.minecraft.server.MinecraftServer/]: [@: Summoned new Minecart with TNT]
[10May2026 14:08:24.644] [Render thread/INFO] [net.minecraft.client.gui.components.ChatComponent/]: [System] [CHAT] [@: Summoned new Minecart with TNT]
[10May2026 14:08:24.691] [Server thread/INFO] [net.minecraft.server.MinecraftServer/]: [@: Summoned new Minecart with TNT]
[10May2026 14:08:24.697] [Render thread/INFO] [net.minecraft.client.gui.components.ChatComponent/]: [System] [CHAT] [@: Summoned new Minecart with TNT]
[10May2026 14:08:24.740] [Server thread/INFO] [net.minecraft.server.MinecraftServer/]: [@: Summoned new Minecart with TNT]
[10May2026 14:08:24.747] [Render thread/INFO] [net.minecraft.client.gui.components.ChatComponent/]: [System] [CHAT] [@: Summoned new Minecart with TNT]
[10May2026 14:08:24.790] [Server thread/INFO] [net.minecraft.server.MinecraftServer/]: [@: Summoned new Minecart with TNT]
[10May2026 14:08:24.797] [Render thread/INFO] [net.minecraft.client.gui.components.ChatComponent/]: [System] [CHAT] [@: Summoned new Minecart with TNT]
[10May2026 14:08:24.840] [Server thread/INFO] [net.minecraft.server.MinecraftServer/]: [@: Summoned new Minecart with TNT]
[10May2026 14:08:24.847] [Render thread/INFO] [net.minecraft.client.gui.components.ChatComponent/]: [System] [CHAT] [@: Summoned new Minecart with TNT]
[10May2026 14:08:24.890] [Server thread/INFO] [net.minecraft.server.MinecraftServer/]: [@: Summoned new Minecart with TNT]
[10May2026 14:08:24.915] [Render thread/INFO] [net.minecraft.client.gui.components.ChatComponent/]: [System] [CHAT] [@: Summoned new Minecart with TNT]
[10May2026 14:08:24.940] [Server thread/INFO] [net.minecraft.server.MinecraftServer/]: [@: Summoned new Minecart with TNT]
[10May2026 14:08:24.943] [Render thread/INFO] [net.minecraft.client.gui.components.ChatComponent/]: [System] [CHAT] [@: Summoned new Minecart with TNT]
[10May2026 14:08:24.990] [Server thread/INFO] [net.minecraft.server.MinecraftServer/]: [@: Summoned new Minecart with TNT]
[10May2026 14:08:24.997] [Render thread/INFO] [net.minecraft.client.gui.components.ChatComponent/]: [System] [CHAT] [@: Summoned new Minecart with TNT]
[10May2026 14:08:25.041] [Server thread/INFO] [net.minecraft.server.MinecraftServer/]: [@: Summoned new Minecart with TNT]
[10May2026 14:08:25.041] [Render thread/INFO] [net.minecraft.client.gui.components.ChatComponent/]: [System] [CHAT] [@: Summoned new Minecart with TNT]
[10May2026 14:08:25.090] [Server thread/INFO] [net.minecraft.server.MinecraftServer/]: [@: Summoned new Minecart with TNT]
[10May2026 14:08:25.092] [Render thread/INFO] [net.minecraft.client.gui.components.ChatComponent/]: [System] [CHAT] [@: Summoned new Minecart with TNT]
[10May2026 14:08:25.140] [Server thread/INFO] [net.minecraft.server.MinecraftServer/]: [@: Summoned new Minecart with TNT]
[10May2026 14:08:25.164] [Render thread/INFO] [net.minecraft.client.gui.components.ChatComponent/]: [System] [CHAT] [@: Summoned new Minecart with TNT]
[10May2026 14:08:25.191] [Server thread/INFO] [net.minecraft.server.MinecraftServer/]: [@: Summoned new Minecart with TNT]
[10May2026 14:08:25.215] [Render thread/INFO] [net.minecraft.client.gui.components.ChatComponent/]: [System] [CHAT] [@: Summoned new Minecart with TNT]
[10May2026 14:08:25.241] [Server thread/INFO] [net.minecraft.server.MinecraftServer/]: [@: Summoned new Minecart with TNT]
[10May2026 14:08:25.246] [Render thread/INFO] [net.minecraft.client.gui.components.ChatComponent/]: [System] [CHAT] [@: Summoned new Minecart with TNT]
[10May2026 14:08:25.292] [Server thread/INFO] [net.minecraft.server.MinecraftServer/]: [@: Summoned new Minecart with TNT]
[10May2026 14:08:25.302] [Render thread/INFO] [net.minecraft.client.gui.components.ChatComponent/]: [System] [CHAT] [@: Summoned new Minecart with TNT]
[10May2026 14:08:25.341] [Server thread/INFO] [net.minecraft.server.MinecraftServer/]: [@: Summoned new Minecart with TNT]
[10May2026 14:08:25.343] [Render thread/INFO] [net.minecraft.client.gui.components.ChatComponent/]: [System] [CHAT] [@: Summoned new Minecart with TNT]
[10May2026 14:08:25.390] [Server thread/INFO] [net.minecraft.server.MinecraftServer/]: [@: Summoned new Minecart with TNT]
[10May2026 14:08:25.398] [Render thread/INFO] [net.minecraft.client.gui.components.ChatComponent/]: [System] [CHAT] [@: Summoned new Minecart with TNT]
[10May2026 14:08:25.443] [Server thread/INFO] [net.minecraft.server.MinecraftServer/]: [@: Summoned new Minecart with TNT]
[10May2026 14:08:25.446] [Render thread/INFO] [net.minecraft.client.gui.components.ChatComponent/]: [System] [CHAT] [@: Summoned new Minecart with TNT]
[10May2026 14:08:25.492] [Server thread/INFO] [net.minecraft.server.MinecraftServer/]: [@: Summoned new Minecart with TNT]
[10May2026 14:08:25.497] [Render thread/INFO] [net.minecraft.client.gui.components.ChatComponent/]: [System] [CHAT] [@: Summoned new Minecart with TNT]
[10May2026 14:08:25.541] [Server thread/INFO] [net.minecraft.server.MinecraftServer/]: [@: Summoned new Minecart with TNT]
[10May2026 14:08:25.549] [Render thread/INFO] [net.minecraft.client.gui.components.ChatComponent/]: [System] [CHAT] [@: Summoned new Minecart with TNT]
[10May2026 14:08:25.591] [Server thread/INFO] [net.minecraft.server.MinecraftServer/]: [@: Summoned new Minecart with TNT]
[10May2026 14:08:25.614] [Render thread/INFO] [net.minecraft.client.gui.components.ChatComponent/]: [System] [CHAT] [@: Summoned new Minecart with TNT]
[10May2026 14:08:25.642] [Server thread/INFO] [net.minecraft.server.MinecraftServer/]: [@: Summoned new Minecart with TNT]
[10May2026 14:08:25.665] [Render thread/INFO] [net.minecraft.client.gui.components.ChatComponent/]: [System] [CHAT] [@: Summoned new Minecart with TNT]
[10May2026 14:08:25.691] [Server thread/INFO] [net.minecraft.server.MinecraftServer/]: [@: Summoned new Minecart with TNT]
[10May2026 14:08:25.714] [Render thread/INFO] [net.minecraft.client.gui.components.ChatComponent/]: [System] [CHAT] [@: Summoned new Minecart with TNT]
[10May2026 14:08:25.741] [Server thread/INFO] [net.minecraft.server.MinecraftServer/]: [@: Summoned new Minecart with TNT]
[10May2026 14:08:25.752] [Render thread/INFO] [net.minecraft.client.gui.components.ChatComponent/]: [System] [CHAT] [@: Summoned new Minecart with TNT]
[10May2026 14:08:25.791] [Server thread/INFO] [net.minecraft.server.MinecraftServer/]: [@: Summoned new Minecart with TNT]
[10May2026 14:08:25.809] [Render thread/INFO] [net.minecraft.client.gui.components.ChatComponent/]: [System] [CHAT] [@: Summoned new Minecart with TNT]
[10May2026 14:08:25.840] [Server thread/INFO] [net.minecraft.server.MinecraftServer/]: [@: Summoned new Minecart with TNT]
[10May2026 14:08:25.865] [Render thread/INFO] [net.minecraft.client.gui.components.ChatComponent/]: [System] [CHAT] [@: Summoned new Minecart with TNT]
[10May2026 14:08:25.890] [Server thread/INFO] [net.minecraft.server.MinecraftServer/]: [@: Summoned new Minecart with TNT]
[10May2026 14:08:25.914] [Render thread/INFO] [net.minecraft.client.gui.components.ChatComponent/]: [System] [CHAT] [@: Summoned new Minecart with TNT]
[10May2026 14:08:25.941] [Server thread/INFO] [net.minecraft.server.MinecraftServer/]: [@: Summoned new Minecart with TNT]
[10May2026 14:08:25.964] [Render thread/INFO] [net.minecraft.client.gui.components.ChatComponent/]: [System] [CHAT] [@: Summoned new Minecart with TNT]
[10May2026 14:08:25.991] [Server thread/INFO] [net.minecraft.server.MinecraftServer/]: [@: Summoned new Minecart with TNT]
[10May2026 14:08:26.014] [Render thread/INFO] [net.minecraft.client.gui.components.ChatComponent/]: [System] [CHAT] [@: Summoned new Minecart with TNT]
[10May2026 14:08:26.043] [Server thread/INFO] [net.minecraft.server.MinecraftServer/]: [@: Summoned new Minecart with TNT]
[10May2026 14:08:26.048] [Render thread/INFO] [net.minecraft.client.gui.components.ChatComponent/]: [System] [CHAT] [@: Summoned new Minecart with TNT]
[10May2026 14:08:26.091] [Server thread/INFO] [net.minecraft.server.MinecraftServer/]: [@: Summoned new Minecart with TNT]
[10May2026 14:08:26.100] [Render thread/INFO] [net.minecraft.client.gui.components.ChatComponent/]: [System] [CHAT] [@: Summoned new Minecart with TNT]
[10May2026 14:08:26.140] [Server thread/INFO] [net.minecraft.server.MinecraftServer/]: [@: Summoned new Minecart with TNT]
[10May2026 14:08:26.147] [Render thread/INFO] [net.minecraft.client.gui.components.ChatComponent/]: [System] [CHAT] [@: Summoned new Minecart with TNT]
[10May2026 14:08:26.191] [Server thread/INFO] [net.minecraft.server.MinecraftServer/]: [@: Summoned new Minecart with TNT]
[10May2026 14:08:26.209] [Render thread/INFO] [net.minecraft.client.gui.components.ChatComponent/]: [System] [CHAT] [@: Summoned new Minecart with TNT]
[10May2026 14:08:26.241] [Server thread/INFO] [net.minecraft.server.MinecraftServer/]: [@: Summoned new Minecart with TNT]
[10May2026 14:08:26.244] [Render thread/INFO] [net.minecraft.client.gui.components.ChatComponent/]: [System] [CHAT] [@: Summoned new Minecart with TNT]
[10May2026 14:08:26.291] [Server thread/INFO] [net.minecraft.server.MinecraftServer/]: [@: Summoned new Minecart with TNT]
[10May2026 14:08:26.314] [Render thread/INFO] [net.minecraft.client.gui.components.ChatComponent/]: [System] [CHAT] [@: Summoned new Minecart with TNT]
[10May2026 14:08:26.342] [Server thread/INFO] [net.minecraft.server.MinecraftServer/]: [@: Summoned new Minecart with TNT]
[10May2026 14:08:26.364] [Render thread/INFO] [net.minecraft.client.gui.components.ChatComponent/]: [System] [CHAT] [@: Summoned new Minecart with TNT]
[10May2026 14:08:26.391] [Server thread/INFO] [net.minecraft.server.MinecraftServer/]: [@: Summoned new Minecart with TNT]
[10May2026 14:08:26.397] [Render thread/INFO] [net.minecraft.client.gui.components.ChatComponent/]: [System] [CHAT] [@: Summoned new Minecart with TNT]
[10May2026 14:08:26.441] [Server thread/INFO] [net.minecraft.server.MinecraftServer/]: [@: Summoned new Minecart with TNT]
[10May2026 14:08:26.449] [Render thread/INFO] [net.minecraft.client.gui.components.ChatComponent/]: [System] [CHAT] [@: Summoned new Minecart with TNT]
[10May2026 14:08:26.492] [Server thread/INFO] [net.minecraft.server.MinecraftServer/]: [@: Summoned new Minecart with TNT]
[10May2026 14:08:26.513] [Render thread/INFO] [net.minecraft.client.gui.components.ChatComponent/]: [System] [CHAT] [@: Summoned new Minecart with TNT]
[10May2026 14:08:26.540] [Server thread/INFO] [net.minecraft.server.MinecraftServer/]: [@: Summoned new Minecart with TNT]
[10May2026 14:08:26.563] [Render thread/INFO] [net.minecraft.client.gui.components.ChatComponent/]: [System] [CHAT] [@: Summoned new Minecart with TNT]
[10May2026 14:08:26.591] [Server thread/INFO] [net.minecraft.server.MinecraftServer/]: [@: Summoned new Minecart with TNT]
[10May2026 14:08:26.615] [Render thread/INFO] [net.minecraft.client.gui.components.ChatComponent/]: [System] [CHAT] [@: Summoned new Minecart with TNT]
[10May2026 14:08:26.640] [Server thread/INFO] [net.minecraft.server.MinecraftServer/]: [@: Summoned new Minecart with TNT]
[10May2026 14:08:26.643] [Render thread/INFO] [net.minecraft.client.gui.components.ChatComponent/]: [System] [CHAT] [@: Summoned new Minecart with TNT]
[10May2026 14:08:26.691] [Server thread/INFO] [net.minecraft.server.MinecraftServer/]: [@: Summoned new Minecart with TNT]
[10May2026 14:08:26.714] [Render thread/INFO] [net.minecraft.client.gui.components.ChatComponent/]: [System] [CHAT] [@: Summoned new Minecart with TNT]
[10May2026 14:08:26.741] [Server thread/INFO] [net.minecraft.server.MinecraftServer/]: [@: Summoned new Minecart with TNT]
[10May2026 14:08:26.741] [Render thread/INFO] [net.minecraft.client.gui.components.ChatComponent/]: [System] [CHAT] [@: Summoned new Minecart with TNT]
[10May2026 14:08:26.790] [Server thread/INFO] [net.minecraft.server.MinecraftServer/]: [@: Summoned new Minecart with TNT]
[10May2026 14:08:26.799] [Render thread/INFO] [net.minecraft.client.gui.components.ChatComponent/]: [System] [CHAT] [@: Summoned new Minecart with TNT]
[10May2026 14:08:26.840] [Server thread/INFO] [net.minecraft.server.MinecraftServer/]: [@: Summoned new Minecart with TNT]
[10May2026 14:08:26.847] [Render thread/INFO] [net.minecraft.client.gui.components.ChatComponent/]: [System] [CHAT] [@: Summoned new Minecart with TNT]
[10May2026 14:08:26.891] [Server thread/INFO] [net.minecraft.server.MinecraftServer/]: [@: Summoned new Minecart with TNT]
[10May2026 14:08:26.898] [Render thread/INFO] [net.minecraft.client.gui.components.ChatComponent/]: [System] [CHAT] [@: Summoned new Minecart with TNT]
[10May2026 14:08:26.940] [Server thread/INFO] [net.minecraft.server.MinecraftServer/]: [@: Summoned new Minecart with TNT]
[10May2026 14:08:26.965] [Render thread/INFO] [net.minecraft.client.gui.components.ChatComponent/]: [System] [CHAT] [@: Summoned new Minecart with TNT]
[10May2026 14:08:26.991] [Server thread/INFO] [net.minecraft.server.MinecraftServer/]: [@: Summoned new Minecart with TNT]
[10May2026 14:08:26.996] [Render thread/INFO] [net.minecraft.client.gui.components.ChatComponent/]: [System] [CHAT] [@: Summoned new Minecart with TNT]
[10May2026 14:08:27.040] [Server thread/INFO] [net.minecraft.server.MinecraftServer/]: [@: Summoned new Minecart with TNT]
[10May2026 14:08:27.059] [Render thread/INFO] [net.minecraft.client.gui.components.ChatComponent/]: [System] [CHAT] [@: Summoned new Minecart with TNT]
[10May2026 14:08:27.090] [Server thread/INFO] [net.minecraft.server.MinecraftServer/]: [@: Summoned new Minecart with TNT]
[10May2026 14:08:27.114] [Render thread/INFO] [net.minecraft.client.gui.components.ChatComponent/]: [System] [CHAT] [@: Summoned new Minecart with TNT]
[10May2026 14:08:27.141] [Server thread/INFO] [net.minecraft.server.MinecraftServer/]: [@: Summoned new Minecart with TNT]
[10May2026 14:08:27.153] [Render thread/INFO] [net.minecraft.client.gui.components.ChatComponent/]: [System] [CHAT] [@: Summoned new Minecart with TNT]
[10May2026 14:08:27.190] [Server thread/INFO] [net.minecraft.server.MinecraftServer/]: [@: Summoned new Minecart with TNT]
[10May2026 14:08:27.211] [Render thread/INFO] [net.minecraft.client.gui.components.ChatComponent/]: [System] [CHAT] [@: Summoned new Minecart with TNT]
[10May2026 14:08:27.241] [Server thread/INFO] [net.minecraft.server.MinecraftServer/]: [@: Summoned new Minecart with TNT]
[10May2026 14:08:27.265] [Render thread/INFO] [net.minecraft.client.gui.components.ChatComponent/]: [System] [CHAT] [@: Summoned new Minecart with TNT]
[10May2026 14:08:27.291] [Server thread/INFO] [net.minecraft.server.MinecraftServer/]: [@: Summoned new Minecart with TNT]
[10May2026 14:08:27.298] [Render thread/INFO] [net.minecraft.client.gui.components.ChatComponent/]: [System] [CHAT] [@: Summoned new Minecart with TNT]
[10May2026 14:08:27.340] [Server thread/INFO] [net.minecraft.server.MinecraftServer/]: [@: Summoned new Minecart with TNT]
[10May2026 14:08:27.363] [Render thread/INFO] [net.minecraft.client.gui.components.ChatComponent/]: [System] [CHAT] [@: Summoned new Minecart with TNT]
[10May2026 14:08:27.390] [Server thread/INFO] [net.minecraft.server.MinecraftServer/]: [@: Summoned new Minecart with TNT]
[10May2026 14:08:27.395] [Render thread/INFO] [net.minecraft.client.gui.components.ChatComponent/]: [System] [CHAT] [@: Summoned new Minecart with TNT]
[10May2026 14:08:27.440] [Server thread/INFO] [net.minecraft.server.MinecraftServer/]: [@: Summoned new Minecart with TNT]
[10May2026 14:08:27.464] [Render thread/INFO] [net.minecraft.client.gui.components.ChatComponent/]: [System] [CHAT] [@: Summoned new Minecart with TNT]
[10May2026 14:08:27.491] [Server thread/INFO] [net.minecraft.server.MinecraftServer/]: [@: Summoned new Minecart with TNT]
[10May2026 14:08:27.496] [Render thread/INFO] [net.minecraft.client.gui.components.ChatComponent/]: [System] [CHAT] [@: Summoned new Minecart with TNT]
[10May2026 14:08:27.540] [Server thread/INFO] [net.minecraft.server.MinecraftServer/]: [@: Summoned new Minecart with TNT]
[10May2026 14:08:27.547] [Render thread/INFO] [net.minecraft.client.gui.components.ChatComponent/]: [System] [CHAT] [@: Summoned new Minecart with TNT]
[10May2026 14:08:27.590] [Server thread/INFO] [net.minecraft.server.MinecraftServer/]: [@: Summoned new Minecart with TNT]
[10May2026 14:08:27.615] [Render thread/INFO] [net.minecraft.client.gui.components.ChatComponent/]: [System] [CHAT] [@: Summoned new Minecart with TNT]
[10May2026 14:08:27.641] [Server thread/INFO] [net.minecraft.server.MinecraftServer/]: [@: Summoned new Minecart with TNT]
[10May2026 14:08:27.647] [Render thread/INFO] [net.minecraft.client.gui.components.ChatComponent/]: [System] [CHAT] [@: Summoned new Minecart with TNT]
[10May2026 14:08:27.691] [Server thread/INFO] [net.minecraft.server.MinecraftServer/]: [@: Summoned new Minecart with TNT]
[10May2026 14:08:27.710] [Render thread/INFO] [net.minecraft.client.gui.components.ChatComponent/]: [System] [CHAT] [@: Summoned new Minecart with TNT]
[10May2026 14:08:27.742] [Server thread/INFO] [net.minecraft.server.MinecraftServer/]: [@: Summoned new Minecart with TNT]
[10May2026 14:08:27.746] [Render thread/INFO] [net.minecraft.client.gui.components.ChatComponent/]: [System] [CHAT] [@: Summoned new Minecart with TNT]
[10May2026 14:08:27.792] [Server thread/INFO] [net.minecraft.server.MinecraftServer/]: [@: Summoned new Minecart with TNT]
[10May2026 14:08:27.799] [Render thread/INFO] [net.minecraft.client.gui.components.ChatComponent/]: [System] [CHAT] [@: Summoned new Minecart with TNT]
[10May2026 14:08:27.840] [Server thread/INFO] [net.minecraft.server.MinecraftServer/]: [@: Summoned new Minecart with TNT]
[10May2026 14:08:27.865] [Render thread/INFO] [net.minecraft.client.gui.components.ChatComponent/]: [System] [CHAT] [@: Summoned new Minecart with TNT]
[10May2026 14:08:27.891] [Server thread/INFO] [net.minecraft.server.MinecraftServer/]: [@: Summoned new Minecart with TNT]
[10May2026 14:08:27.913] [Render thread/INFO] [net.minecraft.client.gui.components.ChatComponent/]: [System] [CHAT] [@: Summoned new Minecart with TNT]
[10May2026 14:08:27.940] [Server thread/INFO] [net.minecraft.server.MinecraftServer/]: [@: Summoned new Minecart with TNT]
[10May2026 14:08:27.969] [Render thread/INFO] [net.minecraft.client.gui.components.ChatComponent/]: [System] [CHAT] [@: Summoned new Minecart with TNT]
[10May2026 14:08:27.990] [Server thread/INFO] [net.minecraft.server.MinecraftServer/]: [@: Summoned new Minecart with TNT]
[10May2026 14:08:27.991] [Render thread/INFO] [net.minecraft.client.gui.components.ChatComponent/]: [System] [CHAT] [@: Summoned new Minecart with TNT]
[10May2026 14:08:28.041] [Server thread/INFO] [net.minecraft.server.MinecraftServer/]: [@: Summoned new Minecart with TNT]
[10May2026 14:08:28.044] [Render thread/INFO] [net.minecraft.client.gui.components.ChatComponent/]: [System] [CHAT] [@: Summoned new Minecart with TNT]
[10May2026 14:08:28.091] [Server thread/INFO] [net.minecraft.server.MinecraftServer/]: [@: Summoned new Minecart with TNT]
[10May2026 14:08:28.114] [Render thread/INFO] [net.minecraft.client.gui.components.ChatComponent/]: [System] [CHAT] [@: Summoned new Minecart with TNT]
[10May2026 14:08:28.140] [Server thread/INFO] [net.minecraft.server.MinecraftServer/]: [@: Summoned new Minecart with TNT]
[10May2026 14:08:28.165] [Render thread/INFO] [net.minecraft.client.gui.components.ChatComponent/]: [System] [CHAT] [@: Summoned new Minecart with TNT]
[10May2026 14:08:28.190] [Server thread/INFO] [net.minecraft.server.MinecraftServer/]: [@: Summoned new Minecart with TNT]
[10May2026 14:08:28.193] [Render thread/INFO] [net.minecraft.client.gui.components.ChatComponent/]: [System] [CHAT] [@: Summoned new Minecart with TNT]
[10May2026 14:08:28.240] [Server thread/INFO] [net.minecraft.server.MinecraftServer/]: [@: Summoned new Minecart with TNT]
[10May2026 14:08:28.246] [Render thread/INFO] [net.minecraft.client.gui.components.ChatComponent/]: [System] [CHAT] [@: Summoned new Minecart with TNT]
[10May2026 14:08:28.292] [Server thread/INFO] [net.minecraft.server.MinecraftServer/]: [@: Summoned new Minecart with TNT]
[10May2026 14:08:28.298] [Render thread/INFO] [net.minecraft.client.gui.components.ChatComponent/]: [System] [CHAT] [@: Summoned new Minecart with TNT]
[10May2026 14:08:28.340] [Server thread/INFO] [net.minecraft.server.MinecraftServer/]: [@: Summoned new Minecart with TNT]
[10May2026 14:08:28.348] [Render thread/INFO] [net.minecraft.client.gui.components.ChatComponent/]: [System] [CHAT] [@: Summoned new Minecart with TNT]
[10May2026 14:08:28.392] [Server thread/INFO] [net.minecraft.server.MinecraftServer/]: [@: Summoned new Minecart with TNT]
[10May2026 14:08:28.402] [Render thread/INFO] [net.minecraft.client.gui.components.ChatComponent/]: [System] [CHAT] [@: Summoned new Minecart with TNT]
[10May2026 14:08:28.443] [Server thread/INFO] [net.minecraft.server.MinecraftServer/]: [@: Summoned new Minecart with TNT]
[10May2026 14:08:28.469] [Render thread/INFO] [net.minecraft.client.gui.components.ChatComponent/]: [System] [CHAT] [@: Summoned new Minecart with TNT]
[10May2026 14:08:28.490] [Server thread/INFO] [net.minecraft.server.MinecraftServer/]: [@: Summoned new Minecart with TNT]
[10May2026 14:08:28.505] [Render thread/INFO] [net.minecraft.client.gui.components.ChatComponent/]: [System] [CHAT] [@: Summoned new Minecart with TNT]
[10May2026 14:08:28.542] [Server thread/INFO] [net.minecraft.server.MinecraftServer/]: [@: Summoned new Minecart with TNT]
[10May2026 14:08:28.566] [Render thread/INFO] [net.minecraft.client.gui.components.ChatComponent/]: [System] [CHAT] [@: Summoned new Minecart with TNT]
[10May2026 14:08:28.590] [Server thread/INFO] [net.minecraft.server.MinecraftServer/]: [@: Summoned new Minecart with TNT]
[10May2026 14:08:28.608] [Render thread/INFO] [net.minecraft.client.gui.components.ChatComponent/]: [System] [CHAT] [@: Summoned new Minecart with TNT]
[10May2026 14:08:28.641] [Server thread/INFO] [net.minecraft.server.MinecraftServer/]: [@: Summoned new Minecart with TNT]
[10May2026 14:08:28.650] [Render thread/INFO] [net.minecraft.client.gui.components.ChatComponent/]: [System] [CHAT] [@: Summoned new Minecart with TNT]
[10May2026 14:08:28.692] [Server thread/INFO] [net.minecraft.server.MinecraftServer/]: [@: Summoned new Minecart with TNT]
[10May2026 14:08:28.740] [Server thread/INFO] [net.minecraft.server.MinecraftServer/]: [@: Summoned new Minecart with TNT]
[10May2026 14:08:28.742] [Render thread/INFO] [net.minecraft.client.gui.components.ChatComponent/]: [System] [CHAT] [@: Summoned new Minecart with TNT]
[10May2026 14:08:28.743] [Render thread/INFO] [net.minecraft.client.gui.components.ChatComponent/]: [System] [CHAT] [@: Summoned new Minecart with TNT]
[10May2026 14:08:28.792] [Server thread/INFO] [net.minecraft.server.MinecraftServer/]: [@: Summoned new Minecart with TNT]
[10May2026 14:08:28.820] [Render thread/INFO] [net.minecraft.client.gui.components.ChatComponent/]: [System] [CHAT] [@: Summoned new Minecart with TNT]
[10May2026 14:08:28.840] [Server thread/INFO] [net.minecraft.server.MinecraftServer/]: [@: Summoned new Minecart with TNT]
[10May2026 14:08:28.857] [Render thread/INFO] [net.minecraft.client.gui.components.ChatComponent/]: [System] [CHAT] [@: Summoned new Minecart with TNT]
[10May2026 14:08:28.892] [Server thread/INFO] [net.minecraft.server.MinecraftServer/]: [@: Summoned new Minecart with TNT]
[10May2026 14:08:28.893] [Render thread/INFO] [net.minecraft.client.gui.components.ChatComponent/]: [System] [CHAT] [@: Summoned new Minecart with TNT]
[10May2026 14:08:28.941] [Server thread/INFO] [net.minecraft.server.MinecraftServer/]: [@: Summoned new Minecart with TNT]
[10May2026 14:08:28.956] [Render thread/INFO] [net.minecraft.client.gui.components.ChatComponent/]: [System] [CHAT] [@: Summoned new Minecart with TNT]
[10May2026 14:08:28.991] [Server thread/INFO] [net.minecraft.server.MinecraftServer/]: [@: Summoned new Minecart with TNT]
[10May2026 14:08:29.018] [Render thread/INFO] [net.minecraft.client.gui.components.ChatComponent/]: [System] [CHAT] [@: Summoned new Minecart with TNT]
[10May2026 14:08:29.041] [Server thread/INFO] [net.minecraft.server.MinecraftServer/]: [@: Summoned new Minecart with TNT]
[10May2026 14:08:29.047] [Render thread/INFO] [net.minecraft.client.gui.components.ChatComponent/]: [System] [CHAT] [@: Summoned new Minecart with TNT]
[10May2026 14:08:29.090] [Server thread/INFO] [net.minecraft.server.MinecraftServer/]: [@: Summoned new Minecart with TNT]
[10May2026 14:08:29.097] [Render thread/INFO] [net.minecraft.client.gui.components.ChatComponent/]: [System] [CHAT] [@: Summoned new Minecart with TNT]
[10May2026 14:08:29.140] [Server thread/INFO] [net.minecraft.server.MinecraftServer/]: [@: Summoned new Minecart with TNT]
[10May2026 14:08:29.173] [Render thread/INFO] [net.minecraft.client.gui.components.ChatComponent/]: [System] [CHAT] [@: Summoned new Minecart with TNT]
[10May2026 14:08:29.190] [Server thread/INFO] [net.minecraft.server.MinecraftServer/]: [@: Summoned new Minecart with TNT]
[10May2026 14:08:29.214] [Render thread/INFO] [net.minecraft.client.gui.components.ChatComponent/]: [System] [CHAT] [@: Summoned new Minecart with TNT]
[10May2026 14:08:29.243] [Server thread/INFO] [net.minecraft.server.MinecraftServer/]: [@: Summoned new Minecart with TNT]
[10May2026 14:08:29.251] [Render thread/INFO] [net.minecraft.client.gui.components.ChatComponent/]: [System] [CHAT] [@: Summoned new Minecart with TNT]
[10May2026 14:08:29.292] [Server thread/INFO] [net.minecraft.server.MinecraftServer/]: [@: Summoned new Minecart with TNT]
[10May2026 14:08:29.306] [Render thread/INFO] [net.minecraft.client.gui.components.ChatComponent/]: [System] [CHAT] [@: Summoned new Minecart with TNT]
[10May2026 14:08:29.342] [Server thread/INFO] [net.minecraft.server.MinecraftServer/]: [@: Summoned new Minecart with TNT]
[10May2026 14:08:29.344] [Render thread/INFO] [net.minecraft.client.gui.components.ChatComponent/]: [System] [CHAT] [@: Summoned new Minecart with TNT]
[10May2026 14:08:29.391] [Server thread/INFO] [net.minecraft.server.MinecraftServer/]: [@: Summoned new Minecart with TNT]
[10May2026 14:08:29.412] [Render thread/INFO] [net.minecraft.client.gui.components.ChatComponent/]: [System] [CHAT] [@: Summoned new Minecart with TNT]
[10May2026 14:08:29.440] [Server thread/INFO] [net.minecraft.server.MinecraftServer/]: [@: Summoned new Minecart with TNT]
[10May2026 14:08:29.454] [Render thread/INFO] [net.minecraft.client.gui.components.ChatComponent/]: [System] [CHAT] [@: Summoned new Minecart with TNT]
[10May2026 14:08:29.492] [Server thread/INFO] [net.minecraft.server.MinecraftServer/]: [@: Summoned new Minecart with TNT]
[10May2026 14:08:29.529] [Render thread/INFO] [net.minecraft.client.gui.components.ChatComponent/]: [System] [CHAT] [@: Summoned new Minecart with TNT]
[10May2026 14:08:29.540] [Server thread/INFO] [net.minecraft.server.MinecraftServer/]: [@: Summoned new Minecart with TNT]
[10May2026 14:08:29.563] [Render thread/INFO] [net.minecraft.client.gui.components.ChatComponent/]: [System] [CHAT] [@: Summoned new Minecart with TNT]
[10May2026 14:08:29.592] [Server thread/INFO] [net.minecraft.server.MinecraftServer/]: [@: Summoned new Minecart with TNT]
[10May2026 14:08:29.599] [Render thread/INFO] [net.minecraft.client.gui.components.ChatComponent/]: [System] [CHAT] [@: Summoned new Minecart with TNT]
[10May2026 14:08:29.640] [Server thread/INFO] [net.minecraft.server.MinecraftServer/]: [@: Summoned new Minecart with TNT]
[10May2026 14:08:29.663] [Render thread/INFO] [net.minecraft.client.gui.components.ChatComponent/]: [System] [CHAT] [@: Summoned new Minecart with TNT]
[10May2026 14:08:29.691] [Server thread/INFO] [net.minecraft.server.MinecraftServer/]: [@: Summoned new Minecart with TNT]
[10May2026 14:08:29.714] [Render thread/INFO] [net.minecraft.client.gui.components.ChatComponent/]: [System] [CHAT] [@: Summoned new Minecart with TNT]
[10May2026 14:08:29.741] [Server thread/INFO] [net.minecraft.server.MinecraftServer/]: [@: Summoned new Minecart with TNT]
[10May2026 14:08:29.765] [Render thread/INFO] [net.minecraft.client.gui.components.ChatComponent/]: [System] [CHAT] [@: Summoned new Minecart with TNT]
[10May2026 14:08:29.790] [Server thread/INFO] [net.minecraft.server.MinecraftServer/]: [@: Summoned new Minecart with TNT]
[10May2026 14:08:29.795] [Render thread/INFO] [net.minecraft.client.gui.components.ChatComponent/]: [System] [CHAT] [@: Summoned new Minecart with TNT]
[10May2026 14:08:29.840] [Server thread/INFO] [net.minecraft.server.MinecraftServer/]: [@: Summoned new Minecart with TNT]
[10May2026 14:08:29.849] [Render thread/INFO] [net.minecraft.client.gui.components.ChatComponent/]: [System] [CHAT] [@: Summoned new Minecart with TNT]
[10May2026 14:08:29.891] [Server thread/INFO] [net.minecraft.server.MinecraftServer/]: [@: Summoned new Minecart with TNT]
[10May2026 14:08:29.914] [Render thread/INFO] [net.minecraft.client.gui.components.ChatComponent/]: [System] [CHAT] [@: Summoned new Minecart with TNT]
[10May2026 14:08:29.941] [Server thread/INFO] [net.minecraft.server.MinecraftServer/]: [@: Summoned new Minecart with TNT]
[10May2026 14:08:29.948] [Render thread/INFO] [net.minecraft.client.gui.components.ChatComponent/]: [System] [CHAT] [@: Summoned new Minecart with TNT]
[10May2026 14:08:29.992] [Server thread/INFO] [net.minecraft.server.MinecraftServer/]: [@: Summoned new Minecart with TNT]
[10May2026 14:08:30.006] [Render thread/INFO] [net.minecraft.client.gui.components.ChatComponent/]: [System] [CHAT] [@: Summoned new Minecart with TNT]
[10May2026 14:08:30.042] [Server thread/INFO] [net.minecraft.server.MinecraftServer/]: [@: Summoned new Minecart with TNT]
[10May2026 14:08:30.064] [Render thread/INFO] [net.minecraft.client.gui.components.ChatComponent/]: [System] [CHAT] [@: Summoned new Minecart with TNT]
[10May2026 14:08:30.090] [Server thread/INFO] [net.minecraft.server.MinecraftServer/]: [@: Summoned new Minecart with TNT]
[10May2026 14:08:30.097] [Render thread/INFO] [net.minecraft.client.gui.components.ChatComponent/]: [System] [CHAT] [@: Summoned new Minecart with TNT]
[10May2026 14:08:30.142] [Server thread/INFO] [net.minecraft.server.MinecraftServer/]: [@: Summoned new Minecart with TNT]
[10May2026 14:08:30.165] [Render thread/INFO] [net.minecraft.client.gui.components.ChatComponent/]: [System] [CHAT] [@: Summoned new Minecart with TNT]
[10May2026 14:08:30.191] [Server thread/INFO] [net.minecraft.server.MinecraftServer/]: [@: Summoned new Minecart with TNT]
[10May2026 14:08:30.198] [Render thread/INFO] [net.minecraft.client.gui.components.ChatComponent/]: [System] [CHAT] [@: Summoned new Minecart with TNT]
[10May2026 14:08:30.242] [Server thread/INFO] [net.minecraft.server.MinecraftServer/]: [@: Summoned new Minecart with TNT]
[10May2026 14:08:30.264] [Render thread/INFO] [net.minecraft.client.gui.components.ChatComponent/]: [System] [CHAT] [@: Summoned new Minecart with TNT]
[10May2026 14:08:30.290] [Server thread/INFO] [net.minecraft.server.MinecraftServer/]: [@: Summoned new Minecart with TNT]
[10May2026 14:08:30.297] [Render thread/INFO] [net.minecraft.client.gui.components.ChatComponent/]: [System] [CHAT] [@: Summoned new Minecart with TNT]
[10May2026 14:08:30.341] [Server thread/INFO] [net.minecraft.server.MinecraftServer/]: [@: Summoned new Minecart with TNT]
[10May2026 14:08:30.373] [Render thread/INFO] [net.minecraft.client.gui.components.ChatComponent/]: [System] [CHAT] [@: Summoned new Minecart with TNT]
[10May2026 14:08:30.390] [Server thread/INFO] [net.minecraft.server.MinecraftServer/]: [@: Summoned new Minecart with TNT]
[10May2026 14:08:30.413] [Render thread/INFO] [net.minecraft.client.gui.components.ChatComponent/]: [System] [CHAT] [@: Summoned new Minecart with TNT]
[10May2026 14:08:30.443] [Server thread/INFO] [net.minecraft.server.MinecraftServer/]: [@: Summoned new Minecart with TNT]
[10May2026 14:08:30.448] [Render thread/INFO] [net.minecraft.client.gui.components.ChatComponent/]: [System] [CHAT] [@: Summoned new Minecart with TNT]
[10May2026 14:08:30.491] [Server thread/INFO] [net.minecraft.server.MinecraftServer/]: [@: Summoned new Minecart with TNT]
[10May2026 14:08:30.513] [Render thread/INFO] [net.minecraft.client.gui.components.ChatComponent/]: [System] [CHAT] [@: Summoned new Minecart with TNT]
[10May2026 14:08:30.541] [Server thread/INFO] [net.minecraft.server.MinecraftServer/]: [@: Summoned new Minecart with TNT]
[10May2026 14:08:30.549] [Render thread/INFO] [net.minecraft.client.gui.components.ChatComponent/]: [System] [CHAT] [@: Summoned new Minecart with TNT]
[10May2026 14:08:30.593] [Server thread/INFO] [net.minecraft.server.MinecraftServer/]: [@: Summoned new Minecart with TNT]
[10May2026 14:08:30.621] [Render thread/INFO] [net.minecraft.client.gui.components.ChatComponent/]: [System] [CHAT] [@: Summoned new Minecart with TNT]
[10May2026 14:08:30.642] [Server thread/INFO] [net.minecraft.server.MinecraftServer/]: [@: Summoned new Minecart with TNT]
[10May2026 14:08:30.654] [Render thread/INFO] [net.minecraft.client.gui.components.ChatComponent/]: [System] [CHAT] [@: Summoned new Minecart with TNT]
[10May2026 14:08:30.691] [Server thread/INFO] [net.minecraft.server.MinecraftServer/]: [@: Summoned new Minecart with TNT]
[10May2026 14:08:30.709] [Render thread/INFO] [net.minecraft.client.gui.components.ChatComponent/]: [System] [CHAT] [@: Summoned new Minecart with TNT]
[10May2026 14:08:30.740] [Server thread/INFO] [net.minecraft.server.MinecraftServer/]: [@: Summoned new Minecart with TNT]
[10May2026 14:08:30.763] [Render thread/INFO] [net.minecraft.client.gui.components.ChatComponent/]: [System] [CHAT] [@: Summoned new Minecart with TNT]
[10May2026 14:08:30.790] [Server thread/INFO] [net.minecraft.server.MinecraftServer/]: [@: Summoned new Minecart with TNT]
[10May2026 14:08:30.813] [Render thread/INFO] [net.minecraft.client.gui.components.ChatComponent/]: [System] [CHAT] [@: Summoned new Minecart with TNT]
[10May2026 14:08:30.840] [Server thread/INFO] [net.minecraft.server.MinecraftServer/]: [@: Summoned new Minecart with TNT]
[10May2026 14:08:30.847] [Render thread/INFO] [net.minecraft.client.gui.components.ChatComponent/]: [System] [CHAT] [@: Summoned new Minecart with TNT]
[10May2026 14:08:30.890] [Server thread/INFO] [net.minecraft.server.MinecraftServer/]: [@: Summoned new Minecart with TNT]
[10May2026 14:08:30.901] [Render thread/INFO] [net.minecraft.client.gui.components.ChatComponent/]: [System] [CHAT] [@: Summoned new Minecart with TNT]
[10May2026 14:08:30.940] [Server thread/INFO] [net.minecraft.server.MinecraftServer/]: [@: Summoned new Minecart with TNT]
[10May2026 14:08:30.965] [Render thread/INFO] [net.minecraft.client.gui.components.ChatComponent/]: [System] [CHAT] [@: Summoned new Minecart with TNT]
[10May2026 14:08:30.991] [Server thread/INFO] [net.minecraft.server.MinecraftServer/]: [@: Summoned new Minecart with TNT]
[10May2026 14:08:31.000] [Render thread/INFO] [net.minecraft.client.gui.components.ChatComponent/]: [System] [CHAT] [@: Summoned new Minecart with TNT]
[10May2026 14:08:31.041] [Server thread/INFO] [net.minecraft.server.MinecraftServer/]: [@: Summoned new Minecart with TNT]
[10May2026 14:08:31.063] [Render thread/INFO] [net.minecraft.client.gui.components.ChatComponent/]: [System] [CHAT] [@: Summoned new Minecart with TNT]
[10May2026 14:08:31.090] [Server thread/INFO] [net.minecraft.server.MinecraftServer/]: [@: Summoned new Minecart with TNT]
[10May2026 14:08:31.120] [Render thread/INFO] [net.minecraft.client.gui.components.ChatComponent/]: [System] [CHAT] [@: Summoned new Minecart with TNT]
[10May2026 14:08:31.140] [Server thread/INFO] [net.minecraft.server.MinecraftServer/]: [@: Summoned new Minecart with TNT]
[10May2026 14:08:31.151] [Render thread/INFO] [net.minecraft.client.gui.components.ChatComponent/]: [System] [CHAT] [@: Summoned new Minecart with TNT]
[10May2026 14:08:31.190] [Server thread/INFO] [net.minecraft.server.MinecraftServer/]: [@: Summoned new Minecart with TNT]
[10May2026 14:08:31.196] [Render thread/INFO] [net.minecraft.client.gui.components.ChatComponent/]: [System] [CHAT] [@: Summoned new Minecart with TNT]
[10May2026 14:08:31.240] [Server thread/INFO] [net.minecraft.server.MinecraftServer/]: [@: Summoned new Minecart with TNT]
[10May2026 14:08:31.264] [Render thread/INFO] [net.minecraft.client.gui.components.ChatComponent/]: [System] [CHAT] [@: Summoned new Minecart with TNT]
[10May2026 14:08:31.290] [Server thread/INFO] [net.minecraft.server.MinecraftServer/]: [@: Summoned new Minecart with TNT]
[10May2026 14:08:31.294] [Render thread/INFO] [net.minecraft.client.gui.components.ChatComponent/]: [System] [CHAT] [@: Summoned new Minecart with TNT]
[10May2026 14:08:31.341] [Server thread/INFO] [net.minecraft.server.MinecraftServer/]: [@: Summoned new Minecart with TNT]
[10May2026 14:08:31.374] [Render thread/INFO] [net.minecraft.client.gui.components.ChatComponent/]: [System] [CHAT] [@: Summoned new Minecart with TNT]
[10May2026 14:08:31.392] [Server thread/INFO] [net.minecraft.server.MinecraftServer/]: [@: Summoned new Minecart with TNT]
[10May2026 14:08:31.407] [Render thread/INFO] [net.minecraft.client.gui.components.ChatComponent/]: [System] [CHAT] [@: Summoned new Minecart with TNT]
[10May2026 14:08:31.441] [Server thread/INFO] [net.minecraft.server.MinecraftServer/]: [@: Summoned new Minecart with TNT]
[10May2026 14:08:31.442] [Render thread/INFO] [net.minecraft.client.gui.components.ChatComponent/]: [System] [CHAT] [@: Summoned new Minecart with TNT]
[10May2026 14:08:31.491] [Server thread/INFO] [net.minecraft.server.MinecraftServer/]: [@: Summoned new Minecart with TNT]
[10May2026 14:08:31.513] [Render thread/INFO] [net.minecraft.client.gui.components.ChatComponent/]: [System] [CHAT] [@: Summoned new Minecart with TNT]
[10May2026 14:08:31.542] [Server thread/INFO] [net.minecraft.server.MinecraftServer/]: [@: Summoned new Minecart with TNT]
[10May2026 14:08:31.559] [Render thread/INFO] [net.minecraft.client.gui.components.ChatComponent/]: [System] [CHAT] [@: Summoned new Minecart with TNT]
[10May2026 14:08:31.590] [Server thread/INFO] [net.minecraft.server.MinecraftServer/]: [@: Summoned new Minecart with TNT]
[10May2026 14:08:31.613] [Render thread/INFO] [net.minecraft.client.gui.components.ChatComponent/]: [System] [CHAT] [@: Summoned new Minecart with TNT]
[10May2026 14:08:31.642] [Server thread/INFO] [net.minecraft.server.MinecraftServer/]: [@: Summoned new Minecart with TNT]
[10May2026 14:08:31.644] [Render thread/INFO] [net.minecraft.client.gui.components.ChatComponent/]: [System] [CHAT] [@: Summoned new Minecart with TNT]
[10May2026 14:08:31.692] [Server thread/INFO] [net.minecraft.server.MinecraftServer/]: [@: Summoned new Minecart with TNT]
[10May2026 14:08:31.708] [Render thread/INFO] [net.minecraft.client.gui.components.ChatComponent/]: [System] [CHAT] [@: Summoned new Minecart with TNT]
[10May2026 14:08:31.740] [Server thread/INFO] [net.minecraft.server.MinecraftServer/]: [@: Summoned new Minecart with TNT]
[10May2026 14:08:31.742] [Render thread/INFO] [net.minecraft.client.gui.components.ChatComponent/]: [System] [CHAT] [@: Summoned new Minecart with TNT]
[10May2026 14:08:31.791] [Server thread/INFO] [net.minecraft.server.MinecraftServer/]: [@: Summoned new Minecart with TNT]
[10May2026 14:08:31.811] [Render thread/INFO] [net.minecraft.client.gui.components.ChatComponent/]: [System] [CHAT] [@: Summoned new Minecart with TNT]
[10May2026 14:08:31.841] [Server thread/INFO] [net.minecraft.server.MinecraftServer/]: [@: Summoned new Minecart with TNT]
[10May2026 14:08:31.845] [Render thread/INFO] [net.minecraft.client.gui.components.ChatComponent/]: [System] [CHAT] [@: Summoned new Minecart with TNT]
[10May2026 14:08:31.891] [Server thread/INFO] [net.minecraft.server.MinecraftServer/]: [@: Summoned new Minecart with TNT]
[10May2026 14:08:31.924] [Render thread/INFO] [net.minecraft.client.gui.components.ChatComponent/]: [System] [CHAT] [@: Summoned new Minecart with TNT]
[10May2026 14:08:31.943] [Server thread/INFO] [net.minecraft.server.MinecraftServer/]: [@: Summoned new Minecart with TNT]
[10May2026 14:08:31.956] [Render thread/INFO] [net.minecraft.client.gui.components.ChatComponent/]: [System] [CHAT] [@: Summoned new Minecart with TNT]
[10May2026 14:08:31.990] [Server thread/INFO] [net.minecraft.server.MinecraftServer/]: [@: Summoned new Minecart with TNT]
[10May2026 14:08:32.026] [Render thread/INFO] [net.minecraft.client.gui.components.ChatComponent/]: [System] [CHAT] [@: Summoned new Minecart with TNT]
[10May2026 14:08:32.041] [Server thread/INFO] [net.minecraft.server.MinecraftServer/]: [@: Summoned new Minecart with TNT]
[10May2026 14:08:32.064] [Render thread/INFO] [net.minecraft.client.gui.components.ChatComponent/]: [System] [CHAT] [@: Summoned new Minecart with TNT]
[10May2026 14:08:32.091] [Server thread/INFO] [net.minecraft.server.MinecraftServer/]: [@: Summoned new Minecart with TNT]
[10May2026 14:08:32.097] [Render thread/INFO] [net.minecraft.client.gui.components.ChatComponent/]: [System] [CHAT] [@: Summoned new Minecart with TNT]
[10May2026 14:08:32.141] [Server thread/INFO] [net.minecraft.server.MinecraftServer/]: [@: Summoned new Minecart with TNT]
[10May2026 14:08:32.164] [Render thread/INFO] [net.minecraft.client.gui.components.ChatComponent/]: [System] [CHAT] [@: Summoned new Minecart with TNT]
[10May2026 14:08:32.190] [Server thread/INFO] [net.minecraft.server.MinecraftServer/]: [@: Summoned new Minecart with TNT]
[10May2026 14:08:32.191] [Render thread/INFO] [net.minecraft.client.gui.components.ChatComponent/]: [System] [CHAT] [@: Summoned new Minecart with TNT]
[10May2026 14:08:32.240] [Server thread/INFO] [net.minecraft.server.MinecraftServer/]: [@: Summoned new Minecart with TNT]
[10May2026 14:08:32.242] [Render thread/INFO] [net.minecraft.client.gui.components.ChatComponent/]: [System] [CHAT] [@: Summoned new Minecart with TNT]
[10May2026 14:08:32.290] [Server thread/INFO] [net.minecraft.server.MinecraftServer/]: [@: Summoned new Minecart with TNT]
[10May2026 14:08:32.293] [Render thread/INFO] [net.minecraft.client.gui.components.ChatComponent/]: [System] [CHAT] [@: Summoned new Minecart with TNT]
[10May2026 14:08:32.340] [Server thread/INFO] [net.minecraft.server.MinecraftServer/]: [@: Summoned new Minecart with TNT]
[10May2026 14:08:32.363] [Render thread/INFO] [net.minecraft.client.gui.components.ChatComponent/]: [System] [CHAT] [@: Summoned new Minecart with TNT]
[10May2026 14:08:32.392] [Server thread/INFO] [net.minecraft.server.MinecraftServer/]: [@: Summoned new Minecart with TNT]
[10May2026 14:08:32.401] [Render thread/INFO] [net.minecraft.client.gui.components.ChatComponent/]: [System] [CHAT] [@: Summoned new Minecart with TNT]
[10May2026 14:08:32.440] [Server thread/INFO] [net.minecraft.server.MinecraftServer/]: [@: Summoned new Minecart with TNT]
[10May2026 14:08:32.469] [Render thread/INFO] [net.minecraft.client.gui.components.ChatComponent/]: [System] [CHAT] [@: Summoned new Minecart with TNT]
[10May2026 14:08:32.492] [Server thread/INFO] [net.minecraft.server.MinecraftServer/]: [@: Summoned new Minecart with TNT]
[10May2026 14:08:32.513] [Render thread/INFO] [net.minecraft.client.gui.components.ChatComponent/]: [System] [CHAT] [@: Summoned new Minecart with TNT]
[10May2026 14:08:32.540] [Server thread/INFO] [net.minecraft.server.MinecraftServer/]: [@: Summoned new Minecart with TNT]
[10May2026 14:08:32.543] [Render thread/INFO] [net.minecraft.client.gui.components.ChatComponent/]: [System] [CHAT] [@: Summoned new Minecart with TNT]
[10May2026 14:08:32.591] [Server thread/INFO] [net.minecraft.server.MinecraftServer/]: [@: Summoned new Minecart with TNT]
[10May2026 14:08:32.596] [Render thread/INFO] [net.minecraft.client.gui.components.ChatComponent/]: [System] [CHAT] [@: Summoned new Minecart with TNT]
[10May2026 14:08:32.641] [Server thread/INFO] [net.minecraft.server.MinecraftServer/]: [@: Summoned new Minecart with TNT]
[10May2026 14:08:32.654] [Render thread/INFO] [net.minecraft.client.gui.components.ChatComponent/]: [System] [CHAT] [@: Summoned new Minecart with TNT]
[10May2026 14:08:32.690] [Server thread/INFO] [net.minecraft.server.MinecraftServer/]: [@: Summoned new Minecart with TNT]
[10May2026 14:08:32.729] [Render thread/INFO] [net.minecraft.client.gui.components.ChatComponent/]: [System] [CHAT] [@: Summoned new Minecart with TNT]
[10May2026 14:08:32.742] [Server thread/INFO] [net.minecraft.server.MinecraftServer/]: [@: Summoned new Minecart with TNT]
[10May2026 14:08:32.781] [Render thread/INFO] [net.minecraft.client.gui.components.ChatComponent/]: [System] [CHAT] [@: Summoned new Minecart with TNT]
[10May2026 14:08:32.791] [Server thread/INFO] [net.minecraft.server.MinecraftServer/]: [@: Summoned new Minecart with TNT]
[10May2026 14:08:32.812] [Render thread/INFO] [net.minecraft.client.gui.components.ChatComponent/]: [System] [CHAT] [@: Summoned new Minecart with TNT]
[10May2026 14:08:32.841] [Server thread/INFO] [net.minecraft.server.MinecraftServer/]: [@: Summoned new Minecart with TNT]
[10May2026 14:08:32.884] [Render thread/INFO] [net.minecraft.client.gui.components.ChatComponent/]: [System] [CHAT] [@: Summoned new Minecart with TNT]
[10May2026 14:08:32.894] [Server thread/INFO] [net.minecraft.server.MinecraftServer/]: [@: Summoned new Minecart with TNT]
[10May2026 14:08:32.934] [Render thread/INFO] [net.minecraft.client.gui.components.ChatComponent/]: [System] [CHAT] [@: Summoned new Minecart with TNT]
[10May2026 14:08:32.942] [Server thread/INFO] [net.minecraft.server.MinecraftServer/]: [@: Summoned new Minecart with TNT]
[10May2026 14:08:32.964] [Render thread/INFO] [net.minecraft.client.gui.components.ChatComponent/]: [System] [CHAT] [@: Summoned new Minecart with TNT]
[10May2026 14:08:32.991] [Server thread/INFO] [net.minecraft.server.MinecraftServer/]: [@: Summoned new Minecart with TNT]
[10May2026 14:08:32.997] [Render thread/INFO] [net.minecraft.client.gui.components.ChatComponent/]: [System] [CHAT] [@: Summoned new Minecart with TNT]
[10May2026 14:08:33.042] [Server thread/INFO] [net.minecraft.server.MinecraftServer/]: [@: Summoned new Minecart with TNT]
[10May2026 14:08:33.082] [Render thread/INFO] [net.minecraft.client.gui.components.ChatComponent/]: [System] [CHAT] [@: Summoned new Minecart with TNT]
[10May2026 14:08:33.090] [Server thread/INFO] [net.minecraft.server.MinecraftServer/]: [@: Summoned new Minecart with TNT]
[10May2026 14:08:33.126] [Render thread/INFO] [net.minecraft.client.gui.components.ChatComponent/]: [System] [CHAT] [@: Summoned new Minecart with TNT]
[10May2026 14:08:33.140] [Server thread/INFO] [net.minecraft.server.MinecraftServer/]: [@: Summoned new Minecart with TNT]
[10May2026 14:08:33.160] [Render thread/INFO] [net.minecraft.client.gui.components.ChatComponent/]: [System] [CHAT] [@: Summoned new Minecart with TNT]
[10May2026 14:08:33.191] [Server thread/INFO] [net.minecraft.server.MinecraftServer/]: [@: Summoned new Minecart with TNT]
[10May2026 14:08:33.191] [Render thread/INFO] [net.minecraft.client.gui.components.ChatComponent/]: [System] [CHAT] [@: Summoned new Minecart with TNT]
[10May2026 14:08:33.240] [Server thread/INFO] [net.minecraft.server.MinecraftServer/]: [@: Summoned new Minecart with TNT]
[10May2026 14:08:33.274] [Render thread/INFO] [net.minecraft.client.gui.components.ChatComponent/]: [System] [CHAT] [@: Summoned new Minecart with TNT]
[10May2026 14:08:33.291] [Server thread/INFO] [net.minecraft.server.MinecraftServer/]: [@: Summoned new Minecart with TNT]
[10May2026 14:08:33.314] [Render thread/INFO] [net.minecraft.client.gui.components.ChatComponent/]: [System] [CHAT] [@: Summoned new Minecart with TNT]
[10May2026 14:08:33.342] [Server thread/INFO] [net.minecraft.server.MinecraftServer/]: [@: Summoned new Minecart with TNT]
[10May2026 14:08:33.355] [Render thread/INFO] [net.minecraft.client.gui.components.ChatComponent/]: [System] [CHAT] [@: Summoned new Minecart with TNT]
[10May2026 14:08:33.393] [Server thread/INFO] [net.minecraft.server.MinecraftServer/]: [@: Summoned new Minecart with TNT]
[10May2026 14:08:33.423] [Render thread/INFO] [net.minecraft.client.gui.components.ChatComponent/]: [System] [CHAT] [@: Summoned new Minecart with TNT]
[10May2026 14:08:33.441] [Server thread/INFO] [net.minecraft.server.MinecraftServer/]: [@: Summoned new Minecart with TNT]
[10May2026 14:08:33.475] [Render thread/INFO] [net.minecraft.client.gui.components.ChatComponent/]: [System] [CHAT] [@: Summoned new Minecart with TNT]
[10May2026 14:08:33.490] [Server thread/INFO] [net.minecraft.server.MinecraftServer/]: [@: Summoned new Minecart with TNT]
[10May2026 14:08:33.514] [Render thread/INFO] [net.minecraft.client.gui.components.ChatComponent/]: [System] [CHAT] [@: Summoned new Minecart with TNT]
[10May2026 14:08:33.540] [Server thread/INFO] [net.minecraft.server.MinecraftServer/]: [@: Summoned new Minecart with TNT]
[10May2026 14:08:33.545] [Render thread/INFO] [net.minecraft.client.gui.components.ChatComponent/]: [System] [CHAT] [@: Summoned new Minecart with TNT]
[10May2026 14:08:33.591] [Server thread/INFO] [net.minecraft.server.MinecraftServer/]: [@: Summoned new Minecart with TNT]
[10May2026 14:08:33.604] [Render thread/INFO] [net.minecraft.client.gui.components.ChatComponent/]: [System] [CHAT] [@: Summoned new Minecart with TNT]
[10May2026 14:08:33.642] [Server thread/INFO] [net.minecraft.server.MinecraftServer/]: [@: Summoned new Minecart with TNT]
[10May2026 14:08:33.680] [Render thread/INFO] [net.minecraft.client.gui.components.ChatComponent/]: [System] [CHAT] [@: Summoned new Minecart with TNT]
[10May2026 14:08:33.693] [Server thread/INFO] [net.minecraft.server.MinecraftServer/]: [@: Summoned new Minecart with TNT]
[10May2026 14:08:33.723] [Render thread/INFO] [net.minecraft.client.gui.components.ChatComponent/]: [System] [CHAT] [@: Summoned new Minecart with TNT]
[10May2026 14:08:33.741] [Server thread/INFO] [net.minecraft.server.MinecraftServer/]: [@: Summoned new Minecart with TNT]
[10May2026 14:08:33.756] [Render thread/INFO] [net.minecraft.client.gui.components.ChatComponent/]: [System] [CHAT] [@: Summoned new Minecart with TNT]
[10May2026 14:08:33.790] [Server thread/INFO] [net.minecraft.server.MinecraftServer/]: [@: Summoned new Minecart with TNT]
[10May2026 14:08:33.802] [Render thread/INFO] [net.minecraft.client.gui.components.ChatComponent/]: [System] [CHAT] [@: Summoned new Minecart with TNT]
[10May2026 14:08:33.841] [Server thread/INFO] [net.minecraft.server.MinecraftServer/]: [@: Summoned new Minecart with TNT]
[10May2026 14:08:33.864] [Render thread/INFO] [net.minecraft.client.gui.components.ChatComponent/]: [System] [CHAT] [@: Summoned new Minecart with TNT]
[10May2026 14:08:33.890] [Server thread/INFO] [net.minecraft.server.MinecraftServer/]: [@: Summoned new Minecart with TNT]
[10May2026 14:08:33.900] [Render thread/INFO] [net.minecraft.client.gui.components.ChatComponent/]: [System] [CHAT] [@: Summoned new Minecart with TNT]
[10May2026 14:08:33.940] [Server thread/INFO] [net.minecraft.server.MinecraftServer/]: [@: Summoned new Minecart with TNT]
[10May2026 14:08:33.981] [Render thread/INFO] [net.minecraft.client.gui.components.ChatComponent/]: [System] [CHAT] [@: Summoned new Minecart with TNT]
[10May2026 14:08:33.990] [Server thread/INFO] [net.minecraft.server.MinecraftServer/]: [@: Summoned new Minecart with TNT]
[10May2026 14:08:34.013] [Render thread/INFO] [net.minecraft.client.gui.components.ChatComponent/]: [System] [CHAT] [@: Summoned new Minecart with TNT]
[10May2026 14:08:34.041] [Server thread/INFO] [net.minecraft.server.MinecraftServer/]: [@: Summoned new Minecart with TNT]
[10May2026 14:08:34.059] [Render thread/INFO] [net.minecraft.client.gui.components.ChatComponent/]: [System] [CHAT] [@: Summoned new Minecart with TNT]
[10May2026 14:08:34.090] [Server thread/INFO] [net.minecraft.server.MinecraftServer/]: [@: Summoned new Minecart with TNT]
[10May2026 14:08:34.097] [Render thread/INFO] [net.minecraft.client.gui.components.ChatComponent/]: [System] [CHAT] [@: Summoned new Minecart with TNT]
[10May2026 14:08:34.140] [Server thread/INFO] [net.minecraft.server.MinecraftServer/]: [@: Summoned new Minecart with TNT]
[10May2026 14:08:34.172] [Render thread/INFO] [net.minecraft.client.gui.components.ChatComponent/]: [System] [CHAT] [@: Summoned new Minecart with TNT]
[10May2026 14:08:34.191] [Server thread/INFO] [net.minecraft.server.MinecraftServer/]: [@: Summoned new Minecart with TNT]
[10May2026 14:08:34.206] [Render thread/INFO] [net.minecraft.client.gui.components.ChatComponent/]: [System] [CHAT] [@: Summoned new Minecart with TNT]
[10May2026 14:08:34.240] [Server thread/INFO] [net.minecraft.server.MinecraftServer/]: [@: Summoned new Minecart with TNT]
[10May2026 14:08:34.244] [Render thread/INFO] [net.minecraft.client.gui.components.ChatComponent/]: [System] [CHAT] [@: Summoned new Minecart with TNT]
[10May2026 14:08:34.290] [Server thread/INFO] [net.minecraft.server.MinecraftServer/]: [@: Summoned new Minecart with TNT]
[10May2026 14:08:34.297] [Render thread/INFO] [net.minecraft.client.gui.components.ChatComponent/]: [System] [CHAT] [@: Summoned new Minecart with TNT]
[10May2026 14:08:34.340] [Server thread/INFO] [net.minecraft.server.MinecraftServer/]: [@: Summoned new Minecart with TNT]
[10May2026 14:08:34.350] [Render thread/INFO] [net.minecraft.client.gui.components.ChatComponent/]: [System] [CHAT] [@: Summoned new Minecart with TNT]
[10May2026 14:08:34.391] [Server thread/INFO] [net.minecraft.server.MinecraftServer/]: [@: Summoned new Minecart with TNT]
[10May2026 14:08:34.410] [Render thread/INFO] [net.minecraft.client.gui.components.ChatComponent/]: [System] [CHAT] [@: Summoned new Minecart with TNT]
[10May2026 14:08:34.442] [Server thread/INFO] [net.minecraft.server.MinecraftServer/]: [@: Summoned new Minecart with TNT]
[10May2026 14:08:34.444] [Render thread/INFO] [net.minecraft.client.gui.components.ChatComponent/]: [System] [CHAT] [@: Summoned new Minecart with TNT]
[10May2026 14:08:34.490] [Server thread/INFO] [net.minecraft.server.MinecraftServer/]: [@: Summoned new Minecart with TNT]
[10May2026 14:08:34.499] [Render thread/INFO] [net.minecraft.client.gui.components.ChatComponent/]: [System] [CHAT] [@: Summoned new Minecart with TNT]
[10May2026 14:08:34.541] [Server thread/INFO] [net.minecraft.server.MinecraftServer/]: [@: Summoned new Minecart with TNT]
[10May2026 14:08:34.579] [Render thread/INFO] [net.minecraft.client.gui.components.ChatComponent/]: [System] [CHAT] [@: Summoned new Minecart with TNT]
[10May2026 14:08:34.590] [Server thread/INFO] [net.minecraft.server.MinecraftServer/]: [@: Summoned new Minecart with TNT]
[10May2026 14:08:34.625] [Render thread/INFO] [net.minecraft.client.gui.components.ChatComponent/]: [System] [CHAT] [@: Summoned new Minecart with TNT]
[10May2026 14:08:34.641] [Server thread/INFO] [net.minecraft.server.MinecraftServer/]: [@: Summoned new Minecart with TNT]
[10May2026 14:08:34.665] [Render thread/INFO] [net.minecraft.client.gui.components.ChatComponent/]: [System] [CHAT] [@: Summoned new Minecart with TNT]
[10May2026 14:08:34.691] [Server thread/INFO] [net.minecraft.server.MinecraftServer/]: [@: Summoned new Minecart with TNT]
[10May2026 14:08:34.699] [Render thread/INFO] [net.minecraft.client.gui.components.ChatComponent/]: [System] [CHAT] [@: Summoned new Minecart with TNT]
[10May2026 14:08:34.741] [Server thread/INFO] [net.minecraft.server.MinecraftServer/]: [@: Summoned new Minecart with TNT]
[10May2026 14:08:34.762] [Render thread/INFO] [net.minecraft.client.gui.components.ChatComponent/]: [System] [CHAT] [@: Summoned new Minecart with TNT]
[10May2026 14:08:34.790] [Server thread/INFO] [net.minecraft.server.MinecraftServer/]: [@: Summoned new Minecart with TNT]
[10May2026 14:08:34.797] [Render thread/INFO] [net.minecraft.client.gui.components.ChatComponent/]: [System] [CHAT] [@: Summoned new Minecart with TNT]
[10May2026 14:08:34.841] [Server thread/INFO] [net.minecraft.server.MinecraftServer/]: [@: Summoned new Minecart with TNT]
[10May2026 14:08:34.858] [Render thread/INFO] [net.minecraft.client.gui.components.ChatComponent/]: [System] [CHAT] [@: Summoned new Minecart with TNT]
[10May2026 14:08:34.892] [Server thread/INFO] [net.minecraft.server.MinecraftServer/]: [@: Summoned new Minecart with TNT]
[10May2026 14:08:34.898] [Render thread/INFO] [net.minecraft.client.gui.components.ChatComponent/]: [System] [CHAT] [@: Summoned new Minecart with TNT]
[10May2026 14:08:34.941] [Server thread/INFO] [net.minecraft.server.MinecraftServer/]: [@: Summoned new Minecart with TNT]
[10May2026 14:08:34.963] [Render thread/INFO] [net.minecraft.client.gui.components.ChatComponent/]: [System] [CHAT] [@: Summoned new Minecart with TNT]
[10May2026 14:08:34.991] [Server thread/INFO] [net.minecraft.server.MinecraftServer/]: [@: Summoned new Minecart with TNT]
[10May2026 14:08:34.996] [Render thread/INFO] [net.minecraft.client.gui.components.ChatComponent/]: [System] [CHAT] [@: Summoned new Minecart with TNT]
[10May2026 14:08:35.040] [Server thread/INFO] [net.minecraft.server.MinecraftServer/]: [@: Summoned new Minecart with TNT]
[10May2026 14:08:35.049] [Render thread/INFO] [net.minecraft.client.gui.components.ChatComponent/]: [System] [CHAT] [@: Summoned new Minecart with TNT]
[10May2026 14:08:35.091] [Server thread/INFO] [net.minecraft.server.MinecraftServer/]: [@: Summoned new Minecart with TNT]
[10May2026 14:08:35.109] [Render thread/INFO] [net.minecraft.client.gui.components.ChatComponent/]: [System] [CHAT] [@: Summoned new Minecart with TNT]
[10May2026 14:08:35.140] [Server thread/INFO] [net.minecraft.server.MinecraftServer/]: [@: Summoned new Minecart with TNT]
[10May2026 14:08:35.158] [Render thread/INFO] [net.minecraft.client.gui.components.ChatComponent/]: [System] [CHAT] [@: Summoned new Minecart with TNT]
[10May2026 14:08:35.192] [Server thread/INFO] [net.minecraft.server.MinecraftServer/]: [@: Summoned new Minecart with TNT]
[10May2026 14:08:35.220] [Render thread/INFO] [net.minecraft.client.gui.components.ChatComponent/]: [System] [CHAT] [@: Summoned new Minecart with TNT]
[10May2026 14:08:35.240] [Server thread/INFO] [net.minecraft.server.MinecraftServer/]: [@: Summoned new Minecart with TNT]
[10May2026 14:08:35.253] [Render thread/INFO] [net.minecraft.client.gui.components.ChatComponent/]: [System] [CHAT] [@: Summoned new Minecart with TNT]
[10May2026 14:08:35.290] [Server thread/INFO] [net.minecraft.server.MinecraftServer/]: [@: Summoned new Minecart with TNT]
[10May2026 14:08:35.328] [Render thread/INFO] [net.minecraft.client.gui.components.ChatComponent/]: [System] [CHAT] [@: Summoned new Minecart with TNT]
[10May2026 14:08:35.340] [Server thread/INFO] [net.minecraft.server.MinecraftServer/]: [@: Summoned new Minecart with TNT]
[10May2026 14:08:35.364] [Render thread/INFO] [net.minecraft.client.gui.components.ChatComponent/]: [System] [CHAT] [@: Summoned new Minecart with TNT]
[10May2026 14:08:35.391] [Server thread/INFO] [net.minecraft.server.MinecraftServer/]: [@: Summoned new Minecart with TNT]
[10May2026 14:08:35.396] [Render thread/INFO] [net.minecraft.client.gui.components.ChatComponent/]: [System] [CHAT] [@: Summoned new Minecart with TNT]
[10May2026 14:08:35.441] [Server thread/INFO] [net.minecraft.server.MinecraftServer/]: [@: Summoned new Minecart with TNT]
[10May2026 14:08:35.473] [Render thread/INFO] [net.minecraft.client.gui.components.ChatComponent/]: [System] [CHAT] [@: Summoned new Minecart with TNT]
[10May2026 14:08:35.492] [Server thread/INFO] [net.minecraft.server.MinecraftServer/]: [@: Summoned new Minecart with TNT]
[10May2026 14:08:35.510] [Render thread/INFO] [net.minecraft.client.gui.components.ChatComponent/]: [System] [CHAT] [@: Summoned new Minecart with TNT]
[10May2026 14:08:35.541] [Server thread/INFO] [net.minecraft.server.MinecraftServer/]: [@: Summoned new Minecart with TNT]
[10May2026 14:08:35.547] [Render thread/INFO] [net.minecraft.client.gui.components.ChatComponent/]: [System] [CHAT] [@: Summoned new Minecart with TNT]
[10May2026 14:08:35.590] [Server thread/INFO] [net.minecraft.server.MinecraftServer/]: [@: Summoned new Minecart with TNT]
[10May2026 14:08:35.613] [Render thread/INFO] [net.minecraft.client.gui.components.ChatComponent/]: [System] [CHAT] [@: Summoned new Minecart with TNT]
[10May2026 14:08:35.640] [Server thread/INFO] [net.minecraft.server.MinecraftServer/]: [@: Summoned new Minecart with TNT]
[10May2026 14:08:35.662] [Render thread/INFO] [net.minecraft.client.gui.components.ChatComponent/]: [System] [CHAT] [@: Summoned new Minecart with TNT]
[10May2026 14:08:35.691] [Server thread/INFO] [net.minecraft.server.MinecraftServer/]: [@: Summoned new Minecart with TNT]
[10May2026 14:08:35.714] [Render thread/INFO] [net.minecraft.client.gui.components.ChatComponent/]: [System] [CHAT] [@: Summoned new Minecart with TNT]
[10May2026 14:08:35.740] [Server thread/INFO] [net.minecraft.server.MinecraftServer/]: [@: Summoned new Minecart with TNT]
[10May2026 14:08:35.763] [Render thread/INFO] [net.minecraft.client.gui.components.ChatComponent/]: [System] [CHAT] [@: Summoned new Minecart with TNT]
[10May2026 14:08:35.790] [Server thread/INFO] [net.minecraft.server.MinecraftServer/]: [@: Summoned new Minecart with TNT]
[10May2026 14:08:35.792] [Render thread/INFO] [net.minecraft.client.gui.components.ChatComponent/]: [System] [CHAT] [@: Summoned new Minecart with TNT]
[10May2026 14:08:35.840] [Server thread/INFO] [net.minecraft.server.MinecraftServer/]: [@: Summoned new Minecart with TNT]
[10May2026 14:08:35.846] [Render thread/INFO] [net.minecraft.client.gui.components.ChatComponent/]: [System] [CHAT] [@: Summoned new Minecart with TNT]
[10May2026 14:08:35.892] [Server thread/INFO] [net.minecraft.server.MinecraftServer/]: [@: Summoned new Minecart with TNT]
[10May2026 14:08:35.897] [Render thread/INFO] [net.minecraft.client.gui.components.ChatComponent/]: [System] [CHAT] [@: Summoned new Minecart with TNT]
[10May2026 14:08:35.941] [Server thread/INFO] [net.minecraft.server.MinecraftServer/]: [@: Summoned new Minecart with TNT]
[10May2026 14:08:35.946] [Render thread/INFO] [net.minecraft.client.gui.components.ChatComponent/]: [System] [CHAT] [@: Summoned new Minecart with TNT]
[10May2026 14:08:35.992] [Server thread/INFO] [net.minecraft.server.MinecraftServer/]: [@: Summoned new Minecart with TNT]
[10May2026 14:08:35.993] [Render thread/INFO] [net.minecraft.client.gui.components.ChatComponent/]: [System] [CHAT] [@: Summoned new Minecart with TNT]
[10May2026 14:08:36.040] [Server thread/INFO] [net.minecraft.server.MinecraftServer/]: [@: Summoned new Minecart with TNT]
[10May2026 14:08:36.046] [Render thread/INFO] [net.minecraft.client.gui.components.ChatComponent/]: [System] [CHAT] [@: Summoned new Minecart with TNT]
[10May2026 14:08:36.092] [Server thread/INFO] [net.minecraft.server.MinecraftServer/]: [@: Summoned new Minecart with TNT]
[10May2026 14:08:36.102] [Render thread/INFO] [net.minecraft.client.gui.components.ChatComponent/]: [System] [CHAT] [@: Summoned new Minecart with TNT]
[10May2026 14:08:36.141] [Server thread/INFO] [net.minecraft.server.MinecraftServer/]: [@: Summoned new Minecart with TNT]
[10May2026 14:08:36.146] [Render thread/INFO] [net.minecraft.client.gui.components.ChatComponent/]: [System] [CHAT] [@: Summoned new Minecart with TNT]
[10May2026 14:08:36.190] [Server thread/INFO] [net.minecraft.server.MinecraftServer/]: [@: Summoned new Minecart with TNT]
[10May2026 14:08:36.195] [Render thread/INFO] [net.minecraft.client.gui.components.ChatComponent/]: [System] [CHAT] [@: Summoned new Minecart with TNT]
[10May2026 14:08:36.241] [Server thread/INFO] [net.minecraft.server.MinecraftServer/]: [@: Summoned new Minecart with TNT]
[10May2026 14:08:36.263] [Render thread/INFO] [net.minecraft.client.gui.components.ChatComponent/]: [System] [CHAT] [@: Summoned new Minecart with TNT]
[10May2026 14:08:36.291] [Server thread/INFO] [net.minecraft.server.MinecraftServer/]: [@: Summoned new Minecart with TNT]
[10May2026 14:08:36.316] [Render thread/INFO] [net.minecraft.client.gui.components.ChatComponent/]: [System] [CHAT] [@: Summoned new Minecart with TNT]
[10May2026 14:08:36.342] [Server thread/INFO] [net.minecraft.server.MinecraftServer/]: [@: Summoned new Minecart with TNT]
[10May2026 14:08:36.349] [Render thread/INFO] [net.minecraft.client.gui.components.ChatComponent/]: [System] [CHAT] [@: Summoned new Minecart with TNT]
[10May2026 14:08:36.390] [Server thread/INFO] [net.minecraft.server.MinecraftServer/]: [@: Summoned new Minecart with TNT]
[10May2026 14:08:36.405] [Render thread/INFO] [net.minecraft.client.gui.components.ChatComponent/]: [System] [CHAT] [@: Summoned new Minecart with TNT]
[10May2026 14:08:36.441] [Server thread/INFO] [net.minecraft.server.MinecraftServer/]: [@: Summoned new Minecart with TNT]
[10May2026 14:08:36.468] [Render thread/INFO] [net.minecraft.client.gui.components.ChatComponent/]: [System] [CHAT] [@: Summoned new Minecart with TNT]
[10May2026 14:08:36.491] [Server thread/INFO] [net.minecraft.server.MinecraftServer/]: [@: Summoned new Minecart with TNT]
[10May2026 14:08:36.513] [Render thread/INFO] [net.minecraft.client.gui.components.ChatComponent/]: [System] [CHAT] [@: Summoned new Minecart with TNT]
[10May2026 14:08:36.548] [Server thread/INFO] [net.minecraft.server.MinecraftServer/]: [@: Summoned new Minecart with TNT]
[10May2026 14:08:36.564] [Render thread/INFO] [net.minecraft.client.gui.components.ChatComponent/]: [System] [CHAT] [@: Summoned new Minecart with TNT]
[10May2026 14:08:36.595] [Server thread/INFO] [net.minecraft.server.MinecraftServer/]: [@: Summoned new Minecart with TNT]
[10May2026 14:08:36.603] [Render thread/INFO] [net.minecraft.client.gui.components.ChatComponent/]: [System] [CHAT] [@: Summoned new Minecart with TNT]
[10May2026 14:08:36.640] [Server thread/INFO] [net.minecraft.server.MinecraftServer/]: [@: Summoned new Minecart with TNT]
[10May2026 14:08:36.657] [Render thread/INFO] [net.minecraft.client.gui.components.ChatComponent/]: [System] [CHAT] [@: Summoned new Minecart with TNT]
[10May2026 14:08:36.690] [Server thread/INFO] [net.minecraft.server.MinecraftServer/]: [@: Summoned new Minecart with TNT]
[10May2026 14:08:36.692] [Render thread/INFO] [net.minecraft.client.gui.components.ChatComponent/]: [System] [CHAT] [@: Summoned new Minecart with TNT]
[10May2026 14:08:36.740] [Server thread/INFO] [net.minecraft.server.MinecraftServer/]: [@: Summoned new Minecart with TNT]
[10May2026 14:08:36.756] [Render thread/INFO] [net.minecraft.client.gui.components.ChatComponent/]: [System] [CHAT] [@: Summoned new Minecart with TNT]
[10May2026 14:08:36.790] [Server thread/INFO] [net.minecraft.server.MinecraftServer/]: [@: Summoned new Minecart with TNT]
[10May2026 14:08:36.791] [Render thread/INFO] [net.minecraft.client.gui.components.ChatComponent/]: [System] [CHAT] [@: Summoned new Minecart with TNT]
[10May2026 14:08:36.842] [Server thread/INFO] [net.minecraft.server.MinecraftServer/]: [@: Summoned new Minecart with TNT]
[10May2026 14:08:36.866] [Render thread/INFO] [net.minecraft.client.gui.components.ChatComponent/]: [System] [CHAT] [@: Summoned new Minecart with TNT]
[10May2026 14:08:36.891] [Server thread/INFO] [net.minecraft.server.MinecraftServer/]: [@: Summoned new Minecart with TNT]
[10May2026 14:08:36.893] [Render thread/INFO] [net.minecraft.client.gui.components.ChatComponent/]: [System] [CHAT] [@: Summoned new Minecart with TNT]
[10May2026 14:08:36.941] [Server thread/INFO] [net.minecraft.server.MinecraftServer/]: [@: Summoned new Minecart with TNT]
[10May2026 14:08:36.951] [Render thread/INFO] [net.minecraft.client.gui.components.ChatComponent/]: [System] [CHAT] [@: Summoned new Minecart with TNT]
[10May2026 14:08:36.990] [Server thread/INFO] [net.minecraft.server.MinecraftServer/]: [@: Summoned new Minecart with TNT]
[10May2026 14:08:37.006] [Render thread/INFO] [net.minecraft.client.gui.components.ChatComponent/]: [System] [CHAT] [@: Summoned new Minecart with TNT]
[10May2026 14:08:37.040] [Server thread/INFO] [net.minecraft.server.MinecraftServer/]: [@: Summoned new Minecart with TNT]
[10May2026 14:08:37.064] [Render thread/INFO] [net.minecraft.client.gui.components.ChatComponent/]: [System] [CHAT] [@: Summoned new Minecart with TNT]
[10May2026 14:08:37.090] [Server thread/INFO] [net.minecraft.server.MinecraftServer/]: [@: Summoned new Minecart with TNT]
[10May2026 14:08:37.095] [Render thread/INFO] [net.minecraft.client.gui.components.ChatComponent/]: [System] [CHAT] [@: Summoned new Minecart with TNT]
[10May2026 14:08:37.140] [Server thread/INFO] [net.minecraft.server.MinecraftServer/]: [@: Summoned new Minecart with TNT]
[10May2026 14:08:37.146] [Render thread/INFO] [net.minecraft.client.gui.components.ChatComponent/]: [System] [CHAT] [@: Summoned new Minecart with TNT]
[10May2026 14:08:37.191] [Server thread/INFO] [net.minecraft.server.MinecraftServer/]: [@: Summoned new Minecart with TNT]
[10May2026 14:08:37.220] [Render thread/INFO] [net.minecraft.client.gui.components.ChatComponent/]: [System] [CHAT] [@: Summoned new Minecart with TNT]
[10May2026 14:08:37.242] [Server thread/INFO] [net.minecraft.server.MinecraftServer/]: [@: Summoned new Minecart with TNT]
[10May2026 14:08:37.259] [Render thread/INFO] [net.minecraft.client.gui.components.ChatComponent/]: [System] [CHAT] [@: Summoned new Minecart with TNT]
[10May2026 14:08:37.290] [Server thread/INFO] [net.minecraft.server.MinecraftServer/]: [@: Summoned new Minecart with TNT]
[10May2026 14:08:37.313] [Render thread/INFO] [net.minecraft.client.gui.components.ChatComponent/]: [System] [CHAT] [@: Summoned new Minecart with TNT]
[10May2026 14:08:37.341] [Server thread/INFO] [net.minecraft.server.MinecraftServer/]: [@: Summoned new Minecart with TNT]
[10May2026 14:08:37.341] [Render thread/INFO] [net.minecraft.client.gui.components.ChatComponent/]: [System] [CHAT] [@: Summoned new Minecart with TNT]
[10May2026 14:08:37.390] [Server thread/INFO] [net.minecraft.server.MinecraftServer/]: [@: Summoned new Minecart with TNT]
[10May2026 14:08:37.396] [Render thread/INFO] [net.minecraft.client.gui.components.ChatComponent/]: [System] [CHAT] [@: Summoned new Minecart with TNT]
[10May2026 14:08:37.440] [Server thread/INFO] [net.minecraft.server.MinecraftServer/]: [@: Summoned new Minecart with TNT]
[10May2026 14:08:37.459] [Render thread/INFO] [net.minecraft.client.gui.components.ChatComponent/]: [System] [CHAT] [@: Summoned new Minecart with TNT]
[10May2026 14:08:37.490] [Server thread/INFO] [net.minecraft.server.MinecraftServer/]: [@: Summoned new Minecart with TNT]
[10May2026 14:08:37.493] [Render thread/INFO] [net.minecraft.client.gui.components.ChatComponent/]: [System] [CHAT] [@: Summoned new Minecart with TNT]
[10May2026 14:08:37.540] [Server thread/INFO] [net.minecraft.server.MinecraftServer/]: [@: Summoned new Minecart with TNT]
[10May2026 14:08:37.542] [Render thread/INFO] [net.minecraft.client.gui.components.ChatComponent/]: [System] [CHAT] [@: Summoned new Minecart with TNT]
[10May2026 14:08:37.590] [Server thread/INFO] [net.minecraft.server.MinecraftServer/]: [@: Summoned new Minecart with TNT]
[10May2026 14:08:37.596] [Render thread/INFO] [net.minecraft.client.gui.components.ChatComponent/]: [System] [CHAT] [@: Summoned new Minecart with TNT]
[10May2026 14:08:37.640] [Server thread/INFO] [net.minecraft.server.MinecraftServer/]: [@: Summoned new Minecart with TNT]
[10May2026 14:08:37.648] [Render thread/INFO] [net.minecraft.client.gui.components.ChatComponent/]: [System] [CHAT] [@: Summoned new Minecart with TNT]
[10May2026 14:08:37.690] [Server thread/INFO] [net.minecraft.server.MinecraftServer/]: [@: Summoned new Minecart with TNT]
[10May2026 14:08:37.711] [Render thread/INFO] [net.minecraft.client.gui.components.ChatComponent/]: [System] [CHAT] [@: Summoned new Minecart with TNT]
[10May2026 14:08:37.741] [Server thread/INFO] [net.minecraft.server.MinecraftServer/]: [@: Summoned new Minecart with TNT]
[10May2026 14:08:37.743] [Render thread/INFO] [net.minecraft.client.gui.components.ChatComponent/]: [System] [CHAT] [@: Summoned new Minecart with TNT]
[10May2026 14:08:37.790] [Server thread/INFO] [net.minecraft.server.MinecraftServer/]: [@: Summoned new Minecart with TNT]
[10May2026 14:08:37.798] [Render thread/INFO] [net.minecraft.client.gui.components.ChatComponent/]: [System] [CHAT] [@: Summoned new Minecart with TNT]
[10May2026 14:08:37.840] [Server thread/INFO] [net.minecraft.server.MinecraftServer/]: [@: Summoned new Minecart with TNT]
[10May2026 14:08:37.846] [Render thread/INFO] [net.minecraft.client.gui.components.ChatComponent/]: [System] [CHAT] [@: Summoned new Minecart with TNT]
[10May2026 14:08:37.890] [Server thread/INFO] [net.minecraft.server.MinecraftServer/]: [@: Summoned new Minecart with TNT]
[10May2026 14:08:37.921] [Render thread/INFO] [net.minecraft.client.gui.components.ChatComponent/]: [System] [CHAT] [@: Summoned new Minecart with TNT]
[10May2026 14:08:37.964] [Server thread/INFO] [net.minecraft.server.MinecraftServer/]: [@: Summoned new Minecart with TNT]
[10May2026 14:08:37.975] [Render thread/INFO] [net.minecraft.client.gui.components.ChatComponent/]: [System] [CHAT] [@: Summoned new Minecart with TNT]
[10May2026 14:08:38.016] [Server thread/INFO] [net.minecraft.server.MinecraftServer/]: [@: Summoned new Minecart with TNT]
[10May2026 14:08:38.045] [Render thread/INFO] [net.minecraft.client.gui.components.ChatComponent/]: [System] [CHAT] [@: Summoned new Minecart with TNT]
[10May2026 14:08:38.056] [Server thread/INFO] [net.minecraft.server.MinecraftServer/]: [@: Summoned new Minecart with TNT]
[10May2026 14:08:38.067] [Render thread/INFO] [net.minecraft.client.gui.components.ChatComponent/]: [System] [CHAT] [@: Summoned new Minecart with TNT]
[10May2026 14:08:38.090] [Server thread/INFO] [net.minecraft.server.MinecraftServer/]: [@: Summoned new Minecart with TNT]
[10May2026 14:08:38.091] [Render thread/INFO] [net.minecraft.client.gui.components.ChatComponent/]: [System] [CHAT] [@: Summoned new Minecart with TNT]
[10May2026 14:08:38.141] [Server thread/INFO] [net.minecraft.server.MinecraftServer/]: [@: Summoned new Minecart with TNT]
[10May2026 14:08:38.156] [Render thread/INFO] [net.minecraft.client.gui.components.ChatComponent/]: [System] [CHAT] [@: Summoned new Minecart with TNT]
[10May2026 14:08:38.192] [Server thread/INFO] [net.minecraft.server.MinecraftServer/]: [@: Summoned new Minecart with TNT]
[10May2026 14:08:38.220] [Render thread/INFO] [net.minecraft.client.gui.components.ChatComponent/]: [System] [CHAT] [@: Summoned new Minecart with TNT]
[10May2026 14:08:38.249] [Server thread/INFO] [net.minecraft.server.MinecraftServer/]: [@: Summoned new Minecart with TNT]
[10May2026 14:08:38.263] [Render thread/INFO] [net.minecraft.client.gui.components.ChatComponent/]: [System] [CHAT] [@: Summoned new Minecart with TNT]
[10May2026 14:08:38.296] [Server thread/INFO] [net.minecraft.server.MinecraftServer/]: [@: Summoned new Minecart with TNT]
[10May2026 14:08:38.299] [Render thread/INFO] [net.minecraft.client.gui.components.ChatComponent/]: [System] [CHAT] [@: Summoned new Minecart with TNT]
[10May2026 14:08:38.340] [Server thread/INFO] [net.minecraft.server.MinecraftServer/]: [@: Summoned new Minecart with TNT]
[10May2026 14:08:38.359] [Render thread/INFO] [net.minecraft.client.gui.components.ChatComponent/]: [System] [CHAT] [@: Summoned new Minecart with TNT]
[10May2026 14:08:38.391] [Server thread/INFO] [net.minecraft.server.MinecraftServer/]: [@: Summoned new Minecart with TNT]
[10May2026 14:08:38.423] [Render thread/INFO] [net.minecraft.client.gui.components.ChatComponent/]: [System] [CHAT] [@: Summoned new Minecart with TNT]
[10May2026 14:08:38.439] [Server thread/INFO] [net.minecraft.server.MinecraftServer/]: [@: Summoned new Minecart with TNT]
[10May2026 14:08:38.461] [Render thread/INFO] [net.minecraft.client.gui.components.ChatComponent/]: [System] [CHAT] [@: Summoned new Minecart with TNT]
[10May2026 14:08:38.491] [Server thread/INFO] [net.minecraft.server.MinecraftServer/]: [@: Summoned new Minecart with TNT]
[10May2026 14:08:38.518] [Render thread/INFO] [net.minecraft.client.gui.components.ChatComponent/]: [System] [CHAT] [@: Summoned new Minecart with TNT]
[10May2026 14:08:38.542] [Server thread/INFO] [net.minecraft.server.MinecraftServer/]: [@: Summoned new Minecart with TNT]
[10May2026 14:08:38.561] [Render thread/INFO] [net.minecraft.client.gui.components.ChatComponent/]: [System] [CHAT] [@: Summoned new Minecart with TNT]
[10May2026 14:08:38.590] [Server thread/INFO] [net.minecraft.server.MinecraftServer/]: [@: Summoned new Minecart with TNT]
[10May2026 14:08:38.596] [Render thread/INFO] [net.minecraft.client.gui.components.ChatComponent/]: [System] [CHAT] [@: Summoned new Minecart with TNT]
[10May2026 14:08:38.641] [Server thread/INFO] [net.minecraft.server.MinecraftServer/]: [@: Summoned new Minecart with TNT]
[10May2026 14:08:38.675] [Render thread/INFO] [net.minecraft.client.gui.components.ChatComponent/]: [System] [CHAT] [@: Summoned new Minecart with TNT]
[10May2026 14:08:38.696] [Server thread/INFO] [net.minecraft.server.MinecraftServer/]: [@: Summoned new Minecart with TNT]
[10May2026 14:08:38.716] [Render thread/INFO] [net.minecraft.client.gui.components.ChatComponent/]: [System] [CHAT] [@: Summoned new Minecart with TNT]
[10May2026 14:08:38.740] [Server thread/INFO] [net.minecraft.server.MinecraftServer/]: [Dev: Killed 492 entities]
[10May2026 14:08:38.740] [Server thread/INFO] [net.minecraft.server.MinecraftServer/]: [@: Summoned new Minecart with TNT]
[10May2026 14:08:38.746] [Render thread/INFO] [net.minecraft.client.gui.components.ChatComponent/]: [System] [CHAT] Killed 492 entities
[10May2026 14:08:38.747] [Render thread/INFO] [net.minecraft.client.gui.components.ChatComponent/]: [System] [CHAT] [@: Summoned new Minecart with TNT]
[10May2026 14:08:38.790] [Server thread/INFO] [net.minecraft.server.MinecraftServer/]: [@: Summoned new Minecart with TNT]
[10May2026 14:08:38.797] [Render thread/INFO] [net.minecraft.client.gui.components.ChatComponent/]: [System] [CHAT] [@: Summoned new Minecart with TNT]
[10May2026 14:08:38.840] [Server thread/INFO] [net.minecraft.server.MinecraftServer/]: [@: Summoned new Minecart with TNT]
[10May2026 14:08:38.847] [Render thread/INFO] [net.minecraft.client.gui.components.ChatComponent/]: [System] [CHAT] [@: Summoned new Minecart with TNT]
[10May2026 14:08:38.891] [Server thread/INFO] [net.minecraft.server.MinecraftServer/]: [@: Summoned new Minecart with TNT]
[10May2026 14:08:38.897] [Render thread/INFO] [net.minecraft.client.gui.components.ChatComponent/]: [System] [CHAT] [@: Summoned new Minecart with TNT]
[10May2026 14:08:38.941] [Server thread/INFO] [net.minecraft.server.MinecraftServer/]: [@: Summoned new Minecart with TNT]
[10May2026 14:08:38.945] [Render thread/INFO] [net.minecraft.client.gui.components.ChatComponent/]: [System] [CHAT] [@: Summoned new Minecart with TNT]
[10May2026 14:08:38.992] [Server thread/INFO] [net.minecraft.server.MinecraftServer/]: [@: Summoned new Minecart with TNT]
[10May2026 14:08:38.997] [Render thread/INFO] [net.minecraft.client.gui.components.ChatComponent/]: [System] [CHAT] [@: Summoned new Minecart with TNT]
[10May2026 14:08:39.041] [Server thread/INFO] [net.minecraft.server.MinecraftServer/]: [@: Summoned new Minecart with TNT]
[10May2026 14:08:39.046] [Render thread/INFO] [net.minecraft.client.gui.components.ChatComponent/]: [System] [CHAT] [@: Summoned new Minecart with TNT]
[10May2026 14:08:39.090] [Server thread/INFO] [net.minecraft.server.MinecraftServer/]: [@: Summoned new Minecart with TNT]
[10May2026 14:08:39.096] [Render thread/INFO] [net.minecraft.client.gui.components.ChatComponent/]: [System] [CHAT] [@: Summoned new Minecart with TNT]
[10May2026 14:08:39.141] [Server thread/INFO] [net.minecraft.server.MinecraftServer/]: [@: Summoned new Minecart with TNT]
[10May2026 14:08:39.149] [Render thread/INFO] [net.minecraft.client.gui.components.ChatComponent/]: [System] [CHAT] [@: Summoned new Minecart with TNT]
[10May2026 14:08:39.192] [Server thread/INFO] [net.minecraft.server.MinecraftServer/]: [@: Summoned new Minecart with TNT]
[10May2026 14:08:39.196] [Render thread/INFO] [net.minecraft.client.gui.components.ChatComponent/]: [System] [CHAT] [@: Summoned new Minecart with TNT]
[10May2026 14:08:39.241] [Server thread/INFO] [net.minecraft.server.MinecraftServer/]: [@: Summoned new Minecart with TNT]
[10May2026 14:08:39.246] [Render thread/INFO] [net.minecraft.client.gui.components.ChatComponent/]: [System] [CHAT] [@: Summoned new Minecart with TNT]
[10May2026 14:08:39.291] [Server thread/INFO] [net.minecraft.server.MinecraftServer/]: [@: Summoned new Minecart with TNT]
[10May2026 14:08:39.299] [Render thread/INFO] [net.minecraft.client.gui.components.ChatComponent/]: [System] [CHAT] [@: Summoned new Minecart with TNT]
[10May2026 14:08:39.340] [Server thread/INFO] [net.minecraft.server.MinecraftServer/]: [@: Summoned new Minecart with TNT]
[10May2026 14:08:39.347] [Render thread/INFO] [net.minecraft.client.gui.components.ChatComponent/]: [System] [CHAT] [@: Summoned new Minecart with TNT]
[10May2026 14:08:39.390] [Server thread/INFO] [net.minecraft.server.MinecraftServer/]: [@: Summoned new Minecart with TNT]
[10May2026 14:08:39.396] [Render thread/INFO] [net.minecraft.client.gui.components.ChatComponent/]: [System] [CHAT] [@: Summoned new Minecart with TNT]
[10May2026 14:08:39.440] [Server thread/INFO] [net.minecraft.server.MinecraftServer/]: [@: Summoned new Minecart with TNT]
[10May2026 14:08:39.448] [Render thread/INFO] [net.minecraft.client.gui.components.ChatComponent/]: [System] [CHAT] [@: Summoned new Minecart with TNT]
[10May2026 14:08:39.492] [Server thread/INFO] [net.minecraft.server.MinecraftServer/]: [@: Summoned new Minecart with TNT]
[10May2026 14:08:39.496] [Render thread/INFO] [net.minecraft.client.gui.components.ChatComponent/]: [System] [CHAT] [@: Summoned new Minecart with TNT]
[10May2026 14:08:39.541] [Server thread/INFO] [net.minecraft.server.MinecraftServer/]: [@: Summoned new Minecart with TNT]
[10May2026 14:08:39.547] [Render thread/INFO] [net.minecraft.client.gui.components.ChatComponent/]: [System] [CHAT] [@: Summoned new Minecart with TNT]
[10May2026 14:08:39.590] [Server thread/INFO] [net.minecraft.server.MinecraftServer/]: [@: Summoned new Minecart with TNT]
[10May2026 14:08:39.597] [Render thread/INFO] [net.minecraft.client.gui.components.ChatComponent/]: [System] [CHAT] [@: Summoned new Minecart with TNT]
[10May2026 14:08:39.642] [Server thread/INFO] [net.minecraft.server.MinecraftServer/]: [@: Summoned new Minecart with TNT]
[10May2026 14:08:39.646] [Render thread/INFO] [net.minecraft.client.gui.components.ChatComponent/]: [System] [CHAT] [@: Summoned new Minecart with TNT]
[10May2026 14:08:39.691] [Server thread/INFO] [net.minecraft.server.MinecraftServer/]: [@: Summoned new Minecart with TNT]
[10May2026 14:08:39.696] [Render thread/INFO] [net.minecraft.client.gui.components.ChatComponent/]: [System] [CHAT] [@: Summoned new Minecart with TNT]
[10May2026 14:08:39.742] [Server thread/INFO] [net.minecraft.server.MinecraftServer/]: [@: Summoned new Minecart with TNT]
[10May2026 14:08:39.749] [Render thread/INFO] [net.minecraft.client.gui.components.ChatComponent/]: [System] [CHAT] [@: Summoned new Minecart with TNT]
[10May2026 14:08:39.790] [Server thread/INFO] [net.minecraft.server.MinecraftServer/]: [@: Summoned new Minecart with TNT]
[10May2026 14:08:39.797] [Render thread/INFO] [net.minecraft.client.gui.components.ChatComponent/]: [System] [CHAT] [@: Summoned new Minecart with TNT]
[10May2026 14:08:39.840] [Server thread/INFO] [net.minecraft.server.MinecraftServer/]: [@: Summoned new Minecart with TNT]
[10May2026 14:08:39.846] [Render thread/INFO] [net.minecraft.client.gui.components.ChatComponent/]: [System] [CHAT] [@: Summoned new Minecart with TNT]
[10May2026 14:08:39.890] [Server thread/INFO] [net.minecraft.server.MinecraftServer/]: [@: Summoned new Minecart with TNT]
[10May2026 14:08:39.896] [Render thread/INFO] [net.minecraft.client.gui.components.ChatComponent/]: [System] [CHAT] [@: Summoned new Minecart with TNT]
[10May2026 14:08:39.941] [Server thread/INFO] [net.minecraft.server.MinecraftServer/]: [@: Summoned new Minecart with TNT]
[10May2026 14:08:39.946] [Render thread/INFO] [net.minecraft.client.gui.components.ChatComponent/]: [System] [CHAT] [@: Summoned new Minecart with TNT]
[10May2026 14:08:39.990] [Server thread/INFO] [net.minecraft.server.MinecraftServer/]: [@: Summoned new Minecart with TNT]
[10May2026 14:08:39.998] [Render thread/INFO] [net.minecraft.client.gui.components.ChatComponent/]: [System] [CHAT] [@: Summoned new Minecart with TNT]
[10May2026 14:08:40.040] [Server thread/INFO] [net.minecraft.server.MinecraftServer/]: [@: Summoned new Minecart with TNT]
[10May2026 14:08:40.046] [Render thread/INFO] [net.minecraft.client.gui.components.ChatComponent/]: [System] [CHAT] [@: Summoned new Minecart with TNT]
[10May2026 14:08:40.090] [Server thread/INFO] [net.minecraft.server.MinecraftServer/]: [@: Summoned new Minecart with TNT]
[10May2026 14:08:40.096] [Render thread/INFO] [net.minecraft.client.gui.components.ChatComponent/]: [System] [CHAT] [@: Summoned new Minecart with TNT]
[10May2026 14:08:40.141] [Server thread/INFO] [net.minecraft.server.MinecraftServer/]: [@: Summoned new Minecart with TNT]
[10May2026 14:08:40.145] [Render thread/INFO] [net.minecraft.client.gui.components.ChatComponent/]: [System] [CHAT] [@: Summoned new Minecart with TNT]
[10May2026 14:08:40.191] [Server thread/INFO] [net.minecraft.server.MinecraftServer/]: [@: Summoned new Minecart with TNT]
[10May2026 14:08:40.197] [Render thread/INFO] [net.minecraft.client.gui.components.ChatComponent/]: [System] [CHAT] [@: Summoned new Minecart with TNT]
[10May2026 14:08:40.240] [Server thread/INFO] [net.minecraft.server.MinecraftServer/]: [@: Summoned new Minecart with TNT]
[10May2026 14:08:40.246] [Render thread/INFO] [net.minecraft.client.gui.components.ChatComponent/]: [System] [CHAT] [@: Summoned new Minecart with TNT]
[10May2026 14:08:40.290] [Server thread/INFO] [net.minecraft.server.MinecraftServer/]: [@: Summoned new Minecart with TNT]
[10May2026 14:08:40.298] [Render thread/INFO] [net.minecraft.client.gui.components.ChatComponent/]: [System] [CHAT] [@: Summoned new Minecart with TNT]
[10May2026 14:08:40.340] [Server thread/INFO] [net.minecraft.server.MinecraftServer/]: [@: Summoned new Minecart with TNT]
[10May2026 14:08:40.348] [Render thread/INFO] [net.minecraft.client.gui.components.ChatComponent/]: [System] [CHAT] [@: Summoned new Minecart with TNT]
[10May2026 14:08:40.392] [Server thread/INFO] [net.minecraft.server.MinecraftServer/]: [@: Summoned new Minecart with TNT]
[10May2026 14:08:40.396] [Render thread/INFO] [net.minecraft.client.gui.components.ChatComponent/]: [System] [CHAT] [@: Summoned new Minecart with TNT]
[10May2026 14:08:40.441] [Server thread/INFO] [net.minecraft.server.MinecraftServer/]: [@: Summoned new Minecart with TNT]
[10May2026 14:08:40.446] [Render thread/INFO] [net.minecraft.client.gui.components.ChatComponent/]: [System] [CHAT] [@: Summoned new Minecart with TNT]
[10May2026 14:08:40.490] [Server thread/INFO] [net.minecraft.server.MinecraftServer/]: [@: Summoned new Minecart with TNT]
[10May2026 14:08:40.497] [Render thread/INFO] [net.minecraft.client.gui.components.ChatComponent/]: [System] [CHAT] [@: Summoned new Minecart with TNT]
[10May2026 14:08:40.542] [Server thread/INFO] [net.minecraft.server.MinecraftServer/]: [@: Summoned new Minecart with TNT]
[10May2026 14:08:40.546] [Render thread/INFO] [net.minecraft.client.gui.components.ChatComponent/]: [System] [CHAT] [@: Summoned new Minecart with TNT]
[10May2026 14:08:40.590] [Server thread/INFO] [net.minecraft.server.MinecraftServer/]: [@: Summoned new Minecart with TNT]
[10May2026 14:08:40.595] [Render thread/INFO] [net.minecraft.client.gui.components.ChatComponent/]: [System] [CHAT] [@: Summoned new Minecart with TNT]
[10May2026 14:08:40.640] [Server thread/INFO] [net.minecraft.server.MinecraftServer/]: [@: Summoned new Minecart with TNT]
[10May2026 14:08:40.646] [Render thread/INFO] [net.minecraft.client.gui.components.ChatComponent/]: [System] [CHAT] [@: Summoned new Minecart with TNT]
[10May2026 14:08:40.690] [Server thread/INFO] [net.minecraft.server.MinecraftServer/]: [@: Summoned new Minecart with TNT]
[10May2026 14:08:40.696] [Render thread/INFO] [net.minecraft.client.gui.components.ChatComponent/]: [System] [CHAT] [@: Summoned new Minecart with TNT]
[10May2026 14:08:40.740] [Server thread/INFO] [net.minecraft.server.MinecraftServer/]: [@: Summoned new Minecart with TNT]
[10May2026 14:08:40.746] [Render thread/INFO] [net.minecraft.client.gui.components.ChatComponent/]: [System] [CHAT] [@: Summoned new Minecart with TNT]
[10May2026 14:08:40.791] [Server thread/INFO] [net.minecraft.server.MinecraftServer/]: [@: Summoned new Minecart with TNT]
[10May2026 14:08:40.796] [Render thread/INFO] [net.minecraft.client.gui.components.ChatComponent/]: [System] [CHAT] [@: Summoned new Minecart with TNT]
[10May2026 14:08:40.841] [Server thread/INFO] [net.minecraft.server.MinecraftServer/]: [@: Summoned new Minecart with TNT]
[10May2026 14:08:40.845] [Render thread/INFO] [net.minecraft.client.gui.components.ChatComponent/]: [System] [CHAT] [@: Summoned new Minecart with TNT]
[10May2026 14:08:40.891] [Server thread/INFO] [net.minecraft.server.MinecraftServer/]: [@: Summoned new Minecart with TNT]
[10May2026 14:08:40.896] [Render thread/INFO] [net.minecraft.client.gui.components.ChatComponent/]: [System] [CHAT] [@: Summoned new Minecart with TNT]
[10May2026 14:08:40.904] [Server thread/INFO] [net.minecraft.server.MinecraftServer/]: [Dev: Killed 44 entities]
[10May2026 14:08:40.913] [Render thread/INFO] [net.minecraft.client.gui.components.ChatComponent/]: [System] [CHAT] Killed 44 entities
[10May2026 14:08:40.940] [Server thread/INFO] [net.minecraft.server.MinecraftServer/]: [@: Summoned new Minecart with TNT]
[10May2026 14:08:40.946] [Render thread/INFO] [net.minecraft.client.gui.components.ChatComponent/]: [System] [CHAT] [@: Summoned new Minecart with TNT]
[10May2026 14:08:40.992] [Server thread/INFO] [net.minecraft.server.MinecraftServer/]: [@: Summoned new Minecart with TNT]
[10May2026 14:08:40.998] [Render thread/INFO] [net.minecraft.client.gui.components.ChatComponent/]: [System] [CHAT] [@: Summoned new Minecart with TNT]
[10May2026 14:08:41.040] [Server thread/INFO] [net.minecraft.server.MinecraftServer/]: [@: Summoned new Minecart with TNT]
[10May2026 14:08:41.047] [Render thread/INFO] [net.minecraft.client.gui.components.ChatComponent/]: [System] [CHAT] [@: Summoned new Minecart with TNT]
[10May2026 14:08:41.090] [Server thread/INFO] [net.minecraft.server.MinecraftServer/]: [@: Summoned new Minecart with TNT]
[10May2026 14:08:41.097] [Render thread/INFO] [net.minecraft.client.gui.components.ChatComponent/]: [System] [CHAT] [@: Summoned new Minecart with TNT]
[10May2026 14:08:41.140] [Server thread/INFO] [net.minecraft.server.MinecraftServer/]: [@: Summoned new Minecart with TNT]
[10May2026 14:08:41.146] [Render thread/INFO] [net.minecraft.client.gui.components.ChatComponent/]: [System] [CHAT] [@: Summoned new Minecart with TNT]
[10May2026 14:08:41.190] [Server thread/INFO] [net.minecraft.server.MinecraftServer/]: [@: Summoned new Minecart with TNT]
[10May2026 14:08:41.198] [Render thread/INFO] [net.minecraft.client.gui.components.ChatComponent/]: [System] [CHAT] [@: Summoned new Minecart with TNT]
[10May2026 14:08:41.241] [Server thread/INFO] [net.minecraft.server.MinecraftServer/]: [@: Summoned new Minecart with TNT]
[10May2026 14:08:41.250] [Render thread/INFO] [net.minecraft.client.gui.components.ChatComponent/]: [System] [CHAT] [@: Summoned new Minecart with TNT]
[10May2026 14:08:41.290] [Server thread/INFO] [net.minecraft.server.MinecraftServer/]: [@: Summoned new Minecart with TNT]
[10May2026 14:08:41.298] [Render thread/INFO] [net.minecraft.client.gui.components.ChatComponent/]: [System] [CHAT] [@: Summoned new Minecart with TNT]
[10May2026 14:08:46.999] [Server thread/INFO] [net.minecraft.server.MinecraftServer/]: [Dev: Killed 3 entities]
[10May2026 14:08:47.012] [Render thread/INFO] [net.minecraft.client.gui.components.ChatComponent/]: [System] [CHAT] Killed 3 entities
[10May2026 14:08:51.990] [Server thread/INFO] [net.minecraft.client.server.IntegratedServer/]: Saving and pausing game...
[10May2026 14:08:51.999] [Server thread/INFO] [net.minecraft.server.MinecraftServer/]: Saving chunks for level 'ServerLevel[New World]'/minecraft:overworld
[10May2026 14:08:52.008] [Server thread/INFO] [net.minecraft.server.MinecraftServer/]: Saving chunks for level 'ServerLevel[New World]'/minecraft:the_nether
[10May2026 14:08:52.010] [Server thread/INFO] [net.minecraft.server.MinecraftServer/]: Saving chunks for level 'ServerLevel[New World]'/minecraft:the_end
[10May2026 14:08:55.263] [Render thread/INFO] [net.minecraft.client.gui.components.ChatComponent/]: [System] [CHAT] Command set: summon minecraft:tnt_minecart ~ ~1 ~
[10May2026 14:08:57.991] [Server thread/INFO] [net.minecraft.server.MinecraftServer/]: [@: Summoned new Minecart with TNT]
[10May2026 14:08:57.996] [Render thread/INFO] [net.minecraft.client.gui.components.ChatComponent/]: [System] [CHAT] [@: Summoned new Minecart with TNT]
[10May2026 14:08:58.040] [Server thread/INFO] [net.minecraft.server.MinecraftServer/]: [@: Summoned new Minecart with TNT]
[10May2026 14:08:58.047] [Render thread/INFO] [net.minecraft.client.gui.components.ChatComponent/]: [System] [CHAT] [@: Summoned new Minecart with TNT]
[10May2026 14:08:58.090] [Server thread/INFO] [net.minecraft.server.MinecraftServer/]: [@: Summoned new Minecart with TNT]
[10May2026 14:08:58.099] [Render thread/INFO] [net.minecraft.client.gui.components.ChatComponent/]: [System] [CHAT] [@: Summoned new Minecart with TNT]
[10May2026 14:08:58.140] [Server thread/INFO] [net.minecraft.server.MinecraftServer/]: [@: Summoned new Minecart with TNT]
[10May2026 14:08:58.148] [Render thread/INFO] [net.minecraft.client.gui.components.ChatComponent/]: [System] [CHAT] [@: Summoned new Minecart with TNT]
[10May2026 14:08:58.191] [Server thread/INFO] [net.minecraft.server.MinecraftServer/]: [@: Summoned new Minecart with TNT]
[10May2026 14:08:58.197] [Render thread/INFO] [net.minecraft.client.gui.components.ChatComponent/]: [System] [CHAT] [@: Summoned new Minecart with TNT]
[10May2026 14:08:58.241] [Server thread/INFO] [net.minecraft.server.MinecraftServer/]: [@: Summoned new Minecart with TNT]
[10May2026 14:08:58.248] [Render thread/INFO] [net.minecraft.client.gui.components.ChatComponent/]: [System] [CHAT] [@: Summoned new Minecart with TNT]
[10May2026 14:08:58.290] [Server thread/INFO] [net.minecraft.server.MinecraftServer/]: [@: Summoned new Minecart with TNT]
[10May2026 14:08:58.295] [Render thread/INFO] [net.minecraft.client.gui.components.ChatComponent/]: [System] [CHAT] [@: Summoned new Minecart with TNT]
[10May2026 14:08:58.342] [Server thread/INFO] [net.minecraft.server.MinecraftServer/]: [@: Summoned new Minecart with TNT]
[10May2026 14:08:58.347] [Render thread/INFO] [net.minecraft.client.gui.components.ChatComponent/]: [System] [CHAT] [@: Summoned new Minecart with TNT]
[10May2026 14:08:58.391] [Server thread/INFO] [net.minecraft.server.MinecraftServer/]: [@: Summoned new Minecart with TNT]
[10May2026 14:08:58.397] [Render thread/INFO] [net.minecraft.client.gui.components.ChatComponent/]: [System] [CHAT] [@: Summoned new Minecart with TNT]
[10May2026 14:08:58.443] [Server thread/INFO] [net.minecraft.server.MinecraftServer/]: [@: Summoned new Minecart with TNT]
[10May2026 14:08:58.447] [Render thread/INFO] [net.minecraft.client.gui.components.ChatComponent/]: [System] [CHAT] [@: Summoned new Minecart with TNT]
[10May2026 14:08:58.490] [Server thread/INFO] [net.minecraft.server.MinecraftServer/]: [@: Summoned new Minecart with TNT]
[10May2026 14:08:58.496] [Render thread/INFO] [net.minecraft.client.gui.components.ChatComponent/]: [System] [CHAT] [@: Summoned new Minecart with TNT]
[10May2026 14:08:58.540] [Server thread/INFO] [net.minecraft.server.MinecraftServer/]: [@: Summoned new Minecart with TNT]
[10May2026 14:08:58.554] [Render thread/INFO] [net.minecraft.client.gui.components.ChatComponent/]: [System] [CHAT] [@: Summoned new Minecart with TNT]
[10May2026 14:08:58.590] [Server thread/INFO] [net.minecraft.server.MinecraftServer/]: [@: Summoned new Minecart with TNT]
[10May2026 14:08:58.596] [Render thread/INFO] [net.minecraft.client.gui.components.ChatComponent/]: [System] [CHAT] [@: Summoned new Minecart with TNT]
[10May2026 14:08:58.640] [Server thread/INFO] [net.minecraft.server.MinecraftServer/]: [@: Summoned new Minecart with TNT]
[10May2026 14:08:58.647] [Render thread/INFO] [net.minecraft.client.gui.components.ChatComponent/]: [System] [CHAT] [@: Summoned new Minecart with TNT]
[10May2026 14:08:58.692] [Server thread/INFO] [net.minecraft.server.MinecraftServer/]: [@: Summoned new Minecart with TNT]
[10May2026 14:08:58.696] [Render thread/INFO] [net.minecraft.client.gui.components.ChatComponent/]: [System] [CHAT] [@: Summoned new Minecart with TNT]
[10May2026 14:08:58.740] [Server thread/INFO] [net.minecraft.server.MinecraftServer/]: [@: Summoned new Minecart with TNT]
[10May2026 14:08:58.747] [Render thread/INFO] [net.minecraft.client.gui.components.ChatComponent/]: [System] [CHAT] [@: Summoned new Minecart with TNT]
[10May2026 14:08:58.790] [Server thread/INFO] [net.minecraft.server.MinecraftServer/]: [@: Summoned new Minecart with TNT]
[10May2026 14:08:58.797] [Render thread/INFO] [net.minecraft.client.gui.components.ChatComponent/]: [System] [CHAT] [@: Summoned new Minecart with TNT]
[10May2026 14:08:58.841] [Server thread/INFO] [net.minecraft.server.MinecraftServer/]: [@: Summoned new Minecart with TNT]
[10May2026 14:08:58.847] [Render thread/INFO] [net.minecraft.client.gui.components.ChatComponent/]: [System] [CHAT] [@: Summoned new Minecart with TNT]
[10May2026 14:08:58.890] [Server thread/INFO] [net.minecraft.server.MinecraftServer/]: [@: Summoned new Minecart with TNT]
[10May2026 14:08:58.897] [Render thread/INFO] [net.minecraft.client.gui.components.ChatComponent/]: [System] [CHAT] [@: Summoned new Minecart with TNT]
[10May2026 14:08:58.943] [Server thread/INFO] [net.minecraft.server.MinecraftServer/]: [@: Summoned new Minecart with TNT]
[10May2026 14:08:58.946] [Render thread/INFO] [net.minecraft.client.gui.components.ChatComponent/]: [System] [CHAT] [@: Summoned new Minecart with TNT]
[10May2026 14:08:58.990] [Server thread/INFO] [net.minecraft.server.MinecraftServer/]: [@: Summoned new Minecart with TNT]
[10May2026 14:08:58.996] [Render thread/INFO] [net.minecraft.client.gui.components.ChatComponent/]: [System] [CHAT] [@: Summoned new Minecart with TNT]
[10May2026 14:08:59.042] [Server thread/INFO] [net.minecraft.server.MinecraftServer/]: [@: Summoned new Minecart with TNT]
[10May2026 14:08:59.045] [Render thread/INFO] [net.minecraft.client.gui.components.ChatComponent/]: [System] [CHAT] [@: Summoned new Minecart with TNT]
[10May2026 14:08:59.092] [Server thread/INFO] [net.minecraft.server.MinecraftServer/]: [@: Summoned new Minecart with TNT]
[10May2026 14:08:59.096] [Render thread/INFO] [net.minecraft.client.gui.components.ChatComponent/]: [System] [CHAT] [@: Summoned new Minecart with TNT]
[10May2026 14:08:59.141] [Server thread/INFO] [net.minecraft.server.MinecraftServer/]: [@: Summoned new Minecart with TNT]
[10May2026 14:08:59.146] [Render thread/INFO] [net.minecraft.client.gui.components.ChatComponent/]: [System] [CHAT] [@: Summoned new Minecart with TNT]
[10May2026 14:08:59.190] [Server thread/INFO] [net.minecraft.server.MinecraftServer/]: [@: Summoned new Minecart with TNT]
[10May2026 14:08:59.196] [Render thread/INFO] [net.minecraft.client.gui.components.ChatComponent/]: [System] [CHAT] [@: Summoned new Minecart with TNT]
[10May2026 14:08:59.241] [Server thread/INFO] [net.minecraft.server.MinecraftServer/]: [@: Summoned new Minecart with TNT]
[10May2026 14:08:59.246] [Render thread/INFO] [net.minecraft.client.gui.components.ChatComponent/]: [System] [CHAT] [@: Summoned new Minecart with TNT]
[10May2026 14:08:59.290] [Server thread/INFO] [net.minecraft.server.MinecraftServer/]: [@: Summoned new Minecart with TNT]
[10May2026 14:08:59.296] [Render thread/INFO] [net.minecraft.client.gui.components.ChatComponent/]: [System] [CHAT] [@: Summoned new Minecart with TNT]
[10May2026 14:08:59.341] [Server thread/INFO] [net.minecraft.server.MinecraftServer/]: [@: Summoned new Minecart with TNT]
[10May2026 14:08:59.348] [Render thread/INFO] [net.minecraft.client.gui.components.ChatComponent/]: [System] [CHAT] [@: Summoned new Minecart with TNT]
[10May2026 14:08:59.391] [Server thread/INFO] [net.minecraft.server.MinecraftServer/]: [@: Summoned new Minecart with TNT]
[10May2026 14:08:59.401] [Render thread/INFO] [net.minecraft.client.gui.components.ChatComponent/]: [System] [CHAT] [@: Summoned new Minecart with TNT]
[10May2026 14:08:59.440] [Server thread/INFO] [net.minecraft.server.MinecraftServer/]: [@: Summoned new Minecart with TNT]
[10May2026 14:08:59.446] [Render thread/INFO] [net.minecraft.client.gui.components.ChatComponent/]: [System] [CHAT] [@: Summoned new Minecart with TNT]
[10May2026 14:08:59.491] [Server thread/INFO] [net.minecraft.server.MinecraftServer/]: [@: Summoned new Minecart with TNT]
[10May2026 14:08:59.496] [Render thread/INFO] [net.minecraft.client.gui.components.ChatComponent/]: [System] [CHAT] [@: Summoned new Minecart with TNT]
[10May2026 14:08:59.541] [Server thread/INFO] [net.minecraft.server.MinecraftServer/]: [@: Summoned new Minecart with TNT]
[10May2026 14:08:59.546] [Render thread/INFO] [net.minecraft.client.gui.components.ChatComponent/]: [System] [CHAT] [@: Summoned new Minecart with TNT]
[10May2026 14:08:59.591] [Server thread/INFO] [net.minecraft.server.MinecraftServer/]: [@: Summoned new Minecart with TNT]
[10May2026 14:08:59.598] [Render thread/INFO] [net.minecraft.client.gui.components.ChatComponent/]: [System] [CHAT] [@: Summoned new Minecart with TNT]
[10May2026 14:08:59.642] [Server thread/INFO] [net.minecraft.server.MinecraftServer/]: [@: Summoned new Minecart with TNT]
[10May2026 14:08:59.646] [Render thread/INFO] [net.minecraft.client.gui.components.ChatComponent/]: [System] [CHAT] [@: Summoned new Minecart with TNT]
[10May2026 14:08:59.691] [Server thread/INFO] [net.minecraft.server.MinecraftServer/]: [@: Summoned new Minecart with TNT]
[10May2026 14:08:59.696] [Render thread/INFO] [net.minecraft.client.gui.components.ChatComponent/]: [System] [CHAT] [@: Summoned new Minecart with TNT]
[10May2026 14:08:59.740] [Server thread/INFO] [net.minecraft.server.MinecraftServer/]: [@: Summoned new Minecart with TNT]
[10May2026 14:08:59.747] [Render thread/INFO] [net.minecraft.client.gui.components.ChatComponent/]: [System] [CHAT] [@: Summoned new Minecart with TNT]
[10May2026 14:08:59.790] [Server thread/INFO] [net.minecraft.server.MinecraftServer/]: [@: Summoned new Minecart with TNT]
[10May2026 14:08:59.800] [Render thread/INFO] [net.minecraft.client.gui.components.ChatComponent/]: [System] [CHAT] [@: Summoned new Minecart with TNT]
[10May2026 14:08:59.841] [Server thread/INFO] [net.minecraft.server.MinecraftServer/]: [@: Summoned new Minecart with TNT]
[10May2026 14:08:59.847] [Render thread/INFO] [net.minecraft.client.gui.components.ChatComponent/]: [System] [CHAT] [@: Summoned new Minecart with TNT]
[10May2026 14:08:59.890] [Server thread/INFO] [net.minecraft.server.MinecraftServer/]: [@: Summoned new Minecart with TNT]
[10May2026 14:08:59.896] [Render thread/INFO] [net.minecraft.client.gui.components.ChatComponent/]: [System] [CHAT] [@: Summoned new Minecart with TNT]
[10May2026 14:08:59.940] [Server thread/INFO] [net.minecraft.server.MinecraftServer/]: [@: Summoned new Minecart with TNT]
[10May2026 14:08:59.946] [Render thread/INFO] [net.minecraft.client.gui.components.ChatComponent/]: [System] [CHAT] [@: Summoned new Minecart with TNT]
[10May2026 14:08:59.991] [Server thread/INFO] [net.minecraft.server.MinecraftServer/]: [@: Summoned new Minecart with TNT]
[10May2026 14:08:59.997] [Render thread/INFO] [net.minecraft.client.gui.components.ChatComponent/]: [System] [CHAT] [@: Summoned new Minecart with TNT]
[10May2026 14:09:00.041] [Server thread/INFO] [net.minecraft.server.MinecraftServer/]: [@: Summoned new Minecart with TNT]
[10May2026 14:09:00.046] [Render thread/INFO] [net.minecraft.client.gui.components.ChatComponent/]: [System] [CHAT] [@: Summoned new Minecart with TNT]
[10May2026 14:09:00.091] [Server thread/INFO] [net.minecraft.server.MinecraftServer/]: [@: Summoned new Minecart with TNT]
[10May2026 14:09:00.099] [Render thread/INFO] [net.minecraft.client.gui.components.ChatComponent/]: [System] [CHAT] [@: Summoned new Minecart with TNT]
[10May2026 14:09:00.140] [Server thread/INFO] [net.minecraft.server.MinecraftServer/]: [@: Summoned new Minecart with TNT]
[10May2026 14:09:00.146] [Render thread/INFO] [net.minecraft.client.gui.components.ChatComponent/]: [System] [CHAT] [@: Summoned new Minecart with TNT]
[10May2026 14:09:00.190] [Server thread/INFO] [net.minecraft.server.MinecraftServer/]: [@: Summoned new Minecart with TNT]
[10May2026 14:09:00.196] [Render thread/INFO] [net.minecraft.client.gui.components.ChatComponent/]: [System] [CHAT] [@: Summoned new Minecart with TNT]
[10May2026 14:09:00.240] [Server thread/INFO] [net.minecraft.server.MinecraftServer/]: [@: Summoned new Minecart with TNT]
[10May2026 14:09:00.246] [Render thread/INFO] [net.minecraft.client.gui.components.ChatComponent/]: [System] [CHAT] [@: Summoned new Minecart with TNT]
[10May2026 14:09:00.290] [Server thread/INFO] [net.minecraft.server.MinecraftServer/]: [@: Summoned new Minecart with TNT]
[10May2026 14:09:00.296] [Render thread/INFO] [net.minecraft.client.gui.components.ChatComponent/]: [System] [CHAT] [@: Summoned new Minecart with TNT]
[10May2026 14:09:00.340] [Server thread/INFO] [net.minecraft.server.MinecraftServer/]: [@: Summoned new Minecart with TNT]
[10May2026 14:09:00.346] [Render thread/INFO] [net.minecraft.client.gui.components.ChatComponent/]: [System] [CHAT] [@: Summoned new Minecart with TNT]
[10May2026 14:09:00.390] [Server thread/INFO] [net.minecraft.server.MinecraftServer/]: [@: Summoned new Minecart with TNT]
[10May2026 14:09:00.396] [Render thread/INFO] [net.minecraft.client.gui.components.ChatComponent/]: [System] [CHAT] [@: Summoned new Minecart with TNT]
[10May2026 14:09:00.442] [Server thread/INFO] [net.minecraft.server.MinecraftServer/]: [@: Summoned new Minecart with TNT]
[10May2026 14:09:00.448] [Render thread/INFO] [net.minecraft.client.gui.components.ChatComponent/]: [System] [CHAT] [@: Summoned new Minecart with TNT]
[10May2026 14:09:00.490] [Server thread/INFO] [net.minecraft.server.MinecraftServer/]: [@: Summoned new Minecart with TNT]
[10May2026 14:09:00.499] [Render thread/INFO] [net.minecraft.client.gui.components.ChatComponent/]: [System] [CHAT] [@: Summoned new Minecart with TNT]
[10May2026 14:09:00.540] [Server thread/INFO] [net.minecraft.server.MinecraftServer/]: [@: Summoned new Minecart with TNT]
[10May2026 14:09:00.549] [Render thread/INFO] [net.minecraft.client.gui.components.ChatComponent/]: [System] [CHAT] [@: Summoned new Minecart with TNT]
[10May2026 14:09:00.591] [Server thread/INFO] [net.minecraft.server.MinecraftServer/]: [@: Summoned new Minecart with TNT]
[10May2026 14:09:00.597] [Render thread/INFO] [net.minecraft.client.gui.components.ChatComponent/]: [System] [CHAT] [@: Summoned new Minecart with TNT]
[10May2026 14:09:00.641] [Server thread/INFO] [net.minecraft.server.MinecraftServer/]: [@: Summoned new Minecart with TNT]
[10May2026 14:09:00.647] [Render thread/INFO] [net.minecraft.client.gui.components.ChatComponent/]: [System] [CHAT] [@: Summoned new Minecart with TNT]
[10May2026 14:09:00.692] [Server thread/INFO] [net.minecraft.server.MinecraftServer/]: [@: Summoned new Minecart with TNT]
[10May2026 14:09:00.696] [Render thread/INFO] [net.minecraft.client.gui.components.ChatComponent/]: [System] [CHAT] [@: Summoned new Minecart with TNT]
[10May2026 14:09:00.741] [Server thread/INFO] [net.minecraft.server.MinecraftServer/]: [@: Summoned new Minecart with TNT]
[10May2026 14:09:00.747] [Render thread/INFO] [net.minecraft.client.gui.components.ChatComponent/]: [System] [CHAT] [@: Summoned new Minecart with TNT]
[10May2026 14:09:00.792] [Server thread/INFO] [net.minecraft.server.MinecraftServer/]: [@: Summoned new Minecart with TNT]
[10May2026 14:09:00.796] [Render thread/INFO] [net.minecraft.client.gui.components.ChatComponent/]: [System] [CHAT] [@: Summoned new Minecart with TNT]
[10May2026 14:09:00.840] [Server thread/INFO] [net.minecraft.server.MinecraftServer/]: [@: Summoned new Minecart with TNT]
[10May2026 14:09:00.846] [Render thread/INFO] [net.minecraft.client.gui.components.ChatComponent/]: [System] [CHAT] [@: Summoned new Minecart with TNT]
[10May2026 14:09:00.892] [Server thread/INFO] [net.minecraft.server.MinecraftServer/]: [@: Summoned new Minecart with TNT]
[10May2026 14:09:00.896] [Render thread/INFO] [net.minecraft.client.gui.components.ChatComponent/]: [System] [CHAT] [@: Summoned new Minecart with TNT]
[10May2026 14:09:00.941] [Server thread/INFO] [net.minecraft.server.MinecraftServer/]: [@: Summoned new Minecart with TNT]
[10May2026 14:09:00.948] [Render thread/INFO] [net.minecraft.client.gui.components.ChatComponent/]: [System] [CHAT] [@: Summoned new Minecart with TNT]
[10May2026 14:09:00.992] [Server thread/INFO] [net.minecraft.server.MinecraftServer/]: [@: Summoned new Minecart with TNT]
[10May2026 14:09:00.996] [Render thread/INFO] [net.minecraft.client.gui.components.ChatComponent/]: [System] [CHAT] [@: Summoned new Minecart with TNT]
[10May2026 14:09:01.042] [Server thread/INFO] [net.minecraft.server.MinecraftServer/]: [@: Summoned new Minecart with TNT]
[10May2026 14:09:01.048] [Render thread/INFO] [net.minecraft.client.gui.components.ChatComponent/]: [System] [CHAT] [@: Summoned new Minecart with TNT]
[10May2026 14:09:01.090] [Server thread/INFO] [net.minecraft.server.MinecraftServer/]: [@: Summoned new Minecart with TNT]
[10May2026 14:09:01.098] [Render thread/INFO] [net.minecraft.client.gui.components.ChatComponent/]: [System] [CHAT] [@: Summoned new Minecart with TNT]
[10May2026 14:09:01.141] [Server thread/INFO] [net.minecraft.server.MinecraftServer/]: [@: Summoned new Minecart with TNT]
[10May2026 14:09:01.147] [Render thread/INFO] [net.minecraft.client.gui.components.ChatComponent/]: [System] [CHAT] [@: Summoned new Minecart with TNT]
[10May2026 14:09:01.190] [Server thread/INFO] [net.minecraft.server.MinecraftServer/]: [@: Summoned new Minecart with TNT]
[10May2026 14:09:01.198] [Render thread/INFO] [net.minecraft.client.gui.components.ChatComponent/]: [System] [CHAT] [@: Summoned new Minecart with TNT]
[10May2026 14:09:01.241] [Server thread/INFO] [net.minecraft.server.MinecraftServer/]: [@: Summoned new Minecart with TNT]
[10May2026 14:09:01.246] [Render thread/INFO] [net.minecraft.client.gui.components.ChatComponent/]: [System] [CHAT] [@: Summoned new Minecart with TNT]
[10May2026 14:09:01.291] [Server thread/INFO] [net.minecraft.server.MinecraftServer/]: [@: Summoned new Minecart with TNT]
[10May2026 14:09:01.297] [Render thread/INFO] [net.minecraft.client.gui.components.ChatComponent/]: [System] [CHAT] [@: Summoned new Minecart with TNT]
[10May2026 14:09:01.340] [Server thread/INFO] [net.minecraft.server.MinecraftServer/]: [@: Summoned new Minecart with TNT]
[10May2026 14:09:01.346] [Render thread/INFO] [net.minecraft.client.gui.components.ChatComponent/]: [System] [CHAT] [@: Summoned new Minecart with TNT]
[10May2026 14:09:01.390] [Server thread/INFO] [net.minecraft.server.MinecraftServer/]: [@: Summoned new Minecart with TNT]
[10May2026 14:09:01.398] [Render thread/INFO] [net.minecraft.client.gui.components.ChatComponent/]: [System] [CHAT] [@: Summoned new Minecart with TNT]
[10May2026 14:09:01.442] [Server thread/INFO] [net.minecraft.server.MinecraftServer/]: [@: Summoned new Minecart with TNT]
[10May2026 14:09:01.448] [Render thread/INFO] [net.minecraft.client.gui.components.ChatComponent/]: [System] [CHAT] [@: Summoned new Minecart with TNT]
[10May2026 14:09:01.490] [Server thread/INFO] [net.minecraft.server.MinecraftServer/]: [@: Summoned new Minecart with TNT]
[10May2026 14:09:01.497] [Render thread/INFO] [net.minecraft.client.gui.components.ChatComponent/]: [System] [CHAT] [@: Summoned new Minecart with TNT]
[10May2026 14:09:01.542] [Server thread/INFO] [net.minecraft.server.MinecraftServer/]: [@: Summoned new Minecart with TNT]
[10May2026 14:09:01.547] [Render thread/INFO] [net.minecraft.client.gui.components.ChatComponent/]: [System] [CHAT] [@: Summoned new Minecart with TNT]
[10May2026 14:09:01.590] [Server thread/INFO] [net.minecraft.server.MinecraftServer/]: [@: Summoned new Minecart with TNT]
[10May2026 14:09:01.596] [Render thread/INFO] [net.minecraft.client.gui.components.ChatComponent/]: [System] [CHAT] [@: Summoned new Minecart with TNT]
[10May2026 14:09:01.640] [Server thread/INFO] [net.minecraft.server.MinecraftServer/]: [@: Summoned new Minecart with TNT]
[10May2026 14:09:01.646] [Render thread/INFO] [net.minecraft.client.gui.components.ChatComponent/]: [System] [CHAT] [@: Summoned new Minecart with TNT]
[10May2026 14:09:01.692] [Server thread/INFO] [net.minecraft.server.MinecraftServer/]: [@: Summoned new Minecart with TNT]
[10May2026 14:09:01.700] [Render thread/INFO] [net.minecraft.client.gui.components.ChatComponent/]: [System] [CHAT] [@: Summoned new Minecart with TNT]
[10May2026 14:09:01.740] [Server thread/INFO] [net.minecraft.server.MinecraftServer/]: [@: Summoned new Minecart with TNT]
[10May2026 14:09:01.747] [Render thread/INFO] [net.minecraft.client.gui.components.ChatComponent/]: [System] [CHAT] [@: Summoned new Minecart with TNT]
[10May2026 14:09:01.791] [Server thread/INFO] [net.minecraft.server.MinecraftServer/]: [@: Summoned new Minecart with TNT]
[10May2026 14:09:01.797] [Render thread/INFO] [net.minecraft.client.gui.components.ChatComponent/]: [System] [CHAT] [@: Summoned new Minecart with TNT]
[10May2026 14:09:01.840] [Server thread/INFO] [net.minecraft.server.MinecraftServer/]: [@: Summoned new Minecart with TNT]
[10May2026 14:09:01.848] [Render thread/INFO] [net.minecraft.client.gui.components.ChatComponent/]: [System] [CHAT] [@: Summoned new Minecart with TNT]
[10May2026 14:09:01.892] [Server thread/INFO] [net.minecraft.server.MinecraftServer/]: [@: Summoned new Minecart with TNT]
[10May2026 14:09:01.897] [Render thread/INFO] [net.minecraft.client.gui.components.ChatComponent/]: [System] [CHAT] [@: Summoned new Minecart with TNT]
[10May2026 14:09:01.941] [Server thread/INFO] [net.minecraft.server.MinecraftServer/]: [@: Summoned new Minecart with TNT]
[10May2026 14:09:01.948] [Render thread/INFO] [net.minecraft.client.gui.components.ChatComponent/]: [System] [CHAT] [@: Summoned new Minecart with TNT]
[10May2026 14:09:01.992] [Server thread/INFO] [net.minecraft.server.MinecraftServer/]: [@: Summoned new Minecart with TNT]
[10May2026 14:09:01.997] [Render thread/INFO] [net.minecraft.client.gui.components.ChatComponent/]: [System] [CHAT] [@: Summoned new Minecart with TNT]
[10May2026 14:09:02.040] [Server thread/INFO] [net.minecraft.server.MinecraftServer/]: [@: Summoned new Minecart with TNT]
[10May2026 14:09:02.047] [Render thread/INFO] [net.minecraft.client.gui.components.ChatComponent/]: [System] [CHAT] [@: Summoned new Minecart with TNT]
[10May2026 14:09:02.090] [Server thread/INFO] [net.minecraft.server.MinecraftServer/]: [@: Summoned new Minecart with TNT]
[10May2026 14:09:02.098] [Render thread/INFO] [net.minecraft.client.gui.components.ChatComponent/]: [System] [CHAT] [@: Summoned new Minecart with TNT]
[10May2026 14:09:02.142] [Server thread/INFO] [net.minecraft.server.MinecraftServer/]: [@: Summoned new Minecart with TNT]
[10May2026 14:09:02.149] [Render thread/INFO] [net.minecraft.client.gui.components.ChatComponent/]: [System] [CHAT] [@: Summoned new Minecart with TNT]
[10May2026 14:09:02.190] [Server thread/INFO] [net.minecraft.server.MinecraftServer/]: [@: Summoned new Minecart with TNT]
[10May2026 14:09:02.201] [Render thread/INFO] [net.minecraft.client.gui.components.ChatComponent/]: [System] [CHAT] [@: Summoned new Minecart with TNT]
[10May2026 14:09:02.240] [Server thread/INFO] [net.minecraft.server.MinecraftServer/]: [@: Summoned new Minecart with TNT]
[10May2026 14:09:02.245] [Render thread/INFO] [net.minecraft.client.gui.components.ChatComponent/]: [System] [CHAT] [@: Summoned new Minecart with TNT]
[10May2026 14:09:02.291] [Server thread/INFO] [net.minecraft.server.MinecraftServer/]: [@: Summoned new Minecart with TNT]
[10May2026 14:09:02.297] [Render thread/INFO] [net.minecraft.client.gui.components.ChatComponent/]: [System] [CHAT] [@: Summoned new Minecart with TNT]
[10May2026 14:09:02.341] [Server thread/INFO] [net.minecraft.server.MinecraftServer/]: [@: Summoned new Minecart with TNT]
[10May2026 14:09:02.349] [Render thread/INFO] [net.minecraft.client.gui.components.ChatComponent/]: [System] [CHAT] [@: Summoned new Minecart with TNT]
[10May2026 14:09:02.391] [Server thread/INFO] [net.minecraft.server.MinecraftServer/]: [@: Summoned new Minecart with TNT]
[10May2026 14:09:02.397] [Render thread/INFO] [net.minecraft.client.gui.components.ChatComponent/]: [System] [CHAT] [@: Summoned new Minecart with TNT]
[10May2026 14:09:02.440] [Server thread/INFO] [net.minecraft.server.MinecraftServer/]: [@: Summoned new Minecart with TNT]
[10May2026 14:09:02.447] [Render thread/INFO] [net.minecraft.client.gui.components.ChatComponent/]: [System] [CHAT] [@: Summoned new Minecart with TNT]
[10May2026 14:09:02.491] [Server thread/INFO] [net.minecraft.server.MinecraftServer/]: [@: Summoned new Minecart with TNT]
[10May2026 14:09:02.498] [Render thread/INFO] [net.minecraft.client.gui.components.ChatComponent/]: [System] [CHAT] [@: Summoned new Minecart with TNT]
[10May2026 14:09:02.542] [Server thread/INFO] [net.minecraft.server.MinecraftServer/]: [@: Summoned new Minecart with TNT]
[10May2026 14:09:02.546] [Render thread/INFO] [net.minecraft.client.gui.components.ChatComponent/]: [System] [CHAT] [@: Summoned new Minecart with TNT]
[10May2026 14:09:02.591] [Server thread/INFO] [net.minecraft.server.MinecraftServer/]: [@: Summoned new Minecart with TNT]
[10May2026 14:09:02.596] [Render thread/INFO] [net.minecraft.client.gui.components.ChatComponent/]: [System] [CHAT] [@: Summoned new Minecart with TNT]
[10May2026 14:09:02.643] [Server thread/INFO] [net.minecraft.server.MinecraftServer/]: [@: Summoned new Minecart with TNT]
[10May2026 14:09:02.647] [Render thread/INFO] [net.minecraft.client.gui.components.ChatComponent/]: [System] [CHAT] [@: Summoned new Minecart with TNT]
[10May2026 14:09:02.691] [Server thread/INFO] [net.minecraft.server.MinecraftServer/]: [@: Summoned new Minecart with TNT]
[10May2026 14:09:02.696] [Render thread/INFO] [net.minecraft.client.gui.components.ChatComponent/]: [System] [CHAT] [@: Summoned new Minecart with TNT]
[10May2026 14:09:02.740] [Server thread/INFO] [net.minecraft.server.MinecraftServer/]: [@: Summoned new Minecart with TNT]
[10May2026 14:09:02.746] [Render thread/INFO] [net.minecraft.client.gui.components.ChatComponent/]: [System] [CHAT] [@: Summoned new Minecart with TNT]
[10May2026 14:09:02.792] [Server thread/INFO] [net.minecraft.server.MinecraftServer/]: [@: Summoned new Minecart with TNT]
[10May2026 14:09:02.796] [Render thread/INFO] [net.minecraft.client.gui.components.ChatComponent/]: [System] [CHAT] [@: Summoned new Minecart with TNT]
[10May2026 14:09:02.840] [Server thread/INFO] [net.minecraft.server.MinecraftServer/]: [@: Summoned new Minecart with TNT]
[10May2026 14:09:02.846] [Render thread/INFO] [net.minecraft.client.gui.components.ChatComponent/]: [System] [CHAT] [@: Summoned new Minecart with TNT]
[10May2026 14:09:02.890] [Server thread/INFO] [net.minecraft.server.MinecraftServer/]: [@: Summoned new Minecart with TNT]
[10May2026 14:09:02.897] [Render thread/INFO] [net.minecraft.client.gui.components.ChatComponent/]: [System] [CHAT] [@: Summoned new Minecart with TNT]
[10May2026 14:09:02.942] [Server thread/INFO] [net.minecraft.server.MinecraftServer/]: [@: Summoned new Minecart with TNT]
[10May2026 14:09:02.945] [Render thread/INFO] [net.minecraft.client.gui.components.ChatComponent/]: [System] [CHAT] [@: Summoned new Minecart with TNT]
[10May2026 14:09:02.991] [Server thread/INFO] [net.minecraft.server.MinecraftServer/]: [@: Summoned new Minecart with TNT]
[10May2026 14:09:02.999] [Render thread/INFO] [net.minecraft.client.gui.components.ChatComponent/]: [System] [CHAT] [@: Summoned new Minecart with TNT]
[10May2026 14:09:03.040] [Server thread/INFO] [net.minecraft.server.MinecraftServer/]: [@: Summoned new Minecart with TNT]
[10May2026 14:09:03.047] [Render thread/INFO] [net.minecraft.client.gui.components.ChatComponent/]: [System] [CHAT] [@: Summoned new Minecart with TNT]
[10May2026 14:09:03.091] [Server thread/INFO] [net.minecraft.server.MinecraftServer/]: [@: Summoned new Minecart with TNT]
[10May2026 14:09:03.098] [Render thread/INFO] [net.minecraft.client.gui.components.ChatComponent/]: [System] [CHAT] [@: Summoned new Minecart with TNT]
[10May2026 14:09:03.141] [Server thread/INFO] [net.minecraft.server.MinecraftServer/]: [@: Summoned new Minecart with TNT]
[10May2026 14:09:03.147] [Render thread/INFO] [net.minecraft.client.gui.components.ChatComponent/]: [System] [CHAT] [@: Summoned new Minecart with TNT]
[10May2026 14:09:03.190] [Server thread/INFO] [net.minecraft.server.MinecraftServer/]: [@: Summoned new Minecart with TNT]
[10May2026 14:09:03.199] [Render thread/INFO] [net.minecraft.client.gui.components.ChatComponent/]: [System] [CHAT] [@: Summoned new Minecart with TNT]
[10May2026 14:09:03.241] [Server thread/INFO] [net.minecraft.server.MinecraftServer/]: [@: Summoned new Minecart with TNT]
[10May2026 14:09:03.255] [Render thread/INFO] [net.minecraft.client.gui.components.ChatComponent/]: [System] [CHAT] [@: Summoned new Minecart with TNT]
[10May2026 14:09:03.291] [Server thread/INFO] [net.minecraft.server.MinecraftServer/]: [@: Summoned new Minecart with TNT]
[10May2026 14:09:03.296] [Render thread/INFO] [net.minecraft.client.gui.components.ChatComponent/]: [System] [CHAT] [@: Summoned new Minecart with TNT]
[10May2026 14:09:03.341] [Server thread/INFO] [net.minecraft.server.MinecraftServer/]: [@: Summoned new Minecart with TNT]
[10May2026 14:09:03.346] [Render thread/INFO] [net.minecraft.client.gui.components.ChatComponent/]: [System] [CHAT] [@: Summoned new Minecart with TNT]
[10May2026 14:09:03.390] [Server thread/INFO] [net.minecraft.client.server.IntegratedServer/]: Saving and pausing game...
[10May2026 14:09:03.398] [Server thread/INFO] [net.minecraft.server.MinecraftServer/]: Saving chunks for level 'ServerLevel[New World]'/minecraft:overworld
[10May2026 14:09:03.406] [Server thread/INFO] [net.minecraft.server.MinecraftServer/]: Saving chunks for level 'ServerLevel[New World]'/minecraft:the_nether
[10May2026 14:09:03.408] [Server thread/INFO] [net.minecraft.server.MinecraftServer/]: Saving chunks for level 'ServerLevel[New World]'/minecraft:the_end
[10May2026 14:09:06.843] [Server thread/INFO] [net.minecraft.server.MinecraftServer/]: [@: Summoned new Minecart with TNT]
[10May2026 14:09:06.845] [Render thread/INFO] [net.minecraft.client.gui.components.ChatComponent/]: [System] [CHAT] [@: Summoned new Minecart with TNT]
[10May2026 14:09:06.890] [Server thread/INFO] [net.minecraft.server.MinecraftServer/]: [@: Summoned new Minecart with TNT]
[10May2026 14:09:06.896] [Render thread/INFO] [net.minecraft.client.gui.components.ChatComponent/]: [System] [CHAT] [@: Summoned new Minecart with TNT]
[10May2026 14:09:06.941] [Server thread/INFO] [net.minecraft.server.MinecraftServer/]: [@: Summoned new Minecart with TNT]
[10May2026 14:09:06.947] [Render thread/INFO] [net.minecraft.client.gui.components.ChatComponent/]: [System] [CHAT] [@: Summoned new Minecart with TNT]
[10May2026 14:09:06.993] [Server thread/INFO] [net.minecraft.server.MinecraftServer/]: [@: Summoned new Minecart with TNT]
[10May2026 14:09:06.996] [Render thread/INFO] [net.minecraft.client.gui.components.ChatComponent/]: [System] [CHAT] [@: Summoned new Minecart with TNT]
[10May2026 14:09:07.041] [Server thread/INFO] [net.minecraft.server.MinecraftServer/]: [@: Summoned new Minecart with TNT]
[10May2026 14:09:07.046] [Render thread/INFO] [net.minecraft.client.gui.components.ChatComponent/]: [System] [CHAT] [@: Summoned new Minecart with TNT]
[10May2026 14:09:07.091] [Server thread/INFO] [net.minecraft.server.MinecraftServer/]: [@: Summoned new Minecart with TNT]
[10May2026 14:09:07.096] [Render thread/INFO] [net.minecraft.client.gui.components.ChatComponent/]: [System] [CHAT] [@: Summoned new Minecart with TNT]
[10May2026 14:09:07.141] [Server thread/INFO] [net.minecraft.server.MinecraftServer/]: [@: Summoned new Minecart with TNT]
[10May2026 14:09:07.146] [Render thread/INFO] [net.minecraft.client.gui.components.ChatComponent/]: [System] [CHAT] [@: Summoned new Minecart with TNT]
[10May2026 14:09:07.190] [Server thread/INFO] [net.minecraft.server.MinecraftServer/]: [@: Summoned new Minecart with TNT]
[10May2026 14:09:07.200] [Render thread/INFO] [net.minecraft.client.gui.components.ChatComponent/]: [System] [CHAT] [@: Summoned new Minecart with TNT]
[10May2026 14:09:07.242] [Server thread/INFO] [net.minecraft.server.MinecraftServer/]: [@: Summoned new Minecart with TNT]
[10May2026 14:09:07.263] [Render thread/INFO] [net.minecraft.client.gui.components.ChatComponent/]: [System] [CHAT] [@: Summoned new Minecart with TNT]
[10May2026 14:09:07.291] [Server thread/INFO] [net.minecraft.server.MinecraftServer/]: [@: Summoned new Minecart with TNT]
[10May2026 14:09:07.312] [Render thread/INFO] [net.minecraft.client.gui.components.ChatComponent/]: [System] [CHAT] [@: Summoned new Minecart with TNT]
[10May2026 14:09:07.340] [Server thread/INFO] [net.minecraft.server.MinecraftServer/]: [@: Summoned new Minecart with TNT]
[10May2026 14:09:07.349] [Render thread/INFO] [net.minecraft.client.gui.components.ChatComponent/]: [System] [CHAT] [@: Summoned new Minecart with TNT]
[10May2026 14:09:07.391] [Server thread/INFO] [net.minecraft.server.MinecraftServer/]: [@: Summoned new Minecart with TNT]
[10May2026 14:09:07.397] [Render thread/INFO] [net.minecraft.client.gui.components.ChatComponent/]: [System] [CHAT] [@: Summoned new Minecart with TNT]
[10May2026 14:09:07.441] [Server thread/INFO] [net.minecraft.server.MinecraftServer/]: [@: Summoned new Minecart with TNT]
[10May2026 14:09:07.467] [Render thread/INFO] [net.minecraft.client.gui.components.ChatComponent/]: [System] [CHAT] [@: Summoned new Minecart with TNT]
[10May2026 14:09:07.491] [Server thread/INFO] [net.minecraft.server.MinecraftServer/]: [@: Summoned new Minecart with TNT]
[10May2026 14:09:07.514] [Render thread/INFO] [net.minecraft.client.gui.components.ChatComponent/]: [System] [CHAT] [@: Summoned new Minecart with TNT]
[10May2026 14:09:07.542] [Server thread/INFO] [net.minecraft.server.MinecraftServer/]: [@: Summoned new Minecart with TNT]
[10May2026 14:09:07.546] [Render thread/INFO] [net.minecraft.client.gui.components.ChatComponent/]: [System] [CHAT] [@: Summoned new Minecart with TNT]
[10May2026 14:09:07.590] [Server thread/INFO] [net.minecraft.server.MinecraftServer/]: [@: Summoned new Minecart with TNT]
[10May2026 14:09:07.596] [Render thread/INFO] [net.minecraft.client.gui.components.ChatComponent/]: [System] [CHAT] [@: Summoned new Minecart with TNT]
[10May2026 14:09:07.640] [Server thread/INFO] [net.minecraft.server.MinecraftServer/]: [@: Summoned new Minecart with TNT]
[10May2026 14:09:07.646] [Render thread/INFO] [net.minecraft.client.gui.components.ChatComponent/]: [System] [CHAT] [@: Summoned new Minecart with TNT]
[10May2026 14:09:07.691] [Server thread/INFO] [net.minecraft.server.MinecraftServer/]: [@: Summoned new Minecart with TNT]
[10May2026 14:09:07.697] [Render thread/INFO] [net.minecraft.client.gui.components.ChatComponent/]: [System] [CHAT] [@: Summoned new Minecart with TNT]
[10May2026 14:09:07.740] [Server thread/INFO] [net.minecraft.server.MinecraftServer/]: [@: Summoned new Minecart with TNT]
[10May2026 14:09:07.747] [Render thread/INFO] [net.minecraft.client.gui.components.ChatComponent/]: [System] [CHAT] [@: Summoned new Minecart with TNT]
[10May2026 14:09:07.790] [Server thread/INFO] [net.minecraft.server.MinecraftServer/]: [@: Summoned new Minecart with TNT]
[10May2026 14:09:07.799] [Render thread/INFO] [net.minecraft.client.gui.components.ChatComponent/]: [System] [CHAT] [@: Summoned new Minecart with TNT]
[10May2026 14:09:07.842] [Server thread/INFO] [net.minecraft.server.MinecraftServer/]: [@: Summoned new Minecart with TNT]
[10May2026 14:09:07.845] [Render thread/INFO] [net.minecraft.client.gui.components.ChatComponent/]: [System] [CHAT] [@: Summoned new Minecart with TNT]
[10May2026 14:09:07.892] [Server thread/INFO] [net.minecraft.server.MinecraftServer/]: [@: Summoned new Minecart with TNT]
[10May2026 14:09:07.896] [Render thread/INFO] [net.minecraft.client.gui.components.ChatComponent/]: [System] [CHAT] [@: Summoned new Minecart with TNT]
[10May2026 14:09:07.943] [Server thread/INFO] [net.minecraft.server.MinecraftServer/]: [@: Summoned new Minecart with TNT]
[10May2026 14:09:07.967] [Render thread/INFO] [net.minecraft.client.gui.components.ChatComponent/]: [System] [CHAT] [@: Summoned new Minecart with TNT]
[10May2026 14:09:07.990] [Server thread/INFO] [net.minecraft.server.MinecraftServer/]: [@: Summoned new Minecart with TNT]
[10May2026 14:09:07.993] [Render thread/INFO] [net.minecraft.client.gui.components.ChatComponent/]: [System] [CHAT] [@: Summoned new Minecart with TNT]
[10May2026 14:09:08.040] [Server thread/INFO] [net.minecraft.server.MinecraftServer/]: [@: Summoned new Minecart with TNT]
[10May2026 14:09:08.047] [Render thread/INFO] [net.minecraft.client.gui.components.ChatComponent/]: [System] [CHAT] [@: Summoned new Minecart with TNT]
[10May2026 14:09:08.090] [Server thread/INFO] [net.minecraft.server.MinecraftServer/]: [@: Summoned new Minecart with TNT]
[10May2026 14:09:08.098] [Render thread/INFO] [net.minecraft.client.gui.components.ChatComponent/]: [System] [CHAT] [@: Summoned new Minecart with TNT]
[10May2026 14:09:08.141] [Server thread/INFO] [net.minecraft.server.MinecraftServer/]: [@: Summoned new Minecart with TNT]
[10May2026 14:09:08.146] [Render thread/INFO] [net.minecraft.client.gui.components.ChatComponent/]: [System] [CHAT] [@: Summoned new Minecart with TNT]
[10May2026 14:09:08.190] [Server thread/INFO] [net.minecraft.server.MinecraftServer/]: [@: Summoned new Minecart with TNT]
[10May2026 14:09:08.199] [Render thread/INFO] [net.minecraft.client.gui.components.ChatComponent/]: [System] [CHAT] [@: Summoned new Minecart with TNT]
[10May2026 14:09:08.240] [Server thread/INFO] [net.minecraft.server.MinecraftServer/]: [@: Summoned new Minecart with TNT]
[10May2026 14:09:08.263] [Render thread/INFO] [net.minecraft.client.gui.components.ChatComponent/]: [System] [CHAT] [@: Summoned new Minecart with TNT]
[10May2026 14:09:08.291] [Server thread/INFO] [net.minecraft.server.MinecraftServer/]: [@: Summoned new Minecart with TNT]
[10May2026 14:09:08.296] [Render thread/INFO] [net.minecraft.client.gui.components.ChatComponent/]: [System] [CHAT] [@: Summoned new Minecart with TNT]
[10May2026 14:09:08.340] [Server thread/INFO] [net.minecraft.server.MinecraftServer/]: [@: Summoned new Minecart with TNT]
[10May2026 14:09:08.347] [Render thread/INFO] [net.minecraft.client.gui.components.ChatComponent/]: [System] [CHAT] [@: Summoned new Minecart with TNT]
[10May2026 14:09:08.391] [Server thread/INFO] [net.minecraft.server.MinecraftServer/]: [@: Summoned new Minecart with TNT]
[10May2026 14:09:08.396] [Render thread/INFO] [net.minecraft.client.gui.components.ChatComponent/]: [System] [CHAT] [@: Summoned new Minecart with TNT]
[10May2026 14:09:08.441] [Server thread/INFO] [net.minecraft.server.MinecraftServer/]: [@: Summoned new Minecart with TNT]
[10May2026 14:09:08.465] [Render thread/INFO] [net.minecraft.client.gui.components.ChatComponent/]: [System] [CHAT] [@: Summoned new Minecart with TNT]
[10May2026 14:09:08.490] [Server thread/INFO] [net.minecraft.server.MinecraftServer/]: [@: Summoned new Minecart with TNT]
[10May2026 14:09:08.513] [Render thread/INFO] [net.minecraft.client.gui.components.ChatComponent/]: [System] [CHAT] [@: Summoned new Minecart with TNT]
[10May2026 14:09:08.540] [Server thread/INFO] [net.minecraft.server.MinecraftServer/]: [@: Summoned new Minecart with TNT]
[10May2026 14:09:08.563] [Render thread/INFO] [net.minecraft.client.gui.components.ChatComponent/]: [System] [CHAT] [@: Summoned new Minecart with TNT]
[10May2026 14:09:08.590] [Server thread/INFO] [net.minecraft.server.MinecraftServer/]: [@: Summoned new Minecart with TNT]
[10May2026 14:09:08.597] [Render thread/INFO] [net.minecraft.client.gui.components.ChatComponent/]: [System] [CHAT] [@: Summoned new Minecart with TNT]
[10May2026 14:09:08.640] [Server thread/INFO] [net.minecraft.server.MinecraftServer/]: [@: Summoned new Minecart with TNT]
[10May2026 14:09:08.649] [Render thread/INFO] [net.minecraft.client.gui.components.ChatComponent/]: [System] [CHAT] [@: Summoned new Minecart with TNT]
[10May2026 14:09:08.690] [Server thread/INFO] [net.minecraft.server.MinecraftServer/]: [@: Summoned new Minecart with TNT]
[10May2026 14:09:08.696] [Render thread/INFO] [net.minecraft.client.gui.components.ChatComponent/]: [System] [CHAT] [@: Summoned new Minecart with TNT]
[10May2026 14:09:08.741] [Server thread/INFO] [net.minecraft.server.MinecraftServer/]: [@: Summoned new Minecart with TNT]
[10May2026 14:09:08.749] [Render thread/INFO] [net.minecraft.client.gui.components.ChatComponent/]: [System] [CHAT] [@: Summoned new Minecart with TNT]
[10May2026 14:09:08.791] [Server thread/INFO] [net.minecraft.server.MinecraftServer/]: [@: Summoned new Minecart with TNT]
[10May2026 14:09:08.796] [Render thread/INFO] [net.minecraft.client.gui.components.ChatComponent/]: [System] [CHAT] [@: Summoned new Minecart with TNT]
[10May2026 14:09:08.840] [Server thread/INFO] [net.minecraft.server.MinecraftServer/]: [@: Summoned new Minecart with TNT]
[10May2026 14:09:08.847] [Render thread/INFO] [net.minecraft.client.gui.components.ChatComponent/]: [System] [CHAT] [@: Summoned new Minecart with TNT]
[10May2026 14:09:08.891] [Server thread/INFO] [net.minecraft.server.MinecraftServer/]: [@: Summoned new Minecart with TNT]
[10May2026 14:09:08.896] [Render thread/INFO] [net.minecraft.client.gui.components.ChatComponent/]: [System] [CHAT] [@: Summoned new Minecart with TNT]
[10May2026 14:09:08.942] [Server thread/INFO] [net.minecraft.server.MinecraftServer/]: [@: Summoned new Minecart with TNT]
[10May2026 14:09:08.947] [Render thread/INFO] [net.minecraft.client.gui.components.ChatComponent/]: [System] [CHAT] [@: Summoned new Minecart with TNT]
[10May2026 14:09:08.991] [Server thread/INFO] [net.minecraft.server.MinecraftServer/]: [@: Summoned new Minecart with TNT]
[10May2026 14:09:08.998] [Render thread/INFO] [net.minecraft.client.gui.components.ChatComponent/]: [System] [CHAT] [@: Summoned new Minecart with TNT]
[10May2026 14:09:09.042] [Server thread/INFO] [net.minecraft.server.MinecraftServer/]: [@: Summoned new Minecart with TNT]
[10May2026 14:09:09.049] [Render thread/INFO] [net.minecraft.client.gui.components.ChatComponent/]: [System] [CHAT] [@: Summoned new Minecart with TNT]
[10May2026 14:09:09.091] [Server thread/INFO] [net.minecraft.server.MinecraftServer/]: [@: Summoned new Minecart with TNT]
[10May2026 14:09:09.097] [Render thread/INFO] [net.minecraft.client.gui.components.ChatComponent/]: [System] [CHAT] [@: Summoned new Minecart with TNT]
[10May2026 14:09:09.140] [Server thread/INFO] [net.minecraft.server.MinecraftServer/]: [@: Summoned new Minecart with TNT]
[10May2026 14:09:09.164] [Render thread/INFO] [net.minecraft.client.gui.components.ChatComponent/]: [System] [CHAT] [@: Summoned new Minecart with TNT]
[10May2026 14:09:09.191] [Server thread/INFO] [net.minecraft.server.MinecraftServer/]: [@: Summoned new Minecart with TNT]
[10May2026 14:09:09.216] [Render thread/INFO] [net.minecraft.client.gui.components.ChatComponent/]: [System] [CHAT] [@: Summoned new Minecart with TNT]
[10May2026 14:09:09.240] [Server thread/INFO] [net.minecraft.server.MinecraftServer/]: [@: Summoned new Minecart with TNT]
[10May2026 14:09:09.246] [Render thread/INFO] [net.minecraft.client.gui.components.ChatComponent/]: [System] [CHAT] [@: Summoned new Minecart with TNT]
[10May2026 14:09:09.291] [Server thread/INFO] [net.minecraft.server.MinecraftServer/]: [@: Summoned new Minecart with TNT]
[10May2026 14:09:09.295] [Render thread/INFO] [net.minecraft.client.gui.components.ChatComponent/]: [System] [CHAT] [@: Summoned new Minecart with TNT]
[10May2026 14:09:09.342] [Server thread/INFO] [net.minecraft.server.MinecraftServer/]: [@: Summoned new Minecart with TNT]
[10May2026 14:09:09.346] [Render thread/INFO] [net.minecraft.client.gui.components.ChatComponent/]: [System] [CHAT] [@: Summoned new Minecart with TNT]
[10May2026 14:09:09.390] [Server thread/INFO] [net.minecraft.server.MinecraftServer/]: [@: Summoned new Minecart with TNT]
[10May2026 14:09:09.396] [Render thread/INFO] [net.minecraft.client.gui.components.ChatComponent/]: [System] [CHAT] [@: Summoned new Minecart with TNT]
[10May2026 14:09:09.440] [Server thread/INFO] [net.minecraft.server.MinecraftServer/]: [@: Summoned new Minecart with TNT]
[10May2026 14:09:09.447] [Render thread/INFO] [net.minecraft.client.gui.components.ChatComponent/]: [System] [CHAT] [@: Summoned new Minecart with TNT]
[10May2026 14:09:09.490] [Server thread/INFO] [net.minecraft.server.MinecraftServer/]: [@: Summoned new Minecart with TNT]
[10May2026 14:09:09.496] [Render thread/INFO] [net.minecraft.client.gui.components.ChatComponent/]: [System] [CHAT] [@: Summoned new Minecart with TNT]
[10May2026 14:09:09.541] [Server thread/INFO] [net.minecraft.server.MinecraftServer/]: [@: Summoned new Minecart with TNT]
[10May2026 14:09:09.547] [Render thread/INFO] [net.minecraft.client.gui.components.ChatComponent/]: [System] [CHAT] [@: Summoned new Minecart with TNT]
[10May2026 14:09:09.591] [Server thread/INFO] [net.minecraft.server.MinecraftServer/]: [@: Summoned new Minecart with TNT]
[10May2026 14:09:09.597] [Render thread/INFO] [net.minecraft.client.gui.components.ChatComponent/]: [System] [CHAT] [@: Summoned new Minecart with TNT]
[10May2026 14:09:09.642] [Server thread/INFO] [net.minecraft.server.MinecraftServer/]: [@: Summoned new Minecart with TNT]
[10May2026 14:09:09.650] [Render thread/INFO] [net.minecraft.client.gui.components.ChatComponent/]: [System] [CHAT] [@: Summoned new Minecart with TNT]
[10May2026 14:09:09.692] [Server thread/INFO] [net.minecraft.server.MinecraftServer/]: [@: Summoned new Minecart with TNT]
[10May2026 14:09:09.701] [Render thread/INFO] [net.minecraft.client.gui.components.ChatComponent/]: [System] [CHAT] [@: Summoned new Minecart with TNT]
[10May2026 14:09:09.741] [Server thread/INFO] [net.minecraft.server.MinecraftServer/]: [@: Summoned new Minecart with TNT]
[10May2026 14:09:09.742] [Render thread/INFO] [net.minecraft.client.gui.components.ChatComponent/]: [System] [CHAT] [@: Summoned new Minecart with TNT]
[10May2026 14:09:09.791] [Server thread/INFO] [net.minecraft.server.MinecraftServer/]: [@: Summoned new Minecart with TNT]
[10May2026 14:09:09.797] [Render thread/INFO] [net.minecraft.client.gui.components.ChatComponent/]: [System] [CHAT] [@: Summoned new Minecart with TNT]
[10May2026 14:09:09.842] [Server thread/INFO] [net.minecraft.server.MinecraftServer/]: [@: Summoned new Minecart with TNT]
[10May2026 14:09:09.847] [Render thread/INFO] [net.minecraft.client.gui.components.ChatComponent/]: [System] [CHAT] [@: Summoned new Minecart with TNT]
[10May2026 14:09:09.891] [Server thread/INFO] [net.minecraft.server.MinecraftServer/]: [@: Summoned new Minecart with TNT]
[10May2026 14:09:09.898] [Render thread/INFO] [net.minecraft.client.gui.components.ChatComponent/]: [System] [CHAT] [@: Summoned new Minecart with TNT]
[10May2026 14:09:09.941] [Server thread/INFO] [net.minecraft.server.MinecraftServer/]: [@: Summoned new Minecart with TNT]
[10May2026 14:09:09.949] [Render thread/INFO] [net.minecraft.client.gui.components.ChatComponent/]: [System] [CHAT] [@: Summoned new Minecart with TNT]
[10May2026 14:09:09.990] [Server thread/INFO] [net.minecraft.server.MinecraftServer/]: [@: Summoned new Minecart with TNT]
[10May2026 14:09:09.996] [Render thread/INFO] [net.minecraft.client.gui.components.ChatComponent/]: [System] [CHAT] [@: Summoned new Minecart with TNT]
[10May2026 14:09:10.040] [Server thread/INFO] [net.minecraft.server.MinecraftServer/]: [@: Summoned new Minecart with TNT]
[10May2026 14:09:10.065] [Render thread/INFO] [net.minecraft.client.gui.components.ChatComponent/]: [System] [CHAT] [@: Summoned new Minecart with TNT]
[10May2026 14:09:10.090] [Server thread/INFO] [net.minecraft.server.MinecraftServer/]: [@: Summoned new Minecart with TNT]
[10May2026 14:09:10.096] [Render thread/INFO] [net.minecraft.client.gui.components.ChatComponent/]: [System] [CHAT] [@: Summoned new Minecart with TNT]
[10May2026 14:09:10.140] [Server thread/INFO] [net.minecraft.server.MinecraftServer/]: [@: Summoned new Minecart with TNT]
[10May2026 14:09:10.146] [Render thread/INFO] [net.minecraft.client.gui.components.ChatComponent/]: [System] [CHAT] [@: Summoned new Minecart with TNT]
[10May2026 14:09:10.192] [Server thread/INFO] [net.minecraft.server.MinecraftServer/]: [@: Summoned new Minecart with TNT]
[10May2026 14:09:10.196] [Render thread/INFO] [net.minecraft.client.gui.components.ChatComponent/]: [System] [CHAT] [@: Summoned new Minecart with TNT]
[10May2026 14:09:10.240] [Server thread/INFO] [net.minecraft.server.MinecraftServer/]: [@: Summoned new Minecart with TNT]
[10May2026 14:09:10.246] [Render thread/INFO] [net.minecraft.client.gui.components.ChatComponent/]: [System] [CHAT] [@: Summoned new Minecart with TNT]
[10May2026 14:09:10.290] [Server thread/INFO] [net.minecraft.server.MinecraftServer/]: [@: Summoned new Minecart with TNT]
[10May2026 14:09:10.297] [Render thread/INFO] [net.minecraft.client.gui.components.ChatComponent/]: [System] [CHAT] [@: Summoned new Minecart with TNT]
[10May2026 14:09:10.340] [Server thread/INFO] [net.minecraft.server.MinecraftServer/]: [@: Summoned new Minecart with TNT]
[10May2026 14:09:10.351] [Render thread/INFO] [net.minecraft.client.gui.components.ChatComponent/]: [System] [CHAT] [@: Summoned new Minecart with TNT]
[10May2026 14:09:10.391] [Server thread/INFO] [net.minecraft.server.MinecraftServer/]: [@: Summoned new Minecart with TNT]
[10May2026 14:09:10.397] [Render thread/INFO] [net.minecraft.client.gui.components.ChatComponent/]: [System] [CHAT] [@: Summoned new Minecart with TNT]
[10May2026 14:09:10.441] [Server thread/INFO] [net.minecraft.server.MinecraftServer/]: [@: Summoned new Minecart with TNT]
[10May2026 14:09:10.450] [Render thread/INFO] [net.minecraft.client.gui.components.ChatComponent/]: [System] [CHAT] [@: Summoned new Minecart with TNT]
[10May2026 14:09:10.491] [Server thread/INFO] [net.minecraft.server.MinecraftServer/]: [@: Summoned new Minecart with TNT]
[10May2026 14:09:10.497] [Render thread/INFO] [net.minecraft.client.gui.components.ChatComponent/]: [System] [CHAT] [@: Summoned new Minecart with TNT]
[10May2026 14:09:10.540] [Server thread/INFO] [net.minecraft.server.MinecraftServer/]: [@: Summoned new Minecart with TNT]
[10May2026 14:09:10.547] [Render thread/INFO] [net.minecraft.client.gui.components.ChatComponent/]: [System] [CHAT] [@: Summoned new Minecart with TNT]
[10May2026 14:09:10.591] [Server thread/INFO] [net.minecraft.server.MinecraftServer/]: [@: Summoned new Minecart with TNT]
[10May2026 14:09:10.595] [Render thread/INFO] [net.minecraft.client.gui.components.ChatComponent/]: [System] [CHAT] [@: Summoned new Minecart with TNT]
[10May2026 14:09:10.640] [Server thread/INFO] [net.minecraft.server.MinecraftServer/]: [@: Summoned new Minecart with TNT]
[10May2026 14:09:10.648] [Render thread/INFO] [net.minecraft.client.gui.components.ChatComponent/]: [System] [CHAT] [@: Summoned new Minecart with TNT]
[10May2026 14:09:10.691] [Server thread/INFO] [net.minecraft.server.MinecraftServer/]: [@: Summoned new Minecart with TNT]
[10May2026 14:09:10.696] [Render thread/INFO] [net.minecraft.client.gui.components.ChatComponent/]: [System] [CHAT] [@: Summoned new Minecart with TNT]
[10May2026 14:09:10.742] [Server thread/INFO] [net.minecraft.server.MinecraftServer/]: [@: Summoned new Minecart with TNT]
[10May2026 14:09:10.746] [Render thread/INFO] [net.minecraft.client.gui.components.ChatComponent/]: [System] [CHAT] [@: Summoned new Minecart with TNT]
[10May2026 14:09:10.792] [Server thread/INFO] [net.minecraft.server.MinecraftServer/]: [@: Summoned new Minecart with TNT]
[10May2026 14:09:10.813] [Render thread/INFO] [net.minecraft.client.gui.components.ChatComponent/]: [System] [CHAT] [@: Summoned new Minecart with TNT]
[10May2026 14:09:10.840] [Server thread/INFO] [net.minecraft.server.MinecraftServer/]: [@: Summoned new Minecart with TNT]
[10May2026 14:09:10.848] [Render thread/INFO] [net.minecraft.client.gui.components.ChatComponent/]: [System] [CHAT] [@: Summoned new Minecart with TNT]
[10May2026 14:09:10.891] [Server thread/INFO] [net.minecraft.server.MinecraftServer/]: [@: Summoned new Minecart with TNT]
[10May2026 14:09:10.892] [Render thread/INFO] [net.minecraft.client.gui.components.ChatComponent/]: [System] [CHAT] [@: Summoned new Minecart with TNT]
[10May2026 14:09:10.941] [Server thread/INFO] [net.minecraft.server.MinecraftServer/]: [@: Summoned new Minecart with TNT]
[10May2026 14:09:10.949] [Render thread/INFO] [net.minecraft.client.gui.components.ChatComponent/]: [System] [CHAT] [@: Summoned new Minecart with TNT]
[10May2026 14:09:10.991] [Server thread/INFO] [net.minecraft.server.MinecraftServer/]: [@: Summoned new Minecart with TNT]
[10May2026 14:09:10.998] [Render thread/INFO] [net.minecraft.client.gui.components.ChatComponent/]: [System] [CHAT] [@: Summoned new Minecart with TNT]
[10May2026 14:09:11.040] [Server thread/INFO] [net.minecraft.server.MinecraftServer/]: [@: Summoned new Minecart with TNT]
[10May2026 14:09:11.046] [Render thread/INFO] [net.minecraft.client.gui.components.ChatComponent/]: [System] [CHAT] [@: Summoned new Minecart with TNT]
[10May2026 14:09:11.091] [Server thread/INFO] [net.minecraft.server.MinecraftServer/]: [@: Summoned new Minecart with TNT]
[10May2026 14:09:11.096] [Render thread/INFO] [net.minecraft.client.gui.components.ChatComponent/]: [System] [CHAT] [@: Summoned new Minecart with TNT]
[10May2026 14:09:11.140] [Server thread/INFO] [net.minecraft.server.MinecraftServer/]: [@: Summoned new Minecart with TNT]
[10May2026 14:09:11.146] [Render thread/INFO] [net.minecraft.client.gui.components.ChatComponent/]: [System] [CHAT] [@: Summoned new Minecart with TNT]
[10May2026 14:09:11.190] [Server thread/INFO] [net.minecraft.server.MinecraftServer/]: [@: Summoned new Minecart with TNT]
[10May2026 14:09:11.195] [Render thread/INFO] [net.minecraft.client.gui.components.ChatComponent/]: [System] [CHAT] [@: Summoned new Minecart with TNT]
[10May2026 14:09:11.240] [Server thread/INFO] [net.minecraft.server.MinecraftServer/]: [@: Summoned new Minecart with TNT]
[10May2026 14:09:11.247] [Render thread/INFO] [net.minecraft.client.gui.components.ChatComponent/]: [System] [CHAT] [@: Summoned new Minecart with TNT]
[10May2026 14:09:11.291] [Server thread/INFO] [net.minecraft.server.MinecraftServer/]: [@: Summoned new Minecart with TNT]
[10May2026 14:09:11.297] [Render thread/INFO] [net.minecraft.client.gui.components.ChatComponent/]: [System] [CHAT] [@: Summoned new Minecart with TNT]
[10May2026 14:09:11.341] [Server thread/INFO] [net.minecraft.server.MinecraftServer/]: [@: Summoned new Minecart with TNT]
[10May2026 14:09:11.347] [Render thread/INFO] [net.minecraft.client.gui.components.ChatComponent/]: [System] [CHAT] [@: Summoned new Minecart with TNT]
[10May2026 14:09:11.392] [Server thread/INFO] [net.minecraft.server.MinecraftServer/]: [@: Summoned new Minecart with TNT]
[10May2026 14:09:11.395] [Render thread/INFO] [net.minecraft.client.gui.components.ChatComponent/]: [System] [CHAT] [@: Summoned new Minecart with TNT]
[10May2026 14:09:11.442] [Server thread/INFO] [net.minecraft.server.MinecraftServer/]: [@: Summoned new Minecart with TNT]
[10May2026 14:09:11.447] [Render thread/INFO] [net.minecraft.client.gui.components.ChatComponent/]: [System] [CHAT] [@: Summoned new Minecart with TNT]
[10May2026 14:09:11.490] [Server thread/INFO] [net.minecraft.server.MinecraftServer/]: [@: Summoned new Minecart with TNT]
[10May2026 14:09:11.495] [Render thread/INFO] [net.minecraft.client.gui.components.ChatComponent/]: [System] [CHAT] [@: Summoned new Minecart with TNT]
[10May2026 14:09:11.540] [Server thread/INFO] [net.minecraft.server.MinecraftServer/]: [@: Summoned new Minecart with TNT]
[10May2026 14:09:11.551] [Render thread/INFO] [net.minecraft.client.gui.components.ChatComponent/]: [System] [CHAT] [@: Summoned new Minecart with TNT]
[10May2026 14:09:11.593] [Server thread/INFO] [net.minecraft.server.MinecraftServer/]: [@: Summoned new Minecart with TNT]
[10May2026 14:09:11.600] [Render thread/INFO] [net.minecraft.client.gui.components.ChatComponent/]: [System] [CHAT] [@: Summoned new Minecart with TNT]
[10May2026 14:09:11.640] [Server thread/INFO] [net.minecraft.server.MinecraftServer/]: [@: Summoned new Minecart with TNT]
[10May2026 14:09:11.666] [Render thread/INFO] [net.minecraft.client.gui.components.ChatComponent/]: [System] [CHAT] [@: Summoned new Minecart with TNT]
[10May2026 14:09:11.691] [Server thread/INFO] [net.minecraft.server.MinecraftServer/]: [@: Summoned new Minecart with TNT]
[10May2026 14:09:11.702] [Render thread/INFO] [net.minecraft.client.gui.components.ChatComponent/]: [System] [CHAT] [@: Summoned new Minecart with TNT]
[10May2026 14:09:11.741] [Server thread/INFO] [net.minecraft.server.MinecraftServer/]: [@: Summoned new Minecart with TNT]
[10May2026 14:09:11.748] [Render thread/INFO] [net.minecraft.client.gui.components.ChatComponent/]: [System] [CHAT] [@: Summoned new Minecart with TNT]
[10May2026 14:09:11.790] [Server thread/INFO] [net.minecraft.server.MinecraftServer/]: [@: Summoned new Minecart with TNT]
[10May2026 14:09:11.797] [Render thread/INFO] [net.minecraft.client.gui.components.ChatComponent/]: [System] [CHAT] [@: Summoned new Minecart with TNT]
[10May2026 14:09:11.840] [Server thread/INFO] [net.minecraft.server.MinecraftServer/]: [@: Summoned new Minecart with TNT]
[10May2026 14:09:11.848] [Render thread/INFO] [net.minecraft.client.gui.components.ChatComponent/]: [System] [CHAT] [@: Summoned new Minecart with TNT]
[10May2026 14:09:11.890] [Server thread/INFO] [net.minecraft.server.MinecraftServer/]: [@: Summoned new Minecart with TNT]
[10May2026 14:09:11.897] [Render thread/INFO] [net.minecraft.client.gui.components.ChatComponent/]: [System] [CHAT] [@: Summoned new Minecart with TNT]
[10May2026 14:09:11.940] [Server thread/INFO] [net.minecraft.server.MinecraftServer/]: [@: Summoned new Minecart with TNT]
[10May2026 14:09:11.952] [Render thread/INFO] [net.minecraft.client.gui.components.ChatComponent/]: [System] [CHAT] [@: Summoned new Minecart with TNT]
[10May2026 14:09:11.992] [Server thread/INFO] [net.minecraft.server.MinecraftServer/]: [@: Summoned new Minecart with TNT]
[10May2026 14:09:11.995] [Render thread/INFO] [net.minecraft.client.gui.components.ChatComponent/]: [System] [CHAT] [@: Summoned new Minecart with TNT]
[10May2026 14:09:12.040] [Server thread/INFO] [net.minecraft.server.MinecraftServer/]: [@: Summoned new Minecart with TNT]
[10May2026 14:09:12.045] [Render thread/INFO] [net.minecraft.client.gui.components.ChatComponent/]: [System] [CHAT] [@: Summoned new Minecart with TNT]
[10May2026 14:09:12.091] [Server thread/INFO] [net.minecraft.server.MinecraftServer/]: [@: Summoned new Minecart with TNT]
[10May2026 14:09:12.097] [Render thread/INFO] [net.minecraft.client.gui.components.ChatComponent/]: [System] [CHAT] [@: Summoned new Minecart with TNT]
[10May2026 14:09:12.140] [Server thread/INFO] [net.minecraft.server.MinecraftServer/]: [@: Summoned new Minecart with TNT]
[10May2026 14:09:12.158] [Render thread/INFO] [net.minecraft.client.gui.components.ChatComponent/]: [System] [CHAT] [@: Summoned new Minecart with TNT]
[10May2026 14:09:12.190] [Server thread/INFO] [net.minecraft.server.MinecraftServer/]: [@: Summoned new Minecart with TNT]
[10May2026 14:09:12.199] [Render thread/INFO] [net.minecraft.client.gui.components.ChatComponent/]: [System] [CHAT] [@: Summoned new Minecart with TNT]
[10May2026 14:09:12.240] [Server thread/INFO] [net.minecraft.server.MinecraftServer/]: [@: Summoned new Minecart with TNT]
[10May2026 14:09:12.250] [Render thread/INFO] [net.minecraft.client.gui.components.ChatComponent/]: [System] [CHAT] [@: Summoned new Minecart with TNT]
[10May2026 14:09:12.292] [Server thread/INFO] [net.minecraft.server.MinecraftServer/]: [@: Summoned new Minecart with TNT]
[10May2026 14:09:12.312] [Render thread/INFO] [net.minecraft.client.gui.components.ChatComponent/]: [System] [CHAT] [@: Summoned new Minecart with TNT]
[10May2026 14:09:12.340] [Server thread/INFO] [net.minecraft.server.MinecraftServer/]: [@: Summoned new Minecart with TNT]
[10May2026 14:09:12.351] [Render thread/INFO] [net.minecraft.client.gui.components.ChatComponent/]: [System] [CHAT] [@: Summoned new Minecart with TNT]
[10May2026 14:09:12.390] [Server thread/INFO] [net.minecraft.server.MinecraftServer/]: [@: Summoned new Minecart with TNT]
[10May2026 14:09:12.396] [Render thread/INFO] [net.minecraft.client.gui.components.ChatComponent/]: [System] [CHAT] [@: Summoned new Minecart with TNT]
[10May2026 14:09:12.442] [Server thread/INFO] [net.minecraft.server.MinecraftServer/]: [@: Summoned new Minecart with TNT]
[10May2026 14:09:12.452] [Render thread/INFO] [net.minecraft.client.gui.components.ChatComponent/]: [System] [CHAT] [@: Summoned new Minecart with TNT]
[10May2026 14:09:12.490] [Server thread/INFO] [net.minecraft.server.MinecraftServer/]: [@: Summoned new Minecart with TNT]
[10May2026 14:09:12.514] [Render thread/INFO] [net.minecraft.client.gui.components.ChatComponent/]: [System] [CHAT] [@: Summoned new Minecart with TNT]
[10May2026 14:09:12.540] [Server thread/INFO] [net.minecraft.server.MinecraftServer/]: [@: Summoned new Minecart with TNT]
[10May2026 14:09:12.550] [Render thread/INFO] [net.minecraft.client.gui.components.ChatComponent/]: [System] [CHAT] [@: Summoned new Minecart with TNT]
[10May2026 14:09:12.590] [Server thread/INFO] [net.minecraft.server.MinecraftServer/]: [@: Summoned new Minecart with TNT]
[10May2026 14:09:12.596] [Render thread/INFO] [net.minecraft.client.gui.components.ChatComponent/]: [System] [CHAT] [@: Summoned new Minecart with TNT]
[10May2026 14:09:12.640] [Server thread/INFO] [net.minecraft.server.MinecraftServer/]: [@: Summoned new Minecart with TNT]
[10May2026 14:09:12.648] [Render thread/INFO] [net.minecraft.client.gui.components.ChatComponent/]: [System] [CHAT] [@: Summoned new Minecart with TNT]
[10May2026 14:09:12.690] [Server thread/INFO] [net.minecraft.server.MinecraftServer/]: [@: Summoned new Minecart with TNT]
[10May2026 14:09:12.699] [Render thread/INFO] [net.minecraft.client.gui.components.ChatComponent/]: [System] [CHAT] [@: Summoned new Minecart with TNT]
[10May2026 14:09:12.741] [Server thread/INFO] [net.minecraft.server.MinecraftServer/]: [@: Summoned new Minecart with TNT]
[10May2026 14:09:12.748] [Render thread/INFO] [net.minecraft.client.gui.components.ChatComponent/]: [System] [CHAT] [@: Summoned new Minecart with TNT]
[10May2026 14:09:12.792] [Server thread/INFO] [net.minecraft.server.MinecraftServer/]: [@: Summoned new Minecart with TNT]
[10May2026 14:09:12.797] [Render thread/INFO] [net.minecraft.client.gui.components.ChatComponent/]: [System] [CHAT] [@: Summoned new Minecart with TNT]
[10May2026 14:09:12.840] [Server thread/INFO] [net.minecraft.server.MinecraftServer/]: [@: Summoned new Minecart with TNT]
[10May2026 14:09:12.841] [Render thread/INFO] [net.minecraft.client.gui.components.ChatComponent/]: [System] [CHAT] [@: Summoned new Minecart with TNT]
[10May2026 14:09:12.890] [Server thread/INFO] [net.minecraft.server.MinecraftServer/]: [@: Summoned new Minecart with TNT]
[10May2026 14:09:12.897] [Render thread/INFO] [net.minecraft.client.gui.components.ChatComponent/]: [System] [CHAT] [@: Summoned new Minecart with TNT]
[10May2026 14:09:12.940] [Server thread/INFO] [net.minecraft.server.MinecraftServer/]: [@: Summoned new Minecart with TNT]
[10May2026 14:09:12.947] [Render thread/INFO] [net.minecraft.client.gui.components.ChatComponent/]: [System] [CHAT] [@: Summoned new Minecart with TNT]
[10May2026 14:09:12.991] [Server thread/INFO] [net.minecraft.server.MinecraftServer/]: [@: Summoned new Minecart with TNT]
[10May2026 14:09:12.997] [Render thread/INFO] [net.minecraft.client.gui.components.ChatComponent/]: [System] [CHAT] [@: Summoned new Minecart with TNT]
[10May2026 14:09:13.040] [Server thread/INFO] [net.minecraft.server.MinecraftServer/]: [@: Summoned new Minecart with TNT]
[10May2026 14:09:13.052] [Render thread/INFO] [net.minecraft.client.gui.components.ChatComponent/]: [System] [CHAT] [@: Summoned new Minecart with TNT]
[10May2026 14:09:13.090] [Server thread/INFO] [net.minecraft.server.MinecraftServer/]: [@: Summoned new Minecart with TNT]
[10May2026 14:09:13.099] [Render thread/INFO] [net.minecraft.client.gui.components.ChatComponent/]: [System] [CHAT] [@: Summoned new Minecart with TNT]
[10May2026 14:09:13.140] [Server thread/INFO] [net.minecraft.server.MinecraftServer/]: [@: Summoned new Minecart with TNT]
[10May2026 14:09:13.146] [Render thread/INFO] [net.minecraft.client.gui.components.ChatComponent/]: [System] [CHAT] [@: Summoned new Minecart with TNT]
[10May2026 14:09:13.192] [Server thread/INFO] [net.minecraft.server.MinecraftServer/]: [@: Summoned new Minecart with TNT]
[10May2026 14:09:13.196] [Render thread/INFO] [net.minecraft.client.gui.components.ChatComponent/]: [System] [CHAT] [@: Summoned new Minecart with TNT]
[10May2026 14:09:13.240] [Server thread/INFO] [net.minecraft.server.MinecraftServer/]: [@: Summoned new Minecart with TNT]
[10May2026 14:09:13.246] [Render thread/INFO] [net.minecraft.client.gui.components.ChatComponent/]: [System] [CHAT] [@: Summoned new Minecart with TNT]
[10May2026 14:09:13.290] [Server thread/INFO] [net.minecraft.server.MinecraftServer/]: [@: Summoned new Minecart with TNT]
[10May2026 14:09:13.297] [Render thread/INFO] [net.minecraft.client.gui.components.ChatComponent/]: [System] [CHAT] [@: Summoned new Minecart with TNT]
[10May2026 14:09:13.342] [Server thread/INFO] [net.minecraft.server.MinecraftServer/]: [@: Summoned new Minecart with TNT]
[10May2026 14:09:13.347] [Render thread/INFO] [net.minecraft.client.gui.components.ChatComponent/]: [System] [CHAT] [@: Summoned new Minecart with TNT]
[10May2026 14:09:13.389] [Server thread/INFO] [net.minecraft.server.MinecraftServer/]: [@: Summoned new Minecart with TNT]
[10May2026 14:09:13.394] [Render thread/INFO] [net.minecraft.client.gui.components.ChatComponent/]: [System] [CHAT] [@: Summoned new Minecart with TNT]
[10May2026 14:09:13.440] [Server thread/INFO] [net.minecraft.server.MinecraftServer/]: [@: Summoned new Minecart with TNT]
[10May2026 14:09:13.450] [Render thread/INFO] [net.minecraft.client.gui.components.ChatComponent/]: [System] [CHAT] [@: Summoned new Minecart with TNT]
[10May2026 14:09:13.491] [Server thread/INFO] [net.minecraft.server.MinecraftServer/]: [@: Summoned new Minecart with TNT]
[10May2026 14:09:13.514] [Render thread/INFO] [net.minecraft.client.gui.components.ChatComponent/]: [System] [CHAT] [@: Summoned new Minecart with TNT]
[10May2026 14:09:13.542] [Server thread/INFO] [net.minecraft.server.MinecraftServer/]: [@: Summoned new Minecart with TNT]
[10May2026 14:09:13.546] [Render thread/INFO] [net.minecraft.client.gui.components.ChatComponent/]: [System] [CHAT] [@: Summoned new Minecart with TNT]
[10May2026 14:09:13.592] [Server thread/INFO] [net.minecraft.server.MinecraftServer/]: [@: Summoned new Minecart with TNT]
[10May2026 14:09:13.599] [Render thread/INFO] [net.minecraft.client.gui.components.ChatComponent/]: [System] [CHAT] [@: Summoned new Minecart with TNT]
[10May2026 14:09:13.640] [Server thread/INFO] [net.minecraft.server.MinecraftServer/]: [@: Summoned new Minecart with TNT]
[10May2026 14:09:13.641] [Render thread/INFO] [net.minecraft.client.gui.components.ChatComponent/]: [System] [CHAT] [@: Summoned new Minecart with TNT]
[10May2026 14:09:13.690] [Server thread/INFO] [net.minecraft.server.MinecraftServer/]: [@: Summoned new Minecart with TNT]
[10May2026 14:09:13.698] [Render thread/INFO] [net.minecraft.client.gui.components.ChatComponent/]: [System] [CHAT] [@: Summoned new Minecart with TNT]
[10May2026 14:09:13.741] [Server thread/INFO] [net.minecraft.server.MinecraftServer/]: [@: Summoned new Minecart with TNT]
[10May2026 14:09:13.742] [Render thread/INFO] [net.minecraft.client.gui.components.ChatComponent/]: [System] [CHAT] [@: Summoned new Minecart with TNT]
[10May2026 14:09:13.790] [Server thread/INFO] [net.minecraft.server.MinecraftServer/]: [@: Summoned new Minecart with TNT]
[10May2026 14:09:13.806] [Render thread/INFO] [net.minecraft.client.gui.components.ChatComponent/]: [System] [CHAT] [@: Summoned new Minecart with TNT]
[10May2026 14:09:13.841] [Server thread/INFO] [net.minecraft.server.MinecraftServer/]: [@: Summoned new Minecart with TNT]
[10May2026 14:09:13.846] [Render thread/INFO] [net.minecraft.client.gui.components.ChatComponent/]: [System] [CHAT] [@: Summoned new Minecart with TNT]
[10May2026 14:09:13.890] [Server thread/INFO] [net.minecraft.server.MinecraftServer/]: [@: Summoned new Minecart with TNT]
[10May2026 14:09:13.898] [Render thread/INFO] [net.minecraft.client.gui.components.ChatComponent/]: [System] [CHAT] [@: Summoned new Minecart with TNT]
[10May2026 14:09:13.940] [Server thread/INFO] [net.minecraft.server.MinecraftServer/]: [@: Summoned new Minecart with TNT]
[10May2026 14:09:13.948] [Render thread/INFO] [net.minecraft.client.gui.components.ChatComponent/]: [System] [CHAT] [@: Summoned new Minecart with TNT]
[10May2026 14:09:13.990] [Server thread/INFO] [net.minecraft.server.MinecraftServer/]: [@: Summoned new Minecart with TNT]
[10May2026 14:09:14.005] [Render thread/INFO] [net.minecraft.client.gui.components.ChatComponent/]: [System] [CHAT] [@: Summoned new Minecart with TNT]
[10May2026 14:09:14.040] [Server thread/INFO] [net.minecraft.server.MinecraftServer/]: [@: Summoned new Minecart with TNT]
[10May2026 14:09:14.048] [Render thread/INFO] [net.minecraft.client.gui.components.ChatComponent/]: [System] [CHAT] [@: Summoned new Minecart with TNT]
[10May2026 14:09:14.092] [Server thread/INFO] [net.minecraft.server.MinecraftServer/]: [@: Summoned new Minecart with TNT]
[10May2026 14:09:14.098] [Render thread/INFO] [net.minecraft.client.gui.components.ChatComponent/]: [System] [CHAT] [@: Summoned new Minecart with TNT]
[10May2026 14:09:14.140] [Server thread/INFO] [net.minecraft.server.MinecraftServer/]: [@: Summoned new Minecart with TNT]
[10May2026 14:09:14.146] [Render thread/INFO] [net.minecraft.client.gui.components.ChatComponent/]: [System] [CHAT] [@: Summoned new Minecart with TNT]
[10May2026 14:09:14.190] [Server thread/INFO] [net.minecraft.server.MinecraftServer/]: [@: Summoned new Minecart with TNT]
[10May2026 14:09:14.204] [Render thread/INFO] [net.minecraft.client.gui.components.ChatComponent/]: [System] [CHAT] [@: Summoned new Minecart with TNT]
[10May2026 14:09:14.241] [Server thread/INFO] [net.minecraft.server.MinecraftServer/]: [@: Summoned new Minecart with TNT]
[10May2026 14:09:14.249] [Render thread/INFO] [net.minecraft.client.gui.components.ChatComponent/]: [System] [CHAT] [@: Summoned new Minecart with TNT]
[10May2026 14:09:14.290] [Server thread/INFO] [net.minecraft.server.MinecraftServer/]: [@: Summoned new Minecart with TNT]
[10May2026 14:09:14.296] [Render thread/INFO] [net.minecraft.client.gui.components.ChatComponent/]: [System] [CHAT] [@: Summoned new Minecart with TNT]
[10May2026 14:09:14.340] [Server thread/INFO] [net.minecraft.server.MinecraftServer/]: [@: Summoned new Minecart with TNT]
[10May2026 14:09:14.345] [Render thread/INFO] [net.minecraft.client.gui.components.ChatComponent/]: [System] [CHAT] [@: Summoned new Minecart with TNT]
[10May2026 14:09:14.390] [Server thread/INFO] [net.minecraft.server.MinecraftServer/]: [@: Summoned new Minecart with TNT]
[10May2026 14:09:14.396] [Render thread/INFO] [net.minecraft.client.gui.components.ChatComponent/]: [System] [CHAT] [@: Summoned new Minecart with TNT]
[10May2026 14:09:14.441] [Server thread/INFO] [net.minecraft.server.MinecraftServer/]: [@: Summoned new Minecart with TNT]
[10May2026 14:09:14.446] [Render thread/INFO] [net.minecraft.client.gui.components.ChatComponent/]: [System] [CHAT] [@: Summoned new Minecart with TNT]
[10May2026 14:09:14.490] [Server thread/INFO] [net.minecraft.server.MinecraftServer/]: [@: Summoned new Minecart with TNT]
[10May2026 14:09:14.497] [Render thread/INFO] [net.minecraft.client.gui.components.ChatComponent/]: [System] [CHAT] [@: Summoned new Minecart with TNT]
[10May2026 14:09:14.540] [Server thread/INFO] [net.minecraft.server.MinecraftServer/]: [@: Summoned new Minecart with TNT]
[10May2026 14:09:14.543] [Render thread/INFO] [net.minecraft.client.gui.components.ChatComponent/]: [System] [CHAT] [@: Summoned new Minecart with TNT]
[10May2026 14:09:14.590] [Server thread/INFO] [net.minecraft.server.MinecraftServer/]: [@: Summoned new Minecart with TNT]
[10May2026 14:09:14.599] [Render thread/INFO] [net.minecraft.client.gui.components.ChatComponent/]: [System] [CHAT] [@: Summoned new Minecart with TNT]
[10May2026 14:09:14.640] [Server thread/INFO] [net.minecraft.server.MinecraftServer/]: [@: Summoned new Minecart with TNT]
[10May2026 14:09:14.659] [Render thread/INFO] [net.minecraft.client.gui.components.ChatComponent/]: [System] [CHAT] [@: Summoned new Minecart with TNT]
[10May2026 14:09:14.692] [Server thread/INFO] [net.minecraft.server.MinecraftServer/]: [@: Summoned new Minecart with TNT]
[10May2026 14:09:14.697] [Render thread/INFO] [net.minecraft.client.gui.components.ChatComponent/]: [System] [CHAT] [@: Summoned new Minecart with TNT]
[10May2026 14:09:14.740] [Server thread/INFO] [net.minecraft.server.MinecraftServer/]: [@: Summoned new Minecart with TNT]
[10May2026 14:09:14.746] [Render thread/INFO] [net.minecraft.client.gui.components.ChatComponent/]: [System] [CHAT] [@: Summoned new Minecart with TNT]
[10May2026 14:09:14.790] [Server thread/INFO] [net.minecraft.server.MinecraftServer/]: [@: Summoned new Minecart with TNT]
[10May2026 14:09:14.798] [Render thread/INFO] [net.minecraft.client.gui.components.ChatComponent/]: [System] [CHAT] [@: Summoned new Minecart with TNT]
[10May2026 14:09:14.840] [Server thread/INFO] [net.minecraft.server.MinecraftServer/]: [@: Summoned new Minecart with TNT]
[10May2026 14:09:14.846] [Render thread/INFO] [net.minecraft.client.gui.components.ChatComponent/]: [System] [CHAT] [@: Summoned new Minecart with TNT]
[10May2026 14:09:14.891] [Server thread/INFO] [net.minecraft.server.MinecraftServer/]: [@: Summoned new Minecart with TNT]
[10May2026 14:09:14.911] [Render thread/INFO] [net.minecraft.client.gui.components.ChatComponent/]: [System] [CHAT] [@: Summoned new Minecart with TNT]
[10May2026 14:09:14.942] [Server thread/INFO] [net.minecraft.server.MinecraftServer/]: [@: Summoned new Minecart with TNT]
[10May2026 14:09:14.954] [Render thread/INFO] [net.minecraft.client.gui.components.ChatComponent/]: [System] [CHAT] [@: Summoned new Minecart with TNT]
[10May2026 14:09:14.996] [Server thread/INFO] [net.minecraft.server.MinecraftServer/]: [@: Summoned new Minecart with TNT]
[10May2026 14:09:14.999] [Render thread/INFO] [net.minecraft.client.gui.components.ChatComponent/]: [System] [CHAT] [@: Summoned new Minecart with TNT]
[10May2026 14:09:15.040] [Server thread/INFO] [net.minecraft.server.MinecraftServer/]: [@: Summoned new Minecart with TNT]
[10May2026 14:09:15.061] [Render thread/INFO] [net.minecraft.client.gui.components.ChatComponent/]: [System] [CHAT] [@: Summoned new Minecart with TNT]
[10May2026 14:09:15.090] [Server thread/INFO] [net.minecraft.server.MinecraftServer/]: [@: Summoned new Minecart with TNT]
[10May2026 14:09:15.096] [Render thread/INFO] [net.minecraft.client.gui.components.ChatComponent/]: [System] [CHAT] [@: Summoned new Minecart with TNT]
[10May2026 14:09:15.141] [Server thread/INFO] [net.minecraft.server.MinecraftServer/]: [@: Summoned new Minecart with TNT]
[10May2026 14:09:15.150] [Render thread/INFO] [net.minecraft.client.gui.components.ChatComponent/]: [System] [CHAT] [@: Summoned new Minecart with TNT]
[10May2026 14:09:15.192] [Server thread/INFO] [net.minecraft.server.MinecraftServer/]: [@: Summoned new Minecart with TNT]
[10May2026 14:09:15.205] [Render thread/INFO] [net.minecraft.client.gui.components.ChatComponent/]: [System] [CHAT] [@: Summoned new Minecart with TNT]
[10May2026 14:09:15.242] [Server thread/INFO] [net.minecraft.server.MinecraftServer/]: [@: Summoned new Minecart with TNT]
[10May2026 14:09:15.246] [Render thread/INFO] [net.minecraft.client.gui.components.ChatComponent/]: [System] [CHAT] [@: Summoned new Minecart with TNT]
[10May2026 14:09:15.290] [Server thread/INFO] [net.minecraft.server.MinecraftServer/]: [@: Summoned new Minecart with TNT]
[10May2026 14:09:15.297] [Render thread/INFO] [net.minecraft.client.gui.components.ChatComponent/]: [System] [CHAT] [@: Summoned new Minecart with TNT]
[10May2026 14:09:15.340] [Server thread/INFO] [net.minecraft.server.MinecraftServer/]: [@: Summoned new Minecart with TNT]
[10May2026 14:09:15.346] [Render thread/INFO] [net.minecraft.client.gui.components.ChatComponent/]: [System] [CHAT] [@: Summoned new Minecart with TNT]
[10May2026 14:09:15.390] [Server thread/INFO] [net.minecraft.server.MinecraftServer/]: [@: Summoned new Minecart with TNT]
[10May2026 14:09:15.399] [Render thread/INFO] [net.minecraft.client.gui.components.ChatComponent/]: [System] [CHAT] [@: Summoned new Minecart with TNT]
[10May2026 14:09:15.440] [Server thread/INFO] [net.minecraft.server.MinecraftServer/]: [@: Summoned new Minecart with TNT]
[10May2026 14:09:15.448] [Render thread/INFO] [net.minecraft.client.gui.components.ChatComponent/]: [System] [CHAT] [@: Summoned new Minecart with TNT]
[10May2026 14:09:15.490] [Server thread/INFO] [net.minecraft.server.MinecraftServer/]: [@: Summoned new Minecart with TNT]
[10May2026 14:09:15.497] [Render thread/INFO] [net.minecraft.client.gui.components.ChatComponent/]: [System] [CHAT] [@: Summoned new Minecart with TNT]
[10May2026 14:09:15.540] [Server thread/INFO] [net.minecraft.server.MinecraftServer/]: [@: Summoned new Minecart with TNT]
[10May2026 14:09:15.547] [Render thread/INFO] [net.minecraft.client.gui.components.ChatComponent/]: [System] [CHAT] [@: Summoned new Minecart with TNT]
[10May2026 14:09:15.591] [Server thread/INFO] [net.minecraft.server.MinecraftServer/]: [@: Summoned new Minecart with TNT]
[10May2026 14:09:15.597] [Render thread/INFO] [net.minecraft.client.gui.components.ChatComponent/]: [System] [CHAT] [@: Summoned new Minecart with TNT]
[10May2026 14:09:15.640] [Server thread/INFO] [net.minecraft.server.MinecraftServer/]: [@: Summoned new Minecart with TNT]
[10May2026 14:09:15.660] [Render thread/INFO] [net.minecraft.client.gui.components.ChatComponent/]: [System] [CHAT] [@: Summoned new Minecart with TNT]
[10May2026 14:09:15.690] [Server thread/INFO] [net.minecraft.server.MinecraftServer/]: [@: Summoned new Minecart with TNT]
[10May2026 14:09:15.698] [Render thread/INFO] [net.minecraft.client.gui.components.ChatComponent/]: [System] [CHAT] [@: Summoned new Minecart with TNT]
[10May2026 14:09:15.741] [Server thread/INFO] [net.minecraft.server.MinecraftServer/]: [@: Summoned new Minecart with TNT]
[10May2026 14:09:15.748] [Render thread/INFO] [net.minecraft.client.gui.components.ChatComponent/]: [System] [CHAT] [@: Summoned new Minecart with TNT]
[10May2026 14:09:15.791] [Server thread/INFO] [net.minecraft.server.MinecraftServer/]: [@: Summoned new Minecart with TNT]
[10May2026 14:09:15.798] [Render thread/INFO] [net.minecraft.client.gui.components.ChatComponent/]: [System] [CHAT] [@: Summoned new Minecart with TNT]
[10May2026 14:09:15.840] [Server thread/INFO] [net.minecraft.server.MinecraftServer/]: [@: Summoned new Minecart with TNT]
[10May2026 14:09:15.860] [Render thread/INFO] [net.minecraft.client.gui.components.ChatComponent/]: [System] [CHAT] [@: Summoned new Minecart with TNT]
[10May2026 14:09:15.890] [Server thread/INFO] [net.minecraft.server.MinecraftServer/]: [@: Summoned new Minecart with TNT]
[10May2026 14:09:15.901] [Render thread/INFO] [net.minecraft.client.gui.components.ChatComponent/]: [System] [CHAT] [@: Summoned new Minecart with TNT]
[10May2026 14:09:15.942] [Server thread/INFO] [net.minecraft.server.MinecraftServer/]: [@: Summoned new Minecart with TNT]
[10May2026 14:09:15.950] [Render thread/INFO] [net.minecraft.client.gui.components.ChatComponent/]: [System] [CHAT] [@: Summoned new Minecart with TNT]
[10May2026 14:09:15.991] [Server thread/INFO] [net.minecraft.server.MinecraftServer/]: [@: Summoned new Minecart with TNT]
[10May2026 14:09:15.999] [Render thread/INFO] [net.minecraft.client.gui.components.ChatComponent/]: [System] [CHAT] [@: Summoned new Minecart with TNT]
[10May2026 14:09:16.040] [Server thread/INFO] [net.minecraft.server.MinecraftServer/]: [@: Summoned new Minecart with TNT]
[10May2026 14:09:16.054] [Render thread/INFO] [net.minecraft.client.gui.components.ChatComponent/]: [System] [CHAT] [@: Summoned new Minecart with TNT]
[10May2026 14:09:16.094] [Server thread/INFO] [net.minecraft.server.MinecraftServer/]: [@: Summoned new Minecart with TNT]
[10May2026 14:09:16.099] [Render thread/INFO] [net.minecraft.client.gui.components.ChatComponent/]: [System] [CHAT] [@: Summoned new Minecart with TNT]
[10May2026 14:09:16.140] [Server thread/INFO] [net.minecraft.server.MinecraftServer/]: [@: Summoned new Minecart with TNT]
[10May2026 14:09:16.147] [Render thread/INFO] [net.minecraft.client.gui.components.ChatComponent/]: [System] [CHAT] [@: Summoned new Minecart with TNT]
[10May2026 14:09:16.191] [Server thread/INFO] [net.minecraft.server.MinecraftServer/]: [@: Summoned new Minecart with TNT]
[10May2026 14:09:16.205] [Render thread/INFO] [net.minecraft.client.gui.components.ChatComponent/]: [System] [CHAT] [@: Summoned new Minecart with TNT]
[10May2026 14:09:16.242] [Server thread/INFO] [net.minecraft.server.MinecraftServer/]: [@: Summoned new Minecart with TNT]
[10May2026 14:09:16.248] [Render thread/INFO] [net.minecraft.client.gui.components.ChatComponent/]: [System] [CHAT] [@: Summoned new Minecart with TNT]
[10May2026 14:09:16.291] [Server thread/INFO] [net.minecraft.server.MinecraftServer/]: [@: Summoned new Minecart with TNT]
[10May2026 14:09:16.306] [Render thread/INFO] [net.minecraft.client.gui.components.ChatComponent/]: [System] [CHAT] [@: Summoned new Minecart with TNT]
[10May2026 14:09:16.341] [Server thread/INFO] [net.minecraft.server.MinecraftServer/]: [@: Summoned new Minecart with TNT]
[10May2026 14:09:16.346] [Render thread/INFO] [net.minecraft.client.gui.components.ChatComponent/]: [System] [CHAT] [@: Summoned new Minecart with TNT]
[10May2026 14:09:16.391] [Server thread/INFO] [net.minecraft.server.MinecraftServer/]: [@: Summoned new Minecart with TNT]
[10May2026 14:09:16.414] [Render thread/INFO] [net.minecraft.client.gui.components.ChatComponent/]: [System] [CHAT] [@: Summoned new Minecart with TNT]
[10May2026 14:09:16.448] [Server thread/INFO] [net.minecraft.server.MinecraftServer/]: [@: Summoned new Minecart with TNT]
[10May2026 14:09:16.465] [Render thread/INFO] [net.minecraft.client.gui.components.ChatComponent/]: [System] [CHAT] [@: Summoned new Minecart with TNT]
[10May2026 14:09:16.502] [Server thread/INFO] [net.minecraft.server.MinecraftServer/]: [@: Summoned new Minecart with TNT]
[10May2026 14:09:16.516] [Render thread/INFO] [net.minecraft.client.gui.components.ChatComponent/]: [System] [CHAT] [@: Summoned new Minecart with TNT]
[10May2026 14:09:16.559] [Server thread/INFO] [net.minecraft.server.MinecraftServer/]: [@: Summoned new Minecart with TNT]
[10May2026 14:09:16.566] [Render thread/INFO] [net.minecraft.client.gui.components.ChatComponent/]: [System] [CHAT] [@: Summoned new Minecart with TNT]
[10May2026 14:09:16.599] [Server thread/INFO] [net.minecraft.server.MinecraftServer/]: [@: Summoned new Minecart with TNT]
[10May2026 14:09:16.614] [Render thread/INFO] [net.minecraft.client.gui.components.ChatComponent/]: [System] [CHAT] [@: Summoned new Minecart with TNT]
[10May2026 14:09:16.653] [Server thread/INFO] [net.minecraft.server.MinecraftServer/]: [@: Summoned new Minecart with TNT]
[10May2026 14:09:16.663] [Render thread/INFO] [net.minecraft.client.gui.components.ChatComponent/]: [System] [CHAT] [@: Summoned new Minecart with TNT]
[10May2026 14:09:16.700] [Server thread/INFO] [net.minecraft.server.MinecraftServer/]: [@: Summoned new Minecart with TNT]
[10May2026 14:09:16.705] [Render thread/INFO] [net.minecraft.client.gui.components.ChatComponent/]: [System] [CHAT] [@: Summoned new Minecart with TNT]
[10May2026 14:09:16.746] [Server thread/INFO] [net.minecraft.server.MinecraftServer/]: [@: Summoned new Minecart with TNT]
[10May2026 14:09:16.752] [Render thread/INFO] [net.minecraft.client.gui.components.ChatComponent/]: [System] [CHAT] [@: Summoned new Minecart with TNT]
[10May2026 14:09:16.792] [Server thread/INFO] [net.minecraft.server.MinecraftServer/]: [@: Summoned new Minecart with TNT]
[10May2026 14:09:16.797] [Render thread/INFO] [net.minecraft.client.gui.components.ChatComponent/]: [System] [CHAT] [@: Summoned new Minecart with TNT]
[10May2026 14:09:16.841] [Server thread/INFO] [net.minecraft.server.MinecraftServer/]: [@: Summoned new Minecart with TNT]
[10May2026 14:09:16.864] [Render thread/INFO] [net.minecraft.client.gui.components.ChatComponent/]: [System] [CHAT] [@: Summoned new Minecart with TNT]
[10May2026 14:09:21.390] [Server thread/INFO] [net.minecraft.server.MinecraftServer/]: [@: Summoned new Minecart with TNT]
[10May2026 14:09:21.399] [Render thread/INFO] [net.minecraft.client.gui.components.ChatComponent/]: [System] [CHAT] [@: Summoned new Minecart with TNT]
[10May2026 14:09:21.444] [Server thread/INFO] [net.minecraft.server.MinecraftServer/]: [@: Summoned new Minecart with TNT]
[10May2026 14:09:21.445] [Render thread/INFO] [net.minecraft.client.gui.components.ChatComponent/]: [System] [CHAT] [@: Summoned new Minecart with TNT]
[10May2026 14:09:21.492] [Server thread/INFO] [net.minecraft.server.MinecraftServer/]: [@: Summoned new Minecart with TNT]
[10May2026 14:09:21.525] [Render thread/INFO] [net.minecraft.client.gui.components.ChatComponent/]: [System] [CHAT] [@: Summoned new Minecart with TNT]
[10May2026 14:09:21.580] [Server thread/INFO] [net.minecraft.server.MinecraftServer/]: [@: Summoned new Minecart with TNT]
[10May2026 14:09:21.600] [Render thread/INFO] [net.minecraft.client.gui.components.ChatComponent/]: [System] [CHAT] [@: Summoned new Minecart with TNT]
[10May2026 14:09:21.621] [Server thread/INFO] [net.minecraft.server.MinecraftServer/]: [@: Summoned new Minecart with TNT]
[10May2026 14:09:21.628] [Render thread/INFO] [net.minecraft.client.gui.components.ChatComponent/]: [System] [CHAT] [@: Summoned new Minecart with TNT]
[10May2026 14:09:21.650] [Server thread/INFO] [net.minecraft.server.MinecraftServer/]: [@: Summoned new Minecart with TNT]
[10May2026 14:09:21.663] [Render thread/INFO] [net.minecraft.client.gui.components.ChatComponent/]: [System] [CHAT] [@: Summoned new Minecart with TNT]
[10May2026 14:09:21.691] [Server thread/INFO] [net.minecraft.server.MinecraftServer/]: [@: Summoned new Minecart with TNT]
[10May2026 14:09:21.697] [Render thread/INFO] [net.minecraft.client.gui.components.ChatComponent/]: [System] [CHAT] [@: Summoned new Minecart with TNT]
[10May2026 14:09:21.745] [Server thread/INFO] [net.minecraft.server.MinecraftServer/]: [@: Summoned new Minecart with TNT]
[10May2026 14:09:21.763] [Render thread/INFO] [net.minecraft.client.gui.components.ChatComponent/]: [System] [CHAT] [@: Summoned new Minecart with TNT]
[10May2026 14:09:21.795] [Server thread/INFO] [net.minecraft.server.MinecraftServer/]: [@: Summoned new Minecart with TNT]
[10May2026 14:09:21.814] [Render thread/INFO] [net.minecraft.client.gui.components.ChatComponent/]: [System] [CHAT] [@: Summoned new Minecart with TNT]
[10May2026 14:09:21.853] [Server thread/INFO] [net.minecraft.server.MinecraftServer/]: [@: Summoned new Minecart with TNT]
[10May2026 14:09:21.864] [Render thread/INFO] [net.minecraft.client.gui.components.ChatComponent/]: [System] [CHAT] [@: Summoned new Minecart with TNT]
[10May2026 14:09:21.912] [Server thread/INFO] [net.minecraft.server.MinecraftServer/]: [@: Summoned new Minecart with TNT]
[10May2026 14:09:21.915] [Render thread/INFO] [net.minecraft.client.gui.components.ChatComponent/]: [System] [CHAT] [@: Summoned new Minecart with TNT]
[10May2026 14:09:21.967] [Server thread/INFO] [net.minecraft.server.MinecraftServer/]: [@: Summoned new Minecart with TNT]
[10May2026 14:09:21.980] [Render thread/INFO] [net.minecraft.client.gui.components.ChatComponent/]: [System] [CHAT] [@: Summoned new Minecart with TNT]
[10May2026 14:09:22.013] [Server thread/INFO] [net.minecraft.server.MinecraftServer/]: [@: Summoned new Minecart with TNT]
[10May2026 14:09:22.019] [Render thread/INFO] [net.minecraft.client.gui.components.ChatComponent/]: [System] [CHAT] [@: Summoned new Minecart with TNT]
[10May2026 14:09:22.062] [Server thread/INFO] [net.minecraft.server.MinecraftServer/]: [@: Summoned new Minecart with TNT]
[10May2026 14:09:22.063] [Render thread/INFO] [net.minecraft.client.gui.components.ChatComponent/]: [System] [CHAT] [@: Summoned new Minecart with TNT]
[10May2026 14:09:22.122] [Server thread/INFO] [net.minecraft.server.MinecraftServer/]: [@: Summoned new Minecart with TNT]
[10May2026 14:09:22.147] [Render thread/INFO] [net.minecraft.client.gui.components.ChatComponent/]: [System] [CHAT] [@: Summoned new Minecart with TNT]
[10May2026 14:09:22.180] [Server thread/INFO] [net.minecraft.server.MinecraftServer/]: [@: Summoned new Minecart with TNT]
[10May2026 14:09:22.198] [Render thread/INFO] [net.minecraft.client.gui.components.ChatComponent/]: [System] [CHAT] [@: Summoned new Minecart with TNT]
[10May2026 14:09:22.232] [Server thread/INFO] [net.minecraft.server.MinecraftServer/]: [@: Summoned new Minecart with TNT]
[10May2026 14:09:22.246] [Render thread/INFO] [net.minecraft.client.gui.components.ChatComponent/]: [System] [CHAT] [@: Summoned new Minecart with TNT]
[10May2026 14:09:22.283] [Server thread/INFO] [net.minecraft.server.MinecraftServer/]: [@: Summoned new Minecart with TNT]
[10May2026 14:09:22.284] [Render thread/INFO] [net.minecraft.client.gui.components.ChatComponent/]: [System] [CHAT] [@: Summoned new Minecart with TNT]
[10May2026 14:09:22.335] [Server thread/INFO] [net.minecraft.server.MinecraftServer/]: [@: Summoned new Minecart with TNT]
[10May2026 14:09:22.337] [Render thread/INFO] [net.minecraft.client.gui.components.ChatComponent/]: [System] [CHAT] [@: Summoned new Minecart with TNT]
[10May2026 14:09:22.384] [Server thread/INFO] [net.minecraft.server.MinecraftServer/]: [@: Summoned new Minecart with TNT]
[10May2026 14:09:22.417] [Render thread/INFO] [net.minecraft.client.gui.components.ChatComponent/]: [System] [CHAT] [@: Summoned new Minecart with TNT]
[10May2026 14:09:22.453] [Server thread/INFO] [net.minecraft.server.MinecraftServer/]: [@: Summoned new Minecart with TNT]
[10May2026 14:09:22.454] [Render thread/INFO] [net.minecraft.client.gui.components.ChatComponent/]: [System] [CHAT] [@: Summoned new Minecart with TNT]
[10May2026 14:09:30.807] [Server thread/WARN] [net.minecraft.server.MinecraftServer/]: Can't keep up! Is the server overloaded? Running 2118ms or 42 ticks behind
[10May2026 14:09:39.303] [Render thread/INFO] [net.minecraft.advancements.AdvancementList/]: Loaded 33 advancements
[10May2026 14:09:43.796] [Server thread/INFO] [net.minecraft.client.server.IntegratedServer/]: Saving and pausing game...
[10May2026 14:09:43.810] [Server thread/INFO] [net.minecraft.server.MinecraftServer/]: Saving chunks for level 'ServerLevel[New World]'/minecraft:overworld
[10May2026 14:09:43.865] [Server thread/INFO] [net.minecraft.server.MinecraftServer/]: Saving chunks for level 'ServerLevel[New World]'/minecraft:the_nether
[10May2026 14:09:43.869] [Server thread/INFO] [net.minecraft.server.MinecraftServer/]: Saving chunks for level 'ServerLevel[New World]'/minecraft:the_end
[10May2026 14:09:55.601] [Server thread/INFO] [net.minecraft.server.MinecraftServer/]: [Dev: Summoned new Zombie]
[10May2026 14:09:55.614] [Render thread/INFO] [net.minecraft.client.gui.components.ChatComponent/]: [System] [CHAT] Summoned new Zombie
[10May2026 14:10:19.516] [Server thread/INFO] [net.minecraft.server.MinecraftServer/]: [Dev: Gave 1 [Netherite Sword] to Dev]
[10May2026 14:10:19.517] [Render thread/INFO] [net.minecraft.client.gui.components.ChatComponent/]: [System] [CHAT] Gave 1 [Netherite Sword] to Dev
[10May2026 14:10:24.266] [Server thread/INFO] [net.minecraft.server.MinecraftServer/]: [Dev: Gave 1 [Netherite Sword] to Dev]
[10May2026 14:10:24.268] [Render thread/INFO] [net.minecraft.client.gui.components.ChatComponent/]: [System] [CHAT] Gave 1 [Netherite Sword] to Dev
[10May2026 14:10:26.667] [Server thread/INFO] [net.minecraft.server.MinecraftServer/]: [Dev: Summoned new Zombie]
[10May2026 14:10:26.672] [Render thread/INFO] [net.minecraft.client.gui.components.ChatComponent/]: [System] [CHAT] Summoned new Zombie
[10May2026 14:10:28.960] [Server thread/INFO] [net.minecraft.server.MinecraftServer/]: Dev has made the advancement [Monster Hunter]
[10May2026 14:10:28.975] [Render thread/INFO] [net.minecraft.client.gui.components.ChatComponent/]: [System] [CHAT] Dev has made the advancement [Monster Hunter]
[10May2026 14:10:29.043] [Render thread/INFO] [net.minecraft.advancements.AdvancementList/]: Loaded 64 advancements
[10May2026 14:10:31.240] [Server thread/INFO] [net.minecraft.client.server.IntegratedServer/]: Saving and pausing game...
[10May2026 14:10:31.260] [Server thread/INFO] [net.minecraft.server.MinecraftServer/]: Saving chunks for level 'ServerLevel[New World]'/minecraft:overworld
[10May2026 14:10:31.277] [Server thread/INFO] [net.minecraft.server.MinecraftServer/]: Saving chunks for level 'ServerLevel[New World]'/minecraft:the_nether
[10May2026 14:10:31.280] [Server thread/INFO] [net.minecraft.server.MinecraftServer/]: Saving chunks for level 'ServerLevel[New World]'/minecraft:the_end
[10May2026 14:10:34.650] [Server thread/INFO] [net.minecraft.server.network.ServerGamePacketListenerImpl/]: Dev lost connection: Disconnected
[10May2026 14:10:34.650] [Server thread/INFO] [net.minecraft.server.MinecraftServer/]: Dev left the game
[10May2026 14:10:34.663] [Server thread/INFO] [net.minecraft.server.network.ServerGamePacketListenerImpl/]: Stopping singleplayer server as player logged out
[10May2026 14:10:34.690] [Server thread/INFO] [net.minecraft.server.MinecraftServer/]: Stopping server
[10May2026 14:10:34.690] [Server thread/INFO] [net.minecraft.server.MinecraftServer/]: Saving players
[10May2026 14:10:34.690] [Server thread/INFO] [net.minecraft.server.MinecraftServer/]: Saving worlds
[10May2026 14:10:34.952] [Server thread/INFO] [net.minecraft.server.MinecraftServer/]: Saving chunks for level 'ServerLevel[New World]'/minecraft:overworld
[10May2026 14:10:35.756] [Server thread/INFO] [net.minecraft.server.MinecraftServer/]: Saving chunks for level 'ServerLevel[New World]'/minecraft:the_nether
[10May2026 14:10:35.758] [Server thread/INFO] [net.minecraft.server.MinecraftServer/]: Saving chunks for level 'ServerLevel[New World]'/minecraft:the_end
[10May2026 14:10:35.783] [Server thread/INFO] [net.minecraft.server.MinecraftServer/]: ThreadedAnvilChunkStorage (New World): All chunks are saved
[10May2026 14:10:35.783] [Server thread/INFO] [net.minecraft.server.MinecraftServer/]: ThreadedAnvilChunkStorage (DIM-1): All chunks are saved
[10May2026 14:10:35.783] [Server thread/INFO] [net.minecraft.server.MinecraftServer/]: ThreadedAnvilChunkStorage (DIM1): All chunks are saved
[10May2026 14:10:35.783] [Server thread/INFO] [net.minecraft.server.MinecraftServer/]: ThreadedAnvilChunkStorage: All dimensions are saved
[10May2026 14:10:36.455] [Render thread/INFO] [net.minecraftforge.registries.GameData/REGISTRIES]: Injecting existing registry data into this CLIENT instance
[10May2026 14:10:37.146] [Render thread/INFO] [net.minecraft.world.item.crafting.RecipeManager/]: Loaded 7 recipes
[10May2026 14:10:37.174] [Render thread/INFO] [net.minecraft.advancements.AdvancementList/]: Loaded 1271 advancements
[10May2026 14:10:37.477] [Server thread/INFO] [net.minecraft.client.server.IntegratedServer/]: Starting integrated minecraft server version 1.20.1
[10May2026 14:10:37.477] [Server thread/INFO] [net.minecraft.server.MinecraftServer/]: Generating keypair
[10May2026 14:10:38.312] [Server thread/INFO] [net.minecraft.server.MinecraftServer/]: Preparing start region for dimension minecraft:overworld
[10May2026 14:10:39.481] [Render thread/INFO] [net.minecraft.server.level.progress.LoggerChunkProgressListener/]: Preparing spawn area: 0%
[10May2026 14:10:39.503] [Render thread/INFO] [net.minecraft.server.level.progress.LoggerChunkProgressListener/]: Preparing spawn area: 0%
[10May2026 14:10:39.503] [Render thread/INFO] [net.minecraft.server.level.progress.LoggerChunkProgressListener/]: Preparing spawn area: 0%
[10May2026 14:10:40.061] [Render thread/INFO] [net.minecraft.server.level.progress.LoggerChunkProgressListener/]: Preparing spawn area: 0%
[10May2026 14:10:40.327] [Render thread/INFO] [net.minecraft.server.level.progress.LoggerChunkProgressListener/]: Preparing spawn area: 0%
[10May2026 14:10:40.836] [Render thread/INFO] [net.minecraft.server.level.progress.LoggerChunkProgressListener/]: Preparing spawn area: 13%
[10May2026 14:10:41.332] [Render thread/INFO] [net.minecraft.server.level.progress.LoggerChunkProgressListener/]: Preparing spawn area: 79%
[10May2026 14:10:41.499] [Server thread/INFO] [net.minecraftforge.server.permission.PermissionAPI/]: Successfully initialized permission handler forge:default_handler
[10May2026 14:10:41.512] [Server thread/WARN] [net.minecraft.world.level.entity.PersistentEntitySectionManager/]: UUID of added entity already exists: Axolotl['Axolotl'/8811, l='ServerLevel[New World]', x=-59.33, y=6.10, z=276.82]
[10May2026 14:10:41.515] [Server thread/INFO] [net.minecraft.client.server.IntegratedServer/]: Changing view distance to 12, from 10
[10May2026 14:10:41.516] [Server thread/INFO] [net.minecraft.client.server.IntegratedServer/]: Changing simulation distance to 12, from 0
[10May2026 14:10:41.777] [Render thread/INFO] [net.minecraft.server.level.progress.LoggerChunkProgressListener/]: Time elapsed: 3452 ms
[10May2026 14:10:42.025] [Netty Local Client IO #2/INFO] [net.minecraftforge.network.NetworkHooks/]: Connected to a modded server.
[10May2026 14:10:42.039] [Server thread/INFO] [net.minecraft.server.players.PlayerList/]: Dev[local:E:d6f59f2c] logged in with entity id 8957 at (-111.05237318705835, 72.24568577253427, 227.89868812097458)
[10May2026 14:10:42.061] [Server thread/INFO] [net.minecraft.server.MinecraftServer/]: Dev joined the game
[10May2026 14:10:42.522] [Render thread/INFO] [net.minecraft.advancements.AdvancementList/]: Loaded 13 advancements
[10May2026 14:10:52.149] [Server thread/INFO] [net.minecraft.client.server.IntegratedServer/]: Saving and pausing game...
[10May2026 14:10:52.162] [Server thread/INFO] [net.minecraft.server.MinecraftServer/]: Saving chunks for level 'ServerLevel[New World]'/minecraft:overworld
[10May2026 14:10:52.171] [Server thread/INFO] [net.minecraft.server.MinecraftServer/]: Saving chunks for level 'ServerLevel[New World]'/minecraft:the_nether
[10May2026 14:10:52.173] [Server thread/INFO] [net.minecraft.server.MinecraftServer/]: Saving chunks for level 'ServerLevel[New World]'/minecraft:the_end
[10May2026 14:10:54.850] [Server thread/INFO] [net.minecraft.client.server.IntegratedServer/]: Saving and pausing game...
[10May2026 14:10:54.856] [Server thread/INFO] [net.minecraft.server.MinecraftServer/]: Saving chunks for level 'ServerLevel[New World]'/minecraft:overworld
[10May2026 14:10:54.863] [Server thread/INFO] [net.minecraft.server.MinecraftServer/]: Saving chunks for level 'ServerLevel[New World]'/minecraft:the_nether
[10May2026 14:10:54.865] [Server thread/INFO] [net.minecraft.server.MinecraftServer/]: Saving chunks for level 'ServerLevel[New World]'/minecraft:the_end
[10May2026 14:11:09.284] [Server thread/INFO] [net.minecraft.server.commands.LocateCommand/]: Locating element minecraft:village_plains took 582 ms
[10May2026 14:11:09.296] [Render thread/INFO] [net.minecraft.client.gui.components.ChatComponent/]: [System] [CHAT] The nearest minecraft:village_plains is at [-736, ~, -448] (889 blocks away)
[10May2026 14:11:13.281] [Server thread/INFO] [net.minecraft.server.MinecraftServer/]: [Dev: Teleported Dev to -735.500000, 74.490282, -447.500000]
[10May2026 14:11:13.293] [Render thread/INFO] [net.minecraft.client.gui.components.ChatComponent/]: [System] [CHAT] Teleported Dev to -735.500000, 74.490282, -447.500000
[10May2026 14:11:25.885] [Render thread/INFO] [net.minecraft.client.gui.components.ChatComponent/]: [System] [CHAT] Unknown or incomplete command, see below for error
[10May2026 14:11:25.885] [Render thread/INFO] [net.minecraft.client.gui.components.ChatComponent/]: [System] [CHAT] ...30 ~30 ~30<--[HERE]
[10May2026 14:11:29.049] [Server thread/INFO] [net.minecraft.server.MinecraftServer/]: [Dev: Successfully filled 29791 block(s)]
[10May2026 14:11:29.064] [Render thread/INFO] [net.minecraft.client.gui.components.ChatComponent/]: [System] [CHAT] Successfully filled 29791 block(s)
[10May2026 14:11:41.172] [Server thread/INFO] [net.minecraft.server.MinecraftServer/]: [Dev: Gave 1 [Flint and Steel] to Dev]
[10May2026 14:11:41.173] [Render thread/INFO] [net.minecraft.client.gui.components.ChatComponent/]: [System] [CHAT] Gave 1 [Flint and Steel] to Dev
[10May2026 14:12:02.157] [Server thread/WARN] [net.minecraft.server.MinecraftServer/]: Can't keep up! Is the server overloaded? Running 2158ms or 43 ticks behind
[10May2026 14:12:31.521] [Server thread/INFO] [net.minecraft.client.server.IntegratedServer/]: Saving and pausing game...
[10May2026 14:12:31.540] [Server thread/INFO] [net.minecraft.server.MinecraftServer/]: Saving chunks for level 'ServerLevel[New World]'/minecraft:overworld
[10May2026 14:12:31.730] [Server thread/INFO] [net.minecraft.server.MinecraftServer/]: Saving chunks for level 'ServerLevel[New World]'/minecraft:the_nether
[10May2026 14:12:31.733] [Server thread/INFO] [net.minecraft.server.MinecraftServer/]: Saving chunks for level 'ServerLevel[New World]'/minecraft:the_end
[10May2026 14:12:31.839] [Server thread/WARN] [net.minecraft.server.MinecraftServer/]: Can't keep up! Is the server overloaded? Running 14690ms or 293 ticks behind
[10May2026 14:15:12.404] [Server thread/INFO] [net.minecraft.server.network.ServerGamePacketListenerImpl/]: Dev lost connection: Disconnected
[10May2026 14:15:12.405] [Server thread/INFO] [net.minecraft.server.MinecraftServer/]: Dev left the game
[10May2026 14:15:12.424] [Server thread/INFO] [net.minecraft.server.network.ServerGamePacketListenerImpl/]: Stopping singleplayer server as player logged out
[10May2026 14:15:12.455] [Server thread/INFO] [net.minecraft.server.MinecraftServer/]: Stopping server
[10May2026 14:15:12.456] [Server thread/INFO] [net.minecraft.server.MinecraftServer/]: Saving players
[10May2026 14:15:12.456] [Server thread/INFO] [net.minecraft.server.MinecraftServer/]: Saving worlds
[10May2026 14:15:13.844] [Server thread/INFO] [net.minecraft.server.MinecraftServer/]: Saving chunks for level 'ServerLevel[New World]'/minecraft:overworld
[10May2026 14:15:18.463] [Server thread/INFO] [net.minecraft.server.MinecraftServer/]: Saving chunks for level 'ServerLevel[New World]'/minecraft:the_nether
[10May2026 14:15:18.466] [Server thread/INFO] [net.minecraft.server.MinecraftServer/]: Saving chunks for level 'ServerLevel[New World]'/minecraft:the_end
[10May2026 14:15:18.496] [Server thread/INFO] [net.minecraft.server.MinecraftServer/]: ThreadedAnvilChunkStorage (New World): All chunks are saved
[10May2026 14:15:18.496] [Server thread/INFO] [net.minecraft.server.MinecraftServer/]: ThreadedAnvilChunkStorage (DIM-1): All chunks are saved
[10May2026 14:15:18.496] [Server thread/INFO] [net.minecraft.server.MinecraftServer/]: ThreadedAnvilChunkStorage (DIM1): All chunks are saved
[10May2026 14:15:18.496] [Server thread/INFO] [net.minecraft.server.MinecraftServer/]: ThreadedAnvilChunkStorage: All dimensions are saved
[10May2026 14:15:34.431] [Render thread/INFO] [net.minecraft.client.Minecraft/]: Stopping!
